{"type":"FeatureCollection","name":"Zaragoza · juntas municipales y vecinales","source":"Ayuntamiento de Zaragoza, datos abiertos (https://www.zaragoza.es/sede/servicio/distrito.geojson), licencia CC BY 4.0","features":[{"type":"Feature","properties":{"name":"Actur-Rey Fernando","kind":"municipal","id":1},"geometry":{"type":"Polygon","coordinates":[[[-0.869955,41.693777],[-0.86951,41.693527],[-0.869303,41.693333],[-0.869126,41.693082],[-0.869117,41.6929],[-0.869196,41.692765],[-0.86932,41.692688],[-0.869464,41.692653],[-0.869355,41.692083],[-0.869276,41.691974],[-0.869025,41.69187],[-0.868946,41.691618],[-0.868735,41.69146],[-0.868445,41.691337],[-0.868322,41.691165],[-0.868214,41.691016],[-0.867829,41.690833],[-0.867713,41.690869],[-0.867473,41.69097],[-0.867438,41.691018],[-0.867101,41.691106],[-0.866821,41.69114],[-0.866693,41.691192],[-0.866582,41.69127],[-0.866488,41.69139],[-0.866357,41.691568],[-0.86603,41.691511],[-0.865771,41.691483],[-0.865672,41.691214],[-0.865593,41.691025],[-0.865505,41.690941],[-0.86528,41.690905],[-0.865088,41.690828],[-0.864492,41.690521],[-0.86421,41.690124],[-0.864129,41.689953],[-0.864165,41.689684],[-0.864181,41.689191],[-0.863695,41.68927],[-0.863555,41.688972],[-0.863341,41.688937],[-0.86317,41.688894],[-0.863022,41.6888],[-0.862806,41.688733],[-0.862602,41.68868],[-0.862457,41.688588],[-0.862234,41.688567],[-0.861886,41.688235],[-0.861641,41.688038],[-0.861499,41.688288],[-0.861435,41.688398],[-0.861391,41.688474],[-0.861339,41.688562],[-0.861117,41.688434],[-0.860923,41.688222],[-0.860882,41.688241],[-0.860737,41.688266],[-0.860667,41.688161],[-0.860309,41.688038],[-0.859966,41.687911],[-0.859146,41.687568],[-0.859016,41.687852],[-0.858638,41.68862],[-0.858352,41.689263],[-0.858144,41.689717],[-0.858034,41.689958],[-0.857989,41.690044],[-0.85776,41.690545],[-0.85749,41.69115],[-0.857131,41.691932],[-0.856876,41.692478],[-0.856541,41.693226],[-0.855236,41.692801],[-0.852123,41.691787],[-0.849372,41.690887],[-0.848601,41.690645],[-0.84819,41.690508],[-0.84827,41.690404],[-0.848249,41.69033],[-0.847618,41.689933],[-0.847381,41.689838],[-0.847323,41.689894],[-0.847287,41.68991],[-0.847137,41.689828],[-0.847098,41.689688],[-0.846838,41.689582],[-0.846467,41.689448],[-0.846376,41.689383],[-0.846318,41.689292],[-0.846572,41.689169],[-0.846987,41.688979],[-0.847243,41.68888],[-0.847431,41.688816],[-0.848038,41.688467],[-0.848901,41.68797],[-0.84917,41.687849],[-0.849388,41.687776],[-0.849595,41.687713],[-0.849764,41.687666],[-0.850026,41.687581],[-0.850141,41.687538],[-0.850215,41.687481],[-0.850374,41.687293],[-0.850736,41.686852],[-0.852979,41.682793],[-0.853739,41.678799],[-0.857013,41.679329],[-0.858232,41.679457],[-0.859792,41.679605],[-0.860804,41.679673],[-0.861564,41.679687],[-0.863163,41.679715],[-0.869691,41.679758],[-0.877862,41.679812],[-0.878933,41.678233],[-0.879259,41.677768],[-0.879595,41.677284],[-0.879815,41.676936],[-0.879973,41.676648],[-0.88012,41.676381],[-0.880266,41.676055],[-0.880417,41.675667],[-0.880582,41.675033],[-0.880635,41.674701],[-0.880686,41.674119],[-0.880674,41.673755],[-0.880662,41.673391],[-0.880605,41.673025],[-0.880587,41.672776],[-0.880422,41.671019],[-0.880332,41.670094],[-0.880219,41.668888],[-0.880186,41.668047],[-0.880181,41.667732],[-0.880278,41.666668],[-0.880378,41.666066],[-0.880788,41.6635],[-0.880816,41.663334],[-0.881091,41.661721],[-0.88114,41.661385],[-0.881207,41.660973],[-0.881503,41.65914],[-0.881613,41.658445],[-0.884917,41.658917],[-0.885805,41.659165],[-0.887009,41.659582],[-0.890584,41.661154],[-0.892451,41.662869],[-0.893431,41.663906],[-0.894438,41.664766],[-0.895391,41.665334],[-0.895459,41.665361],[-0.89581,41.665578],[-0.896176,41.665755],[-0.89643,41.66587],[-0.897021,41.666107],[-0.899258,41.666852],[-0.902518,41.667042],[-0.904902,41.666804],[-0.906441,41.66646],[-0.907058,41.66627],[-0.908301,41.66573],[-0.909799,41.665252],[-0.910854,41.664917],[-0.911776,41.664686],[-0.914303,41.664347],[-0.916503,41.664322],[-0.917667,41.664418],[-0.918185,41.664548],[-0.919046,41.664788],[-0.919991,41.66515],[-0.920576,41.665514],[-0.92097,41.665988],[-0.921295,41.666467],[-0.921277,41.667257],[-0.921186,41.667859],[-0.921105,41.668161],[-0.920964,41.668466],[-0.920744,41.668863],[-0.920514,41.669244],[-0.919963,41.669969],[-0.919343,41.670487],[-0.918674,41.671001],[-0.917968,41.671456],[-0.917584,41.671723],[-0.916642,41.672121],[-0.915386,41.672637],[-0.912486,41.673275],[-0.911135,41.673537],[-0.909499,41.673938],[-0.908539,41.674216],[-0.907396,41.674576],[-0.906382,41.675001],[-0.904934,41.675545],[-0.904276,41.675762],[-0.903661,41.676021],[-0.903121,41.676479],[-0.902444,41.677131],[-0.901808,41.678049],[-0.901009,41.679446],[-0.90048,41.680534],[-0.900269,41.682342],[-0.900413,41.683505],[-0.901051,41.68514],[-0.901956,41.686389],[-0.901975,41.686415],[-0.900718,41.686859],[-0.900576,41.686861],[-0.90047,41.686844],[-0.90033,41.686819],[-0.900221,41.686799],[-0.90006,41.686793],[-0.899892,41.686787],[-0.899711,41.686782],[-0.899521,41.686763],[-0.899373,41.686778],[-0.899182,41.686823],[-0.899049,41.686845],[-0.898918,41.68688],[-0.898764,41.686897],[-0.898621,41.686899],[-0.898559,41.6869],[-0.898364,41.686885],[-0.897959,41.686834],[-0.897772,41.686803],[-0.897575,41.686796],[-0.89737,41.686825],[-0.897184,41.686814],[-0.897001,41.686799],[-0.896818,41.686773],[-0.896599,41.68671],[-0.896574,41.686741],[-0.896502,41.686813],[-0.896354,41.686884],[-0.896181,41.686947],[-0.896048,41.687015],[-0.895906,41.6871],[-0.895744,41.687158],[-0.895646,41.687204],[-0.895599,41.687237],[-0.895498,41.687323],[-0.895403,41.687429],[-0.895405,41.687549],[-0.895399,41.687729],[-0.895365,41.687835],[-0.895311,41.687902],[-0.89524,41.687993],[-0.89517,41.688074],[-0.895059,41.688193],[-0.894957,41.688293],[-0.894849,41.688385],[-0.894722,41.688476],[-0.894608,41.688567],[-0.89445,41.688649],[-0.893942,41.688412],[-0.893824,41.688429],[-0.89367,41.688444],[-0.893484,41.688481],[-0.893324,41.688538],[-0.893113,41.688618],[-0.892959,41.68861],[-0.892918,41.688548],[-0.892881,41.688473],[-0.892822,41.688397],[-0.892756,41.688328],[-0.892665,41.688267],[-0.892469,41.688164],[-0.892338,41.688116],[-0.892243,41.688067],[-0.892118,41.688015],[-0.891971,41.687974],[-0.891666,41.687882],[-0.891556,41.687835],[-0.891349,41.687754],[-0.891212,41.687718],[-0.891015,41.68767],[-0.890765,41.687603],[-0.890644,41.687554],[-0.890521,41.687523],[-0.890397,41.687516],[-0.890358,41.687516],[-0.890268,41.687515],[-0.889757,41.688826],[-0.889518,41.689717],[-0.88944,41.689839],[-0.88936,41.689877],[-0.888842,41.689951],[-0.888312,41.690036],[-0.888081,41.690064],[-0.887711,41.690134],[-0.887598,41.690154],[-0.887494,41.690172],[-0.887194,41.69024],[-0.886957,41.690311],[-0.886732,41.690404],[-0.886568,41.690472],[-0.886446,41.690517],[-0.886244,41.690558],[-0.885957,41.690587],[-0.885543,41.690547],[-0.885041,41.690474],[-0.884933,41.690452],[-0.884794,41.690419],[-0.884647,41.690354],[-0.884368,41.690221],[-0.884067,41.690081],[-0.883756,41.68999],[-0.88354,41.689948],[-0.883193,41.689923],[-0.882949,41.689927],[-0.882663,41.689925],[-0.882485,41.68994],[-0.882259,41.689972],[-0.881941,41.690025],[-0.881797,41.690057],[-0.88159,41.690112],[-0.881164,41.690242],[-0.881034,41.690268],[-0.880867,41.6903],[-0.880694,41.690327],[-0.880534,41.690338],[-0.880444,41.690352],[-0.880385,41.690346],[-0.880279,41.690379],[-0.880074,41.690467],[-0.879946,41.690505],[-0.87987,41.690519],[-0.879785,41.690527],[-0.879705,41.690529],[-0.879415,41.690546],[-0.879006,41.690567],[-0.878375,41.690576],[-0.878177,41.690593],[-0.878042,41.690618],[-0.877861,41.69066],[-0.877735,41.690686],[-0.877616,41.690697],[-0.877492,41.690714],[-0.87733,41.690735],[-0.877174,41.690744],[-0.876953,41.690772],[-0.876807,41.690787],[-0.876655,41.690833],[-0.876516,41.690919],[-0.876186,41.691094],[-0.875958,41.691204],[-0.875806,41.691272],[-0.875655,41.691321],[-0.875492,41.69138],[-0.875357,41.691447],[-0.875064,41.691561],[-0.874972,41.691595],[-0.874939,41.691605],[-0.874799,41.69164],[-0.874644,41.691684],[-0.874382,41.691737],[-0.874226,41.691765],[-0.87392,41.691833],[-0.873728,41.691879],[-0.873585,41.691917],[-0.873466,41.691981],[-0.8734,41.69204],[-0.873356,41.692123],[-0.873333,41.692201],[-0.873338,41.692274],[-0.873307,41.692297],[-0.873266,41.692338],[-0.873199,41.692418],[-0.87315,41.692495],[-0.873102,41.692563],[-0.872528,41.692213],[-0.872058,41.691908],[-0.871964,41.691849],[-0.871821,41.691803],[-0.871294,41.691736],[-0.870611,41.691664],[-0.870411,41.692581],[-0.870148,41.693799],[-0.869955,41.693777]]]}},{"type":"Feature","properties":{"name":"Casablanca","kind":"municipal","id":12},"geometry":{"type":"Polygon","coordinates":[[[-0.914232,41.640016],[-0.914171,41.639875],[-0.914029,41.639538],[-0.91394,41.639327],[-0.91379,41.639045],[-0.913532,41.638472],[-0.91297,41.637175],[-0.912807,41.636804],[-0.912583,41.63638],[-0.912462,41.636242],[-0.912339,41.636065],[-0.912189,41.6359],[-0.912047,41.635769],[-0.911879,41.63561],[-0.911652,41.635445],[-0.911442,41.635292],[-0.911146,41.635112],[-0.910772,41.634944],[-0.909907,41.63454],[-0.909001,41.634126],[-0.907992,41.633664],[-0.907365,41.633354],[-0.906694,41.633008],[-0.906184,41.632752],[-0.905704,41.632602],[-0.905187,41.63247],[-0.904773,41.63206],[-0.904496,41.631898],[-0.904324,41.631797],[-0.904073,41.631677],[-0.903505,41.631419],[-0.90331,41.631331],[-0.902954,41.63117],[-0.902498,41.630955],[-0.902071,41.630754],[-0.901846,41.630638],[-0.901603,41.630519],[-0.901167,41.630292],[-0.900905,41.630156],[-0.900809,41.630105],[-0.900469,41.629928],[-0.900149,41.629759],[-0.90001,41.629685],[-0.899675,41.629508],[-0.899392,41.629359],[-0.899108,41.629211],[-0.89874,41.629016],[-0.898439,41.628851],[-0.898353,41.628801],[-0.898202,41.628709],[-0.898057,41.628606],[-0.897947,41.628519],[-0.897892,41.628474],[-0.897827,41.628414],[-0.897702,41.62829],[-0.897674,41.628273],[-0.89791,41.627812],[-0.898106,41.627151],[-0.898293,41.626758],[-0.898677,41.626391],[-0.899523,41.625685],[-0.900509,41.624848],[-0.900748,41.624535],[-0.900977,41.624225],[-0.901309,41.623707],[-0.901555,41.623349],[-0.90172,41.623161],[-0.9021,41.622872],[-0.902904,41.622349],[-0.903352,41.622046],[-0.903645,41.621865],[-0.903938,41.62176],[-0.904195,41.621737],[-0.904393,41.621744],[-0.904484,41.62179],[-0.904579,41.621173],[-0.90459,41.621125],[-0.904605,41.621086],[-0.904626,41.621048],[-0.904636,41.621031],[-0.90465,41.621013],[-0.904663,41.620998],[-0.904679,41.620983],[-0.904695,41.620969],[-0.904717,41.620953],[-0.904737,41.62094],[-0.904758,41.620928],[-0.904777,41.620919],[-0.904796,41.620911],[-0.904822,41.6209],[-0.904898,41.620871],[-0.90497,41.620847],[-0.905022,41.620831],[-0.905053,41.620822],[-0.905082,41.620814],[-0.905117,41.620805],[-0.905149,41.620798],[-0.905192,41.620789],[-0.905247,41.620778],[-0.905284,41.620769],[-0.905319,41.62076],[-0.905351,41.620751],[-0.905381,41.620741],[-0.905414,41.620729],[-0.905454,41.620714],[-0.905483,41.620702],[-0.90552,41.620687],[-0.905565,41.620667],[-0.905603,41.62065],[-0.905627,41.620637],[-0.905662,41.62062],[-0.905708,41.620596],[-0.905724,41.620586],[-0.905743,41.620573],[-0.905765,41.620556],[-0.905788,41.620536],[-0.905913,41.620427],[-0.90639,41.620095],[-0.90665,41.619914],[-0.906561,41.619782],[-0.906547,41.619705],[-0.906541,41.619664],[-0.90654,41.619613],[-0.906544,41.619552],[-0.906555,41.61951],[-0.906605,41.619382],[-0.90663,41.619308],[-0.906647,41.619229],[-0.906653,41.619189],[-0.906655,41.619137],[-0.906658,41.619042],[-0.906659,41.619011],[-0.906653,41.618956],[-0.906628,41.618881],[-0.906596,41.61884],[-0.906558,41.618801],[-0.906503,41.618755],[-0.906427,41.618691],[-0.906336,41.618622],[-0.906253,41.618562],[-0.906189,41.618518],[-0.906151,41.618488],[-0.906114,41.618456],[-0.906076,41.618418],[-0.906039,41.618374],[-0.905984,41.618303],[-0.905937,41.61824],[-0.905886,41.618166],[-0.905858,41.618104],[-0.905785,41.617942],[-0.905755,41.617842],[-0.905667,41.617526],[-0.905594,41.617143],[-0.90555,41.616933],[-0.905538,41.616828],[-0.905556,41.616753],[-0.905591,41.61668],[-0.905645,41.616615],[-0.905734,41.616571],[-0.905834,41.616544],[-0.906014,41.616519],[-0.906126,41.616532],[-0.906246,41.616562],[-0.906465,41.616625],[-0.906724,41.616709],[-0.90694,41.616728],[-0.907169,41.616706],[-0.90726,41.61669],[-0.90737,41.616653],[-0.907452,41.616617],[-0.907519,41.616569],[-0.907547,41.616537],[-0.907627,41.616464],[-0.907706,41.616383],[-0.907851,41.616258],[-0.908044,41.616118],[-0.908186,41.616027],[-0.908417,41.615875],[-0.908583,41.615791],[-0.908691,41.615736],[-0.908777,41.615682],[-0.908833,41.615638],[-0.908926,41.615491],[-0.908977,41.615397],[-0.909035,41.615328],[-0.909125,41.615226],[-0.90922,41.615131],[-0.909368,41.614994],[-0.909495,41.61486],[-0.909522,41.614825],[-0.909555,41.614785],[-0.909589,41.614752],[-0.90964,41.614718],[-0.90968,41.614694],[-0.909736,41.614668],[-0.909789,41.61465],[-0.909845,41.61463],[-0.909906,41.614606],[-0.909936,41.614591],[-0.909995,41.61456],[-0.910029,41.614538],[-0.910076,41.614503],[-0.910121,41.614466],[-0.910171,41.614424],[-0.910209,41.614391],[-0.910259,41.614343],[-0.910305,41.614297],[-0.910354,41.614247],[-0.910451,41.614166],[-0.910515,41.614112],[-0.910556,41.614081],[-0.910606,41.614048],[-0.910653,41.61402],[-0.910706,41.613993],[-0.91076,41.613965],[-0.910835,41.613927],[-0.910887,41.613899],[-0.910944,41.613863],[-0.910994,41.613831],[-0.911035,41.613803],[-0.911096,41.613759],[-0.911265,41.613644],[-0.911512,41.613452],[-0.911779,41.613267],[-0.911951,41.61313],[-0.91205,41.61304],[-0.912112,41.612952],[-0.912128,41.612855],[-0.91212,41.61281],[-0.912075,41.612613],[-0.911751,41.612378],[-0.911629,41.612259],[-0.911606,41.612162],[-0.911621,41.612097],[-0.911681,41.612019],[-0.911813,41.611955],[-0.911909,41.611938],[-0.912075,41.611949],[-0.912328,41.612004],[-0.912598,41.61204],[-0.912788,41.612035],[-0.913067,41.611962],[-0.913297,41.611858],[-0.913523,41.611726],[-0.913953,41.611498],[-0.914458,41.611155],[-0.914642,41.611029],[-0.914743,41.610908],[-0.914839,41.610713],[-0.91494,41.610589],[-0.915138,41.610412],[-0.915238,41.610331],[-0.915464,41.610185],[-0.915736,41.610046],[-0.915888,41.609958],[-0.916067,41.609833],[-0.916379,41.609588],[-0.916907,41.609144],[-0.917391,41.608778],[-0.918023,41.608301],[-0.918392,41.607997],[-0.918668,41.607724],[-0.918808,41.607621],[-0.919055,41.607531],[-0.919238,41.607451],[-0.919416,41.607326],[-0.919539,41.607208],[-0.919712,41.607015],[-0.920063,41.60661],[-0.920268,41.6064],[-0.92071,41.606022],[-0.920887,41.605844],[-0.921011,41.605692],[-0.92115,41.605522],[-0.921391,41.605228],[-0.921603,41.604928],[-0.921878,41.604541],[-0.922319,41.603895],[-0.922641,41.603426],[-0.922673,41.603342],[-0.922843,41.602606],[-0.922936,41.602329],[-0.922982,41.602217],[-0.923053,41.602056],[-0.923164,41.601968],[-0.92348,41.601659],[-0.923666,41.601469],[-0.924053,41.601196],[-0.924228,41.601069],[-0.92447,41.600893],[-0.924646,41.601018],[-0.924735,41.601078],[-0.925087,41.601301],[-0.925371,41.601423],[-0.925773,41.60161],[-0.926342,41.601846],[-0.92655,41.601985],[-0.926646,41.602099],[-0.92678,41.602214],[-0.927049,41.602417],[-0.927202,41.602532],[-0.927258,41.602637],[-0.927294,41.602822],[-0.927438,41.603036],[-0.927609,41.603292],[-0.927703,41.603365],[-0.927662,41.603441],[-0.927151,41.603729],[-0.92684,41.603512],[-0.926534,41.603326],[-0.926437,41.603379],[-0.926396,41.603405],[-0.926363,41.603427],[-0.926397,41.603502],[-0.926458,41.603636],[-0.926742,41.60415],[-0.927169,41.604297],[-0.927203,41.604464],[-0.927252,41.604704],[-0.927306,41.604717],[-0.92755,41.604777],[-0.927824,41.604677],[-0.928114,41.604571],[-0.928359,41.604506],[-0.928417,41.604491],[-0.928525,41.604455],[-0.928611,41.604427],[-0.928631,41.604394],[-0.928782,41.604155],[-0.928906,41.603937],[-0.928999,41.603736],[-0.928981,41.603665],[-0.928946,41.603532],[-0.928664,41.603158],[-0.928307,41.602858],[-0.927905,41.602504],[-0.927537,41.602169],[-0.927339,41.60199],[-0.927283,41.601867],[-0.927507,41.601761],[-0.927779,41.601632],[-0.927923,41.601564],[-0.928348,41.601397],[-0.928669,41.601248],[-0.928762,41.601205],[-0.928862,41.601094],[-0.929044,41.600836],[-0.929267,41.600629],[-0.929446,41.60047],[-0.929759,41.60025],[-0.930022,41.600084],[-0.930283,41.599985],[-0.930808,41.599904],[-0.931229,41.599871],[-0.931692,41.599839],[-0.932125,41.599802],[-0.932312,41.599756],[-0.932421,41.599726],[-0.932514,41.599687],[-0.932789,41.599674],[-0.933062,41.599751],[-0.933114,41.599774],[-0.933386,41.599891],[-0.933453,41.59992],[-0.933649,41.599996],[-0.933739,41.599973],[-0.933897,41.599933],[-0.934051,41.599805],[-0.934182,41.59965],[-0.934282,41.599314],[-0.934439,41.598929],[-0.934616,41.598644],[-0.934804,41.598382],[-0.93495,41.598137],[-0.935073,41.59804],[-0.935192,41.59806],[-0.935139,41.598235],[-0.935108,41.598433],[-0.935112,41.598523],[-0.935066,41.598824],[-0.935014,41.599142],[-0.934918,41.599506],[-0.934876,41.599874],[-0.934468,41.600263],[-0.933966,41.600592],[-0.933958,41.60065],[-0.93391,41.600636],[-0.93364,41.600631],[-0.933411,41.600658],[-0.932992,41.600835],[-0.932684,41.600893],[-0.9326,41.600905],[-0.932386,41.601027],[-0.932165,41.601167],[-0.932068,41.601215],[-0.931953,41.601226],[-0.931802,41.601264],[-0.931554,41.601332],[-0.93136,41.601396],[-0.930911,41.601536],[-0.930652,41.601586],[-0.930425,41.60155],[-0.930233,41.601551],[-0.930185,41.601568],[-0.930073,41.60185],[-0.930156,41.602077],[-0.930342,41.602256],[-0.930467,41.602294],[-0.930804,41.602277],[-0.930979,41.602429],[-0.931162,41.602698],[-0.931112,41.60295],[-0.930908,41.603144],[-0.930468,41.603204],[-0.930314,41.603156],[-0.930319,41.603192],[-0.930377,41.603234],[-0.930362,41.603332],[-0.930282,41.603389],[-0.930139,41.603549],[-0.929991,41.603663],[-0.929961,41.60369],[-0.929742,41.604224],[-0.929687,41.604356],[-0.929598,41.604512],[-0.929002,41.605132],[-0.928904,41.60522],[-0.928769,41.605312],[-0.928431,41.605378],[-0.927751,41.605064],[-0.9277,41.604964],[-0.927666,41.604891],[-0.927472,41.604942],[-0.927296,41.604831],[-0.927197,41.604753],[-0.927148,41.604715],[-0.926552,41.604651],[-0.926156,41.605184],[-0.926205,41.605189],[-0.926311,41.605601],[-0.926343,41.605741],[-0.926401,41.605895],[-0.926481,41.606019],[-0.9265,41.606037],[-0.926711,41.606225],[-0.926744,41.606266],[-0.926764,41.606292],[-0.926798,41.606334],[-0.926899,41.606373],[-0.926956,41.606386],[-0.927107,41.606421],[-0.927298,41.606465],[-0.92738,41.606497],[-0.927376,41.606517],[-0.927367,41.606554],[-0.927345,41.606669],[-0.927348,41.606763],[-0.927306,41.606938],[-0.927158,41.607089],[-0.927045,41.607222],[-0.927024,41.607339],[-0.927159,41.607602],[-0.927228,41.607703],[-0.927194,41.608022],[-0.927217,41.608049],[-0.927525,41.608541],[-0.927663,41.608719],[-0.927668,41.608773],[-0.927731,41.609045],[-0.927832,41.609272],[-0.927891,41.609298],[-0.928127,41.609412],[-0.929556,41.608082],[-0.92987,41.607776],[-0.930454,41.607207],[-0.93161,41.606101],[-0.93171,41.606005],[-0.932057,41.605673],[-0.93332,41.60443],[-0.933711,41.604046],[-0.934189,41.603541],[-0.935015,41.602669],[-0.935729,41.601913],[-0.93607,41.601552],[-0.93622,41.601393],[-0.936492,41.601062],[-0.936669,41.600847],[-0.936935,41.600222],[-0.937197,41.599168],[-0.9375,41.598115],[-0.937576,41.597937],[-0.937592,41.597901],[-0.937612,41.597855],[-0.937727,41.597584],[-0.938144,41.597127],[-0.938929,41.596403],[-0.93967,41.595732],[-0.93991,41.595517],[-0.940232,41.595228],[-0.940961,41.59457],[-0.941579,41.594005],[-0.942018,41.593585],[-0.942531,41.593121],[-0.943048,41.592698],[-0.943735,41.592049],[-0.944291,41.591545],[-0.94473,41.59113],[-0.945148,41.590804],[-0.951223,41.585549],[-0.953165,41.583508],[-0.953264,41.583411],[-0.953432,41.583211],[-0.953925,41.582625],[-0.954352,41.582201],[-0.954621,41.581868],[-0.955332,41.581007],[-0.955763,41.580465],[-0.956506,41.579537],[-0.956214,41.57927],[-0.955971,41.579167],[-0.955717,41.579054],[-0.955664,41.579031],[-0.955516,41.57897],[-0.955457,41.578942],[-0.955196,41.578829],[-0.954853,41.578674],[-0.954711,41.578613],[-0.954646,41.57859],[-0.954458,41.578483],[-0.954316,41.578417],[-0.954262,41.578398],[-0.953738,41.578119],[-0.953332,41.57803],[-0.952217,41.578037],[-0.951889,41.577793],[-0.951178,41.577884],[-0.950567,41.578224],[-0.949824,41.578035],[-0.949747,41.578011],[-0.949211,41.577876],[-0.949007,41.577872],[-0.949705,41.57724],[-0.949761,41.577187],[-0.950717,41.576239],[-0.950962,41.575996],[-0.951148,41.575812],[-0.951202,41.575758],[-0.95124,41.575721],[-0.951309,41.575652],[-0.951397,41.57557],[-0.951686,41.575299],[-0.951757,41.575326],[-0.95179,41.575338],[-0.953458,41.575961],[-0.953161,41.576269],[-0.953097,41.576336],[-0.952968,41.57647],[-0.95289,41.576552],[-0.952839,41.576606],[-0.95239,41.577077],[-0.952274,41.577199],[-0.951864,41.57763],[-0.95202,41.577611],[-0.95214,41.577608],[-0.952385,41.577635],[-0.953861,41.577815],[-0.954919,41.577932],[-0.955331,41.578003],[-0.955467,41.578059],[-0.955585,41.578106],[-0.956121,41.578026],[-0.957822,41.577908],[-0.959291,41.576029],[-0.960024,41.575056],[-0.960163,41.574806],[-0.960317,41.574502],[-0.960848,41.573255],[-0.961221,41.572456],[-0.961803,41.571097],[-0.962236,41.57011],[-0.962409,41.569757],[-0.962653,41.56927],[-0.962791,41.569057],[-0.962973,41.568817],[-0.963143,41.568563],[-0.963776,41.567683],[-0.964415,41.566816],[-0.964815,41.566283],[-0.965172,41.565812],[-0.965495,41.565461],[-0.965712,41.565227],[-0.966122,41.564788],[-0.966531,41.564383],[-0.966984,41.563935],[-0.967378,41.563545],[-0.967652,41.563225],[-0.968587,41.562269],[-0.969442,41.561393],[-0.970334,41.560499],[-0.971171,41.559654],[-0.97169,41.559131],[-0.971973,41.558854],[-0.972654,41.558189],[-0.972866,41.557945],[-0.973097,41.557657],[-0.973273,41.55738],[-0.973457,41.557059],[-0.973723,41.556627],[-0.974311,41.555633],[-0.974512,41.555314],[-0.974608,41.555161],[-0.974981,41.554551],[-0.975159,41.554207],[-0.975185,41.554158],[-0.975248,41.554047],[-0.975375,41.553824],[-0.975451,41.55369],[-0.976439,41.552005],[-0.976643,41.55163],[-0.976737,41.551479],[-0.977061,41.551102],[-0.977319,41.550908],[-0.977472,41.550794],[-0.979066,41.549845],[-0.980594,41.54893],[-0.981425,41.548423],[-0.981623,41.548408],[-0.982158,41.548359],[-0.982217,41.548392],[-0.983464,41.548972],[-0.984652,41.549511],[-0.984741,41.549553],[-0.98571,41.549998],[-0.986898,41.550527],[-0.988819,41.55143],[-0.990863,41.552407],[-0.990943,41.552447],[-0.990685,41.552633],[-0.98977,41.553251],[-0.987411,41.55441],[-0.98499,41.555154],[-0.981832,41.555714],[-0.979325,41.556113],[-0.976809,41.556855],[-0.975244,41.557585],[-0.97346,41.55864],[-0.971839,41.559927],[-0.970048,41.561812],[-0.967485,41.564626],[-0.965432,41.566949],[-0.964486,41.567976],[-0.963742,41.569235],[-0.962939,41.570536],[-0.962349,41.571741],[-0.961965,41.573064],[-0.961358,41.574812],[-0.960519,41.576656],[-0.959518,41.578197],[-0.95627,41.582772],[-0.953359,41.586309],[-0.952034,41.587558],[-0.953109,41.588206],[-0.953958,41.588743],[-0.95431,41.589056],[-0.954392,41.589179],[-0.954269,41.589442],[-0.954186,41.589676],[-0.954489,41.590025],[-0.95465,41.590371],[-0.954177,41.590563],[-0.953889,41.590622],[-0.953095,41.59045],[-0.952232,41.590328],[-0.951798,41.590198],[-0.951591,41.59013],[-0.951296,41.590111],[-0.950806,41.590245],[-0.950366,41.590309],[-0.949544,41.59103],[-0.948239,41.592222],[-0.949091,41.592688],[-0.951066,41.593781],[-0.951463,41.59416],[-0.951931,41.594719],[-0.952815,41.595371],[-0.953738,41.596017],[-0.951528,41.598129],[-0.950782,41.59793],[-0.949509,41.597535],[-0.948907,41.597282],[-0.948481,41.596917],[-0.948146,41.596668],[-0.947779,41.596532],[-0.947024,41.596319],[-0.9457,41.595702],[-0.945401,41.595539],[-0.945059,41.595812],[-0.944697,41.596113],[-0.944365,41.596364],[-0.945646,41.597123],[-0.947853,41.598407],[-0.947763,41.598519],[-0.947501,41.598679],[-0.94722,41.598831],[-0.946936,41.599091],[-0.946611,41.599407],[-0.946298,41.59968],[-0.94602,41.60004],[-0.945664,41.600434],[-0.945401,41.600643],[-0.945099,41.600838],[-0.944952,41.600986],[-0.944822,41.601176],[-0.944663,41.601367],[-0.944536,41.601493],[-0.94442,41.601527],[-0.944278,41.60151],[-0.944156,41.60145],[-0.943755,41.601179],[-0.943559,41.601061],[-0.943437,41.601009],[-0.943342,41.600993],[-0.943179,41.601025],[-0.942968,41.601079],[-0.942806,41.601083],[-0.94257,41.600993],[-0.942187,41.600765],[-0.941673,41.600448],[-0.941542,41.600388],[-0.941419,41.600372],[-0.94119,41.600361],[-0.940828,41.600383],[-0.940685,41.600394],[-0.940533,41.60037],[-0.940412,41.600268],[-0.940291,41.60018],[-0.939916,41.599995],[-0.939484,41.599801],[-0.938621,41.599407],[-0.937939,41.600488],[-0.937247,41.601877],[-0.936846,41.602785],[-0.936623,41.60351],[-0.935445,41.607285],[-0.934579,41.609672],[-0.934256,41.610131],[-0.933322,41.61106],[-0.932558,41.611582],[-0.931406,41.612022],[-0.930449,41.612273],[-0.929667,41.612317],[-0.928608,41.612265],[-0.927223,41.611989],[-0.925916,41.611664],[-0.925222,41.612078],[-0.92419,41.612604],[-0.9232,41.613189],[-0.922078,41.61409],[-0.92049,41.615593],[-0.919527,41.616715],[-0.91864,41.617603],[-0.917394,41.618853],[-0.915958,41.620142],[-0.914354,41.621428],[-0.912821,41.622795],[-0.913353,41.623111],[-0.913933,41.62345],[-0.914954,41.62399],[-0.916096,41.624619],[-0.917707,41.625492],[-0.918119,41.625721],[-0.919908,41.626682],[-0.92161,41.627664],[-0.922316,41.628234],[-0.923027,41.628934],[-0.923598,41.629544],[-0.923871,41.629943],[-0.924186,41.630534],[-0.924374,41.631217],[-0.924406,41.632004],[-0.924327,41.632961],[-0.924183,41.63388],[-0.924039,41.634521],[-0.92396,41.634843],[-0.923912,41.634996],[-0.923791,41.635296],[-0.923627,41.635661],[-0.923343,41.636147],[-0.923083,41.636515],[-0.922959,41.636662],[-0.922742,41.636919],[-0.922294,41.637368],[-0.921759,41.63781],[-0.921292,41.638134],[-0.920763,41.638448],[-0.920197,41.638736],[-0.919767,41.638919],[-0.919362,41.63908],[-0.919032,41.639194],[-0.918689,41.639287],[-0.918619,41.639304],[-0.918203,41.639403],[-0.917308,41.639597],[-0.916966,41.639683],[-0.91581,41.639935],[-0.915174,41.64005],[-0.9145,41.640362],[-0.914376,41.640402],[-0.914232,41.640016]]]}},{"type":"Feature","properties":{"name":"Casco Histórico","kind":"municipal","id":3},"geometry":{"type":"Polygon","coordinates":[[[-0.887009,41.659582],[-0.885805,41.659165],[-0.884917,41.658917],[-0.881613,41.658445],[-0.880677,41.65833],[-0.877902,41.657989],[-0.875584,41.657216],[-0.875412,41.657151],[-0.871898,41.655816],[-0.870861,41.655486],[-0.866771,41.654247],[-0.864695,41.653618],[-0.862332,41.652904],[-0.86276,41.652284],[-0.86314,41.651709],[-0.86321,41.651604],[-0.863608,41.651012],[-0.863698,41.650876],[-0.863961,41.650478],[-0.864221,41.650096],[-0.864265,41.650036],[-0.864376,41.649887],[-0.864544,41.649715],[-0.864697,41.649575],[-0.864946,41.649397],[-0.865486,41.649113],[-0.8661,41.648923],[-0.866634,41.6488],[-0.866843,41.648752],[-0.867858,41.648521],[-0.869334,41.648119],[-0.870247,41.647871],[-0.87114,41.64768],[-0.872167,41.647274],[-0.873106,41.646904],[-0.874965,41.647878],[-0.875329,41.648069],[-0.875664,41.648571],[-0.875688,41.648607],[-0.875731,41.648672],[-0.876169,41.649328],[-0.876191,41.649682],[-0.876245,41.650567],[-0.876511,41.650655],[-0.879092,41.651515],[-0.879437,41.651663],[-0.880162,41.651974],[-0.880809,41.652282],[-0.881323,41.65259],[-0.882172,41.653014],[-0.882576,41.653216],[-0.883507,41.653737],[-0.883904,41.653959],[-0.884173,41.654037],[-0.88434,41.653611],[-0.884533,41.653122],[-0.884803,41.652436],[-0.886185,41.651141],[-0.886932,41.65045],[-0.887712,41.649729],[-0.888887,41.650343],[-0.889691,41.650763],[-0.889946,41.650896],[-0.891043,41.651469],[-0.891693,41.65223],[-0.8934,41.654227],[-0.893603,41.654837],[-0.893774,41.655738],[-0.893763,41.656079],[-0.893754,41.656126],[-0.893654,41.656632],[-0.893525,41.657047],[-0.893398,41.657331],[-0.89329,41.657543],[-0.893177,41.657765],[-0.892952,41.658199],[-0.892756,41.658572],[-0.892589,41.658769],[-0.892395,41.659197],[-0.892167,41.659569],[-0.890584,41.661154],[-0.887009,41.659582]]]}},{"type":"Feature","properties":{"name":"Centro","kind":"municipal","id":4},"geometry":{"type":"Polygon","coordinates":[[[-0.891693,41.65223],[-0.891043,41.651469],[-0.889946,41.650896],[-0.889691,41.650763],[-0.888887,41.650343],[-0.887712,41.649729],[-0.886932,41.65045],[-0.886185,41.651141],[-0.884803,41.652436],[-0.884533,41.653122],[-0.88434,41.653611],[-0.884173,41.654037],[-0.883904,41.653959],[-0.883507,41.653737],[-0.882576,41.653216],[-0.882172,41.653014],[-0.881323,41.65259],[-0.880809,41.652282],[-0.880162,41.651974],[-0.879437,41.651663],[-0.879092,41.651515],[-0.876511,41.650655],[-0.876245,41.650567],[-0.876191,41.649682],[-0.876169,41.649328],[-0.875731,41.648672],[-0.875688,41.648607],[-0.875664,41.648571],[-0.875329,41.648069],[-0.874965,41.647878],[-0.873106,41.646904],[-0.874304,41.646392],[-0.874864,41.646135],[-0.875689,41.645757],[-0.876707,41.64529],[-0.877521,41.64486],[-0.876376,41.643346],[-0.87572,41.642478],[-0.875522,41.642216],[-0.874141,41.640389],[-0.873851,41.640006],[-0.875668,41.638578],[-0.87623,41.638136],[-0.877028,41.63751],[-0.878026,41.638023],[-0.87924,41.638648],[-0.880735,41.639417],[-0.880801,41.639451],[-0.882312,41.640229],[-0.883916,41.641054],[-0.884183,41.640888],[-0.884766,41.640524],[-0.886544,41.639847],[-0.886595,41.639986],[-0.886234,41.642313],[-0.887539,41.642706],[-0.888355,41.642943],[-0.890199,41.643457],[-0.890935,41.643712],[-0.891475,41.643984],[-0.891951,41.644219],[-0.892619,41.644693],[-0.892896,41.64489],[-0.893331,41.645558],[-0.893649,41.646299],[-0.893659,41.64638],[-0.893675,41.6465],[-0.89382,41.647587],[-0.893833,41.647678],[-0.893745,41.648714],[-0.89384,41.649389],[-0.893854,41.649644],[-0.893871,41.649976],[-0.893745,41.650963],[-0.893606,41.651957],[-0.893471,41.653696],[-0.8934,41.654227],[-0.891693,41.65223]]]}},{"type":"Feature","properties":{"name":"Delicias","kind":"municipal","id":5},"geometry":{"type":"Polygon","coordinates":[[[-0.918861,41.658663],[-0.917541,41.658231],[-0.91487,41.657509],[-0.910103,41.655973],[-0.908645,41.65562],[-0.901789,41.65474],[-0.900268,41.654651],[-0.898019,41.655247],[-0.897517,41.65542],[-0.896553,41.65559],[-0.896087,41.655664],[-0.895707,41.655726],[-0.895217,41.655806],[-0.895054,41.655821],[-0.894689,41.655862],[-0.894435,41.655899],[-0.894217,41.655932],[-0.894083,41.655965],[-0.893993,41.656001],[-0.893917,41.656037],[-0.893835,41.65606],[-0.893763,41.656079],[-0.893774,41.655738],[-0.893603,41.654837],[-0.8934,41.654227],[-0.893471,41.653696],[-0.893606,41.651957],[-0.893745,41.650963],[-0.893871,41.649976],[-0.893854,41.649644],[-0.89384,41.649389],[-0.893745,41.648714],[-0.893833,41.647678],[-0.89382,41.647587],[-0.894013,41.64751],[-0.895162,41.647049],[-0.895227,41.647023],[-0.898268,41.645803],[-0.900001,41.645073],[-0.90021,41.644985],[-0.90212,41.644354],[-0.904136,41.643689],[-0.905932,41.643112],[-0.906118,41.643054],[-0.907313,41.642681],[-0.908843,41.642188],[-0.90964,41.641931],[-0.910729,41.64158],[-0.911567,41.641309],[-0.913422,41.64071],[-0.914376,41.640402],[-0.917612,41.647648],[-0.919566,41.652156],[-0.920519,41.654544],[-0.920583,41.654705],[-0.920727,41.655073],[-0.921085,41.655984],[-0.921525,41.657108],[-0.921974,41.658527],[-0.921308,41.658728],[-0.920462,41.658815],[-0.918861,41.658663]]]}},{"type":"Feature","properties":{"name":"El Rabal","kind":"municipal","id":6},"geometry":{"type":"Polygon","coordinates":[[[-0.859792,41.679605],[-0.858232,41.679457],[-0.857013,41.679329],[-0.853739,41.678799],[-0.847679,41.6778],[-0.843698,41.677144],[-0.843748,41.676612],[-0.843307,41.674756],[-0.842425,41.671862],[-0.842183,41.670925],[-0.842039,41.670529],[-0.841914,41.669837],[-0.841906,41.669191],[-0.841962,41.668413],[-0.842103,41.667793],[-0.842245,41.667215],[-0.84227,41.667128],[-0.84247,41.666522],[-0.843513,41.664869],[-0.844424,41.663751],[-0.844818,41.663288],[-0.845963,41.661933],[-0.846279,41.661453],[-0.846376,41.661025],[-0.846317,41.660098],[-0.846305,41.659717],[-0.846509,41.659301],[-0.846797,41.659014],[-0.847312,41.658847],[-0.848338,41.658467],[-0.848702,41.658191],[-0.848815,41.657481],[-0.849338,41.65624],[-0.849628,41.655554],[-0.849821,41.654823],[-0.848847,41.654176],[-0.84854,41.653614],[-0.848424,41.65312],[-0.84838,41.651913],[-0.848217,41.65102],[-0.847555,41.649529],[-0.850572,41.650084],[-0.853681,41.650811],[-0.856182,41.651245],[-0.858101,41.6517],[-0.859072,41.651931],[-0.859149,41.651949],[-0.859272,41.651983],[-0.86226,41.652882],[-0.862332,41.652904],[-0.864695,41.653618],[-0.866771,41.654247],[-0.870861,41.655486],[-0.871898,41.655816],[-0.875412,41.657151],[-0.875584,41.657216],[-0.877902,41.657989],[-0.880677,41.65833],[-0.881613,41.658445],[-0.881503,41.65914],[-0.881207,41.660973],[-0.88114,41.661385],[-0.881091,41.661721],[-0.880816,41.663334],[-0.880788,41.6635],[-0.880378,41.666066],[-0.880278,41.666668],[-0.880181,41.667732],[-0.880186,41.668047],[-0.880219,41.668888],[-0.880332,41.670094],[-0.880422,41.671019],[-0.880587,41.672776],[-0.880605,41.673025],[-0.880662,41.673391],[-0.880674,41.673755],[-0.880686,41.674119],[-0.880635,41.674701],[-0.880582,41.675033],[-0.880417,41.675667],[-0.880266,41.676055],[-0.88012,41.676381],[-0.879973,41.676648],[-0.879815,41.676936],[-0.879595,41.677284],[-0.879259,41.677768],[-0.878933,41.678233],[-0.877862,41.679812],[-0.869691,41.679758],[-0.863163,41.679715],[-0.861564,41.679687],[-0.860804,41.679673],[-0.859792,41.679605]]]}},{"type":"Feature","properties":{"name":"La Almozara","kind":"municipal","id":2},"geometry":{"type":"Polygon","coordinates":[[[-0.910727,41.681701],[-0.909556,41.681585],[-0.907654,41.68136],[-0.90048,41.680534],[-0.901009,41.679446],[-0.901808,41.678049],[-0.902444,41.677131],[-0.903121,41.676479],[-0.903661,41.676021],[-0.904276,41.675762],[-0.904934,41.675545],[-0.906382,41.675001],[-0.907396,41.674576],[-0.908539,41.674216],[-0.909499,41.673938],[-0.911135,41.673537],[-0.912486,41.673275],[-0.915386,41.672637],[-0.916642,41.672121],[-0.917584,41.671723],[-0.917968,41.671456],[-0.918674,41.671001],[-0.919343,41.670487],[-0.919963,41.669969],[-0.920514,41.669244],[-0.920744,41.668863],[-0.920964,41.668466],[-0.921105,41.668161],[-0.921186,41.667859],[-0.921277,41.667257],[-0.921295,41.666467],[-0.92097,41.665988],[-0.920576,41.665514],[-0.919991,41.66515],[-0.919046,41.664788],[-0.918185,41.664548],[-0.917667,41.664418],[-0.916503,41.664322],[-0.914303,41.664347],[-0.911776,41.664686],[-0.910854,41.664917],[-0.909799,41.665252],[-0.908301,41.66573],[-0.907058,41.66627],[-0.906441,41.66646],[-0.904902,41.666804],[-0.902518,41.667042],[-0.899258,41.666852],[-0.897021,41.666107],[-0.89643,41.66587],[-0.896176,41.665755],[-0.89581,41.665578],[-0.895459,41.665361],[-0.895391,41.665334],[-0.894438,41.664766],[-0.893431,41.663906],[-0.892451,41.662869],[-0.890584,41.661154],[-0.892167,41.659569],[-0.892395,41.659197],[-0.892589,41.658769],[-0.892756,41.658572],[-0.892952,41.658199],[-0.893177,41.657765],[-0.89329,41.657543],[-0.893398,41.657331],[-0.893525,41.657047],[-0.893654,41.656632],[-0.893754,41.656126],[-0.893763,41.656079],[-0.893835,41.65606],[-0.893917,41.656037],[-0.893993,41.656001],[-0.894083,41.655965],[-0.894217,41.655932],[-0.894435,41.655899],[-0.894689,41.655862],[-0.895054,41.655821],[-0.895217,41.655806],[-0.895707,41.655726],[-0.896087,41.655664],[-0.896553,41.65559],[-0.897517,41.65542],[-0.898019,41.655247],[-0.900268,41.654651],[-0.901789,41.65474],[-0.908645,41.65562],[-0.910103,41.655973],[-0.91487,41.657509],[-0.917541,41.658231],[-0.918861,41.658663],[-0.920462,41.658815],[-0.921308,41.658728],[-0.921974,41.658527],[-0.92226,41.658543],[-0.922541,41.65859],[-0.922825,41.65867],[-0.923142,41.658756],[-0.923346,41.658841],[-0.923675,41.658999],[-0.924155,41.659269],[-0.924539,41.659506],[-0.924628,41.659565],[-0.92521,41.659946],[-0.927796,41.661573],[-0.929025,41.662401],[-0.931148,41.663362],[-0.932937,41.66406],[-0.935021,41.665174],[-0.936429,41.665831],[-0.937481,41.666365],[-0.933393,41.670337],[-0.930524,41.673141],[-0.929097,41.674386],[-0.928397,41.675058],[-0.926813,41.676577],[-0.92584,41.677404],[-0.92459,41.678313],[-0.923537,41.679007],[-0.922353,41.679746],[-0.920778,41.680538],[-0.919621,41.680894],[-0.91857,41.681127],[-0.917469,41.681335],[-0.915691,41.681602],[-0.914902,41.681693],[-0.913998,41.681755],[-0.913181,41.681784],[-0.911949,41.681773],[-0.910727,41.681701]]]}},{"type":"Feature","properties":{"name":"Las Fuentes","kind":"municipal","id":7},"geometry":{"type":"Polygon","coordinates":[[[-0.86226,41.652882],[-0.859272,41.651983],[-0.859149,41.651949],[-0.859072,41.651931],[-0.858101,41.6517],[-0.856182,41.651245],[-0.853681,41.650811],[-0.850572,41.650084],[-0.847555,41.649529],[-0.845548,41.649137],[-0.842398,41.648876],[-0.83985,41.648455],[-0.838267,41.647831],[-0.836491,41.646577],[-0.834716,41.644428],[-0.833977,41.643888],[-0.833604,41.64331],[-0.833642,41.642594],[-0.833868,41.64195],[-0.83476,41.640532],[-0.836733,41.637983],[-0.840433,41.630549],[-0.840833,41.628459],[-0.841187,41.625665],[-0.841091,41.624162],[-0.840665,41.623575],[-0.840133,41.622892],[-0.841522,41.623098],[-0.842106,41.623314],[-0.842516,41.623478],[-0.842636,41.623568],[-0.842778,41.623691],[-0.842952,41.62381],[-0.843361,41.623973],[-0.843892,41.624205],[-0.844192,41.624351],[-0.844652,41.624594],[-0.845054,41.624832],[-0.845311,41.624954],[-0.845762,41.62512],[-0.846724,41.625591],[-0.847028,41.625743],[-0.847699,41.625571],[-0.848461,41.625376],[-0.851151,41.624727],[-0.851767,41.624533],[-0.852293,41.624384],[-0.852961,41.624163],[-0.853781,41.623842],[-0.854362,41.623582],[-0.855086,41.623243],[-0.855433,41.623607],[-0.856315,41.624355],[-0.857877,41.625593],[-0.858558,41.626116],[-0.861652,41.628527],[-0.863783,41.630138],[-0.862721,41.629617],[-0.86231,41.62945],[-0.86196,41.62933],[-0.861353,41.629186],[-0.860691,41.629107],[-0.860107,41.629096],[-0.859538,41.629145],[-0.858942,41.629241],[-0.858227,41.629413],[-0.85758,41.629694],[-0.857138,41.629931],[-0.85656,41.630376],[-0.857997,41.631257],[-0.85931,41.63206],[-0.860482,41.633271],[-0.862662,41.635492],[-0.863238,41.636056],[-0.863741,41.636548],[-0.864482,41.637495],[-0.864795,41.637912],[-0.866324,41.639941],[-0.866454,41.640081],[-0.86693,41.640598],[-0.867325,41.641042],[-0.86757,41.641318],[-0.867909,41.641697],[-0.868776,41.642672],[-0.86887,41.642777],[-0.870399,41.644494],[-0.871045,41.645065],[-0.87125,41.645246],[-0.872327,41.646199],[-0.872352,41.646221],[-0.873106,41.646904],[-0.872167,41.647274],[-0.87114,41.64768],[-0.870247,41.647871],[-0.869334,41.648119],[-0.867858,41.648521],[-0.866843,41.648752],[-0.866634,41.6488],[-0.8661,41.648923],[-0.865486,41.649113],[-0.864946,41.649397],[-0.864697,41.649575],[-0.864544,41.649715],[-0.864376,41.649887],[-0.864265,41.650036],[-0.864221,41.650096],[-0.863961,41.650478],[-0.863698,41.650876],[-0.863608,41.651012],[-0.86321,41.651604],[-0.86314,41.651709],[-0.86276,41.652284],[-0.862332,41.652904],[-0.86226,41.652882]]]}},{"type":"Feature","properties":{"name":"Miralbueno","kind":"municipal","id":19},"geometry":{"type":"Polygon","coordinates":[[[-0.969513,41.668205],[-0.969103,41.668116],[-0.968783,41.668037],[-0.968434,41.667969],[-0.968178,41.667902],[-0.967936,41.667816],[-0.967781,41.667745],[-0.967648,41.667669],[-0.967454,41.667585],[-0.9672,41.667546],[-0.966891,41.667529],[-0.966479,41.66749],[-0.966094,41.667438],[-0.965816,41.66741],[-0.965413,41.667386],[-0.965045,41.667338],[-0.964902,41.66729],[-0.964648,41.667129],[-0.964539,41.667019],[-0.964366,41.66678],[-0.964246,41.666755],[-0.96403,41.666679],[-0.963907,41.666654],[-0.963338,41.666571],[-0.963073,41.666531],[-0.962819,41.666443],[-0.962639,41.666365],[-0.96232,41.666205],[-0.96153,41.665932],[-0.960817,41.665585],[-0.960062,41.665331],[-0.959833,41.665244],[-0.959603,41.665155],[-0.959252,41.665053],[-0.958917,41.664955],[-0.95845,41.66483],[-0.957595,41.664757],[-0.957339,41.664743],[-0.956973,41.6647],[-0.956738,41.664661],[-0.956588,41.664623],[-0.956504,41.664372],[-0.956451,41.664224],[-0.956373,41.66413],[-0.956216,41.664041],[-0.956031,41.663998],[-0.955804,41.66398],[-0.955569,41.663971],[-0.95525,41.663998],[-0.954711,41.664032],[-0.953851,41.6641],[-0.953644,41.664141],[-0.953433,41.664119],[-0.953033,41.663976],[-0.952224,41.663742],[-0.951401,41.663538],[-0.950575,41.663371],[-0.949743,41.663185],[-0.949283,41.663113],[-0.949022,41.663046],[-0.948386,41.66289],[-0.948098,41.662792],[-0.947725,41.662681],[-0.947502,41.662638],[-0.947365,41.662618],[-0.947234,41.662603],[-0.947157,41.662598],[-0.94692,41.662544],[-0.946454,41.66239],[-0.946227,41.662295],[-0.946309,41.662171],[-0.946446,41.662005],[-0.946543,41.661887],[-0.946641,41.661749],[-0.946708,41.66155],[-0.946722,41.661413],[-0.946744,41.661294],[-0.946549,41.660817],[-0.944683,41.661537],[-0.943797,41.661919],[-0.942921,41.662325],[-0.941922,41.662863],[-0.941005,41.663421],[-0.940365,41.663851],[-0.939442,41.664564],[-0.938812,41.6651],[-0.938641,41.665246],[-0.93802,41.665826],[-0.937481,41.666365],[-0.936429,41.665831],[-0.935021,41.665174],[-0.932937,41.66406],[-0.931148,41.663362],[-0.929025,41.662401],[-0.927796,41.661573],[-0.92521,41.659946],[-0.924628,41.659565],[-0.924539,41.659506],[-0.924707,41.659261],[-0.924868,41.658954],[-0.924984,41.658635],[-0.925021,41.658484],[-0.925068,41.658153],[-0.925066,41.657821],[-0.925017,41.657491],[-0.924768,41.655873],[-0.92472,41.65521],[-0.925507,41.655164],[-0.925614,41.655118],[-0.925987,41.654959],[-0.926116,41.654899],[-0.926611,41.654742],[-0.926836,41.654651],[-0.927092,41.654638],[-0.928041,41.654705],[-0.928128,41.654579],[-0.928198,41.654535],[-0.928936,41.654148],[-0.929311,41.654259],[-0.929576,41.654333],[-0.929815,41.654394],[-0.93,41.654419],[-0.930243,41.654617],[-0.930307,41.654659],[-0.93038,41.654662],[-0.930453,41.654648],[-0.930652,41.654571],[-0.930695,41.65456],[-0.931013,41.654594],[-0.931066,41.65461],[-0.93118,41.654766],[-0.931172,41.654915],[-0.931228,41.655203],[-0.931103,41.655371],[-0.931096,41.655591],[-0.931991,41.655784],[-0.931978,41.655915],[-0.931798,41.656592],[-0.933855,41.656855],[-0.93406,41.656413],[-0.934166,41.656127],[-0.934295,41.655669],[-0.934332,41.655489],[-0.934373,41.655275],[-0.934427,41.654855],[-0.934435,41.654452],[-0.934436,41.654378],[-0.934412,41.654167],[-0.933976,41.654222],[-0.933029,41.654277],[-0.932899,41.653018],[-0.932927,41.652953],[-0.932992,41.652916],[-0.93392,41.652655],[-0.933687,41.652199],[-0.933371,41.651577],[-0.933273,41.651377],[-0.933162,41.651102],[-0.933403,41.651059],[-0.933551,41.651036],[-0.934489,41.65098],[-0.934602,41.650973],[-0.935027,41.650949],[-0.934691,41.646427],[-0.93451,41.645225],[-0.934388,41.644849],[-0.934706,41.644822],[-0.934738,41.644813],[-0.935806,41.644519],[-0.93699,41.644124],[-0.937362,41.644003],[-0.937551,41.643942],[-0.937767,41.64387],[-0.937962,41.643806],[-0.938129,41.64375],[-0.938212,41.643724],[-0.93833,41.643686],[-0.938543,41.643616],[-0.939005,41.643466],[-0.939199,41.643403],[-0.939413,41.643334],[-0.939682,41.643246],[-0.939871,41.643185],[-0.940184,41.643082],[-0.940271,41.643054],[-0.940374,41.643021],[-0.940471,41.64299],[-0.940754,41.642898],[-0.940906,41.642848],[-0.941192,41.642755],[-0.941329,41.642711],[-0.941417,41.642682],[-0.941489,41.642658],[-0.941663,41.642602],[-0.941754,41.642572],[-0.941949,41.642508],[-0.942045,41.642477],[-0.942142,41.642445],[-0.942239,41.642413],[-0.942301,41.642392],[-0.942456,41.642343],[-0.942561,41.642308],[-0.942722,41.642256],[-0.94287,41.642208],[-0.943025,41.642157],[-0.943123,41.642124],[-0.943313,41.642062],[-0.943436,41.642023],[-0.943643,41.641955],[-0.943735,41.641925],[-0.943806,41.641903],[-0.943862,41.641885],[-0.944023,41.641836],[-0.944125,41.641804],[-0.944223,41.641777],[-0.944329,41.641748],[-0.944464,41.641711],[-0.94456,41.641686],[-0.944703,41.64165],[-0.944824,41.641621],[-0.944907,41.641602],[-0.944967,41.64159],[-0.94504,41.641576],[-0.945144,41.641557],[-0.945232,41.641542],[-0.945285,41.641534],[-0.945391,41.641521],[-0.945452,41.641513],[-0.945526,41.641503],[-0.945592,41.641495],[-0.947472,41.641035],[-0.949366,41.640765],[-0.950924,41.64053],[-0.952078,41.640396],[-0.953137,41.640224],[-0.954411,41.640147],[-0.954917,41.640185],[-0.955781,41.641713],[-0.956231,41.642265],[-0.956689,41.642555],[-0.960065,41.643683],[-0.961888,41.644296],[-0.962546,41.644541],[-0.962903,41.644743],[-0.963435,41.645179],[-0.964408,41.646029],[-0.965301,41.646821],[-0.965596,41.647033],[-0.966589,41.647746],[-0.967294,41.648198],[-0.968212,41.648682],[-0.970474,41.64977],[-0.971236,41.650029],[-0.973036,41.650551],[-0.973868,41.650831],[-0.974868,41.65127],[-0.975978,41.65175],[-0.977317,41.652239],[-0.978131,41.652546],[-0.978739,41.652866],[-0.980136,41.653796],[-0.980934,41.654217],[-0.983668,41.655454],[-0.984847,41.655744],[-0.985067,41.655904],[-0.985172,41.655971],[-0.985268,41.656056],[-0.985329,41.656165],[-0.985331,41.656224],[-0.985252,41.656385],[-0.985125,41.656601],[-0.985099,41.656712],[-0.985118,41.656735],[-0.985301,41.656792],[-0.985493,41.656846],[-0.985468,41.656961],[-0.985361,41.657179],[-0.985325,41.657208],[-0.985086,41.657167],[-0.984677,41.657108],[-0.984509,41.657076],[-0.984385,41.657237],[-0.98427,41.657441],[-0.984147,41.657609],[-0.984035,41.657743],[-0.983914,41.657812],[-0.983447,41.658033],[-0.983107,41.65821],[-0.982961,41.658265],[-0.98275,41.658378],[-0.982686,41.658459],[-0.982637,41.658593],[-0.982557,41.658863],[-0.982502,41.65917],[-0.982417,41.659492],[-0.982335,41.659841],[-0.982325,41.659903],[-0.982271,41.660135],[-0.982248,41.660295],[-0.9822,41.660494],[-0.982167,41.660692],[-0.982111,41.660963],[-0.982074,41.661191],[-0.982022,41.661442],[-0.981978,41.66165],[-0.981915,41.661794],[-0.98127,41.661742],[-0.980821,41.661686],[-0.979422,41.661592],[-0.97869,41.661504],[-0.977796,41.661451],[-0.976899,41.661307],[-0.97638,41.661244],[-0.974217,41.661056],[-0.972914,41.661134],[-0.972919,41.661185],[-0.972948,41.661439],[-0.972963,41.661656],[-0.972965,41.661858],[-0.972968,41.662025],[-0.972979,41.662206],[-0.97299,41.662351],[-0.972967,41.662455],[-0.972862,41.662464],[-0.972762,41.662453],[-0.972672,41.662469],[-0.972627,41.662561],[-0.972631,41.662651],[-0.972641,41.662773],[-0.972631,41.662926],[-0.972624,41.66308],[-0.972618,41.66318],[-0.972626,41.66325],[-0.972646,41.66334],[-0.972706,41.663488],[-0.972756,41.663586],[-0.972774,41.663639],[-0.972792,41.663762],[-0.972855,41.663778],[-0.972905,41.663808],[-0.972974,41.663892],[-0.973015,41.663977],[-0.973047,41.664065],[-0.973062,41.66415],[-0.973053,41.664255],[-0.973045,41.664318],[-0.973006,41.664419],[-0.972952,41.664438],[-0.972826,41.664466],[-0.972693,41.664497],[-0.972549,41.664541],[-0.972465,41.664576],[-0.97243,41.664599],[-0.972393,41.66466],[-0.972362,41.664747],[-0.972345,41.664839],[-0.97235,41.664918],[-0.972362,41.664996],[-0.972406,41.665054],[-0.972488,41.665126],[-0.972579,41.665198],[-0.972645,41.665269],[-0.972725,41.665364],[-0.972814,41.665471],[-0.972918,41.665558],[-0.973025,41.665622],[-0.973173,41.66568],[-0.973353,41.665734],[-0.973482,41.665802],[-0.973597,41.665887],[-0.97368,41.665981],[-0.973719,41.666044],[-0.973726,41.666091],[-0.973709,41.666142],[-0.973639,41.666238],[-0.973559,41.666308],[-0.973408,41.6664],[-0.973183,41.666532],[-0.973055,41.666622],[-0.972946,41.666698],[-0.972826,41.666792],[-0.972737,41.666865],[-0.972549,41.666916],[-0.972463,41.666928],[-0.972404,41.666938],[-0.972368,41.666989],[-0.972377,41.667069],[-0.972356,41.667181],[-0.972252,41.667258],[-0.972128,41.667278],[-0.972024,41.667272],[-0.971953,41.66732],[-0.971939,41.667405],[-0.971943,41.667572],[-0.971932,41.667679],[-0.971893,41.667805],[-0.971831,41.667873],[-0.971741,41.667928],[-0.9716,41.667971],[-0.971455,41.667995],[-0.971314,41.668006],[-0.97114,41.668022],[-0.970993,41.668028],[-0.970853,41.668008],[-0.970733,41.667984],[-0.970664,41.66795],[-0.970552,41.667905],[-0.970405,41.667913],[-0.970328,41.667973],[-0.970241,41.668105],[-0.970178,41.668194],[-0.970141,41.668217],[-0.970047,41.668262],[-0.969911,41.668296],[-0.96985,41.668293],[-0.969827,41.668325],[-0.969513,41.668205]]]}},{"type":"Feature","properties":{"name":"Oliver-Valdefierro","kind":"municipal","id":8},"geometry":{"type":"Polygon","coordinates":[[[-0.924155,41.659269],[-0.923675,41.658999],[-0.923346,41.658841],[-0.923142,41.658756],[-0.922825,41.65867],[-0.922541,41.65859],[-0.92226,41.658543],[-0.921974,41.658527],[-0.921525,41.657108],[-0.921085,41.655984],[-0.920727,41.655073],[-0.920583,41.654705],[-0.920519,41.654544],[-0.919566,41.652156],[-0.917612,41.647648],[-0.914376,41.640402],[-0.9145,41.640362],[-0.915174,41.64005],[-0.91581,41.639935],[-0.916966,41.639683],[-0.917308,41.639597],[-0.918203,41.639403],[-0.918619,41.639304],[-0.918689,41.639287],[-0.919032,41.639194],[-0.919362,41.63908],[-0.919767,41.638919],[-0.920197,41.638736],[-0.920763,41.638448],[-0.921292,41.638134],[-0.921759,41.63781],[-0.922294,41.637368],[-0.922742,41.636919],[-0.922959,41.636662],[-0.923083,41.636515],[-0.923343,41.636147],[-0.923627,41.635661],[-0.923791,41.635296],[-0.923878,41.635251],[-0.924043,41.635208],[-0.924584,41.635066],[-0.925537,41.634914],[-0.925959,41.634847],[-0.929117,41.634932],[-0.931945,41.633951],[-0.932335,41.633879],[-0.93286,41.634003],[-0.933381,41.634233],[-0.934589,41.63547],[-0.934903,41.635642],[-0.935183,41.635795],[-0.936525,41.636468],[-0.937177,41.636796],[-0.938106,41.637318],[-0.938268,41.637409],[-0.938751,41.637773],[-0.939189,41.638291],[-0.940779,41.639426],[-0.943008,41.640697],[-0.943845,41.640897],[-0.947472,41.641035],[-0.945592,41.641495],[-0.945526,41.641503],[-0.945452,41.641513],[-0.945391,41.641521],[-0.945285,41.641534],[-0.945232,41.641542],[-0.945144,41.641557],[-0.94504,41.641576],[-0.944967,41.64159],[-0.944907,41.641602],[-0.944824,41.641621],[-0.944703,41.64165],[-0.94456,41.641686],[-0.944464,41.641711],[-0.944329,41.641748],[-0.944223,41.641777],[-0.944125,41.641804],[-0.944023,41.641836],[-0.943862,41.641885],[-0.943806,41.641903],[-0.943735,41.641925],[-0.943643,41.641955],[-0.943436,41.642023],[-0.943313,41.642062],[-0.943123,41.642124],[-0.943025,41.642157],[-0.94287,41.642208],[-0.942722,41.642256],[-0.942561,41.642308],[-0.942456,41.642343],[-0.942301,41.642392],[-0.942239,41.642413],[-0.942142,41.642445],[-0.942045,41.642477],[-0.941949,41.642508],[-0.941754,41.642572],[-0.941663,41.642602],[-0.941489,41.642658],[-0.941417,41.642682],[-0.941329,41.642711],[-0.941192,41.642755],[-0.940906,41.642848],[-0.940754,41.642898],[-0.940471,41.64299],[-0.940374,41.643021],[-0.940271,41.643054],[-0.940184,41.643082],[-0.939871,41.643185],[-0.939682,41.643246],[-0.939413,41.643334],[-0.939199,41.643403],[-0.939005,41.643466],[-0.938543,41.643616],[-0.93833,41.643686],[-0.938212,41.643724],[-0.938129,41.64375],[-0.937962,41.643806],[-0.937767,41.64387],[-0.937551,41.643942],[-0.937362,41.644003],[-0.93699,41.644124],[-0.935806,41.644519],[-0.934738,41.644813],[-0.934706,41.644822],[-0.934388,41.644849],[-0.93451,41.645225],[-0.934691,41.646427],[-0.935027,41.650949],[-0.934602,41.650973],[-0.934489,41.65098],[-0.933551,41.651036],[-0.933403,41.651059],[-0.933162,41.651102],[-0.933273,41.651377],[-0.933371,41.651577],[-0.933687,41.652199],[-0.93392,41.652655],[-0.932992,41.652916],[-0.932927,41.652953],[-0.932899,41.653018],[-0.933029,41.654277],[-0.933976,41.654222],[-0.934412,41.654167],[-0.934436,41.654378],[-0.934435,41.654452],[-0.934427,41.654855],[-0.934373,41.655275],[-0.934332,41.655489],[-0.934295,41.655669],[-0.934166,41.656127],[-0.93406,41.656413],[-0.933855,41.656855],[-0.931798,41.656592],[-0.931978,41.655915],[-0.931991,41.655784],[-0.931096,41.655591],[-0.931103,41.655371],[-0.931228,41.655203],[-0.931172,41.654915],[-0.93118,41.654766],[-0.931066,41.65461],[-0.931013,41.654594],[-0.930695,41.65456],[-0.930652,41.654571],[-0.930453,41.654648],[-0.93038,41.654662],[-0.930307,41.654659],[-0.930243,41.654617],[-0.93,41.654419],[-0.929815,41.654394],[-0.929576,41.654333],[-0.929311,41.654259],[-0.928936,41.654148],[-0.928198,41.654535],[-0.928128,41.654579],[-0.928041,41.654705],[-0.927092,41.654638],[-0.926836,41.654651],[-0.926611,41.654742],[-0.926116,41.654899],[-0.925987,41.654959],[-0.925614,41.655118],[-0.925507,41.655164],[-0.92472,41.65521],[-0.924768,41.655873],[-0.925017,41.657491],[-0.925066,41.657821],[-0.925068,41.658153],[-0.925021,41.658484],[-0.924984,41.658635],[-0.924868,41.658954],[-0.924707,41.659261],[-0.924539,41.659506],[-0.924155,41.659269]]]}},{"type":"Feature","properties":{"name":"San José","kind":"municipal","id":9},"geometry":{"type":"Polygon","coordinates":[[[-0.872352,41.646221],[-0.872327,41.646199],[-0.87125,41.645246],[-0.871045,41.645065],[-0.870399,41.644494],[-0.86887,41.642777],[-0.868776,41.642672],[-0.867909,41.641697],[-0.86757,41.641318],[-0.867325,41.641042],[-0.86693,41.640598],[-0.866454,41.640081],[-0.866324,41.639941],[-0.864795,41.637912],[-0.864482,41.637495],[-0.863741,41.636548],[-0.863238,41.636056],[-0.862662,41.635492],[-0.860482,41.633271],[-0.85931,41.63206],[-0.857997,41.631257],[-0.85656,41.630376],[-0.857138,41.629931],[-0.85758,41.629694],[-0.858227,41.629413],[-0.858942,41.629241],[-0.859538,41.629145],[-0.860107,41.629096],[-0.860691,41.629107],[-0.861353,41.629186],[-0.86196,41.62933],[-0.86231,41.62945],[-0.862721,41.629617],[-0.863783,41.630138],[-0.861652,41.628527],[-0.858558,41.626116],[-0.857877,41.625593],[-0.856315,41.624355],[-0.855433,41.623607],[-0.855086,41.623243],[-0.855699,41.622976],[-0.856234,41.622752],[-0.856618,41.622588],[-0.857025,41.622432],[-0.857588,41.622215],[-0.858717,41.621806],[-0.859905,41.621466],[-0.861445,41.621041],[-0.862852,41.620646],[-0.863867,41.620255],[-0.864677,41.619882],[-0.865713,41.619309],[-0.866413,41.618837],[-0.866858,41.61848],[-0.867467,41.617945],[-0.868112,41.617282],[-0.868185,41.617288],[-0.86863,41.617342],[-0.868967,41.617393],[-0.869243,41.617462],[-0.869572,41.617577],[-0.869763,41.617658],[-0.869937,41.617753],[-0.87013,41.617864],[-0.870393,41.617993],[-0.870631,41.618145],[-0.870852,41.618292],[-0.870921,41.618364],[-0.871001,41.618469],[-0.871022,41.618558],[-0.870967,41.61878],[-0.870756,41.619066],[-0.870534,41.619285],[-0.870313,41.619508],[-0.870081,41.619714],[-0.869669,41.620108],[-0.869592,41.6202],[-0.86948,41.620373],[-0.869423,41.620503],[-0.869421,41.62071],[-0.86949,41.620875],[-0.869628,41.621057],[-0.869798,41.621187],[-0.869938,41.621289],[-0.870202,41.621489],[-0.870357,41.62162],[-0.870538,41.621766],[-0.870689,41.621853],[-0.870819,41.621927],[-0.870866,41.621943],[-0.871055,41.622007],[-0.871408,41.622101],[-0.871707,41.622167],[-0.871866,41.622201],[-0.87205,41.622252],[-0.872191,41.622311],[-0.872342,41.622417],[-0.872553,41.622596],[-0.872717,41.622779],[-0.87284,41.622924],[-0.873018,41.623135],[-0.873066,41.623191],[-0.873183,41.623329],[-0.873211,41.623363],[-0.873287,41.623435],[-0.873343,41.623513],[-0.87338,41.623555],[-0.873402,41.62358],[-0.873447,41.623657],[-0.873464,41.623687],[-0.873501,41.623789],[-0.873506,41.623882],[-0.873477,41.624],[-0.873398,41.624181],[-0.873307,41.624355],[-0.873264,41.624386],[-0.873108,41.624455],[-0.872724,41.624566],[-0.872566,41.624612],[-0.872048,41.624726],[-0.87194,41.624783],[-0.871841,41.624877],[-0.871769,41.624983],[-0.871633,41.625256],[-0.871535,41.625505],[-0.871356,41.625955],[-0.8713,41.626172],[-0.871299,41.626312],[-0.871363,41.626472],[-0.87155,41.626705],[-0.871728,41.626927],[-0.871894,41.627203],[-0.87201,41.627482],[-0.872099,41.627713],[-0.872212,41.628029],[-0.872331,41.628165],[-0.872579,41.628353],[-0.872825,41.628486],[-0.872872,41.628523],[-0.872985,41.628613],[-0.873071,41.628728],[-0.873155,41.628929],[-0.873283,41.629325],[-0.873447,41.629766],[-0.873589,41.630018],[-0.873706,41.630113],[-0.873967,41.630213],[-0.874353,41.63032],[-0.874954,41.630501],[-0.875198,41.630598],[-0.875578,41.630736],[-0.875732,41.630755],[-0.875922,41.630714],[-0.876122,41.630637],[-0.876749,41.630332],[-0.877143,41.630141],[-0.87777,41.629867],[-0.878544,41.629577],[-0.87893,41.62948],[-0.879136,41.629479],[-0.879296,41.62952],[-0.879516,41.629612],[-0.879697,41.629707],[-0.87983,41.629777],[-0.880453,41.630124],[-0.88074,41.630271],[-0.880938,41.630406],[-0.881107,41.630589],[-0.881267,41.630802],[-0.881428,41.631098],[-0.88152,41.631334],[-0.881577,41.631603],[-0.881631,41.631944],[-0.881664,41.6322],[-0.881681,41.632343],[-0.88167,41.632494],[-0.881686,41.632617],[-0.881692,41.632662],[-0.881768,41.632763],[-0.881804,41.632783],[-0.881851,41.632808],[-0.882056,41.632864],[-0.882183,41.632886],[-0.882366,41.632909],[-0.882542,41.632933],[-0.882645,41.632945],[-0.883636,41.633064],[-0.884879,41.633207],[-0.88511,41.633222],[-0.885032,41.633687],[-0.884919,41.63417],[-0.884803,41.635059],[-0.884674,41.63607],[-0.884628,41.636415],[-0.884588,41.636712],[-0.884565,41.636888],[-0.88444,41.637812],[-0.884446,41.63803],[-0.884524,41.638188],[-0.884682,41.638315],[-0.885273,41.638579],[-0.886233,41.638991],[-0.886312,41.639215],[-0.886544,41.639847],[-0.884766,41.640524],[-0.884183,41.640888],[-0.883916,41.641054],[-0.882312,41.640229],[-0.880801,41.639451],[-0.880735,41.639417],[-0.87924,41.638648],[-0.878026,41.638023],[-0.877028,41.63751],[-0.87623,41.638136],[-0.875668,41.638578],[-0.873851,41.640006],[-0.874141,41.640389],[-0.875522,41.642216],[-0.87572,41.642478],[-0.876376,41.643346],[-0.877521,41.64486],[-0.876707,41.64529],[-0.875689,41.645757],[-0.874864,41.646135],[-0.874304,41.646392],[-0.873106,41.646904],[-0.872352,41.646221]]]}},{"type":"Feature","properties":{"name":"Santa Isabel","kind":"municipal","id":13},"geometry":{"type":"Polygon","coordinates":[[[-0.811283,41.678574],[-0.810533,41.678496],[-0.809894,41.678441],[-0.8094,41.67839],[-0.809395,41.67837],[-0.809365,41.678045],[-0.809403,41.677744],[-0.809359,41.677095],[-0.809533,41.67695],[-0.80956,41.676856],[-0.809551,41.676413],[-0.80966,41.675566],[-0.809632,41.675417],[-0.809387,41.675193],[-0.809471,41.674946],[-0.80944,41.674597],[-0.809232,41.673953],[-0.809017,41.673252],[-0.808957,41.673149],[-0.808778,41.672932],[-0.807976,41.672592],[-0.807938,41.672487],[-0.807955,41.671978],[-0.807869,41.671838],[-0.807744,41.671423],[-0.807508,41.670902],[-0.807712,41.669801],[-0.807677,41.669712],[-0.806509,41.668939],[-0.805239,41.668167],[-0.804731,41.667832],[-0.804185,41.667491],[-0.803622,41.667125],[-0.803138,41.666769],[-0.80276,41.666312],[-0.802647,41.666072],[-0.802605,41.665797],[-0.802534,41.665673],[-0.802388,41.665558],[-0.802079,41.665372],[-0.801827,41.664519],[-0.801359,41.664446],[-0.800751,41.664344],[-0.800145,41.664236],[-0.799541,41.664121],[-0.79894,41.663999],[-0.798341,41.663869],[-0.797745,41.663733],[-0.797152,41.66359],[-0.796562,41.66344],[-0.795975,41.663284],[-0.795392,41.66312],[-0.794812,41.66295],[-0.794235,41.662773],[-0.793662,41.66259],[-0.793093,41.6624],[-0.792798,41.662299],[-0.791322,41.661793],[-0.789851,41.66128],[-0.788383,41.660761],[-0.78692,41.660235],[-0.785461,41.659702],[-0.784865,41.659491],[-0.775544,41.656185],[-0.773508,41.655457],[-0.772025,41.654899],[-0.771382,41.654613],[-0.770765,41.654297],[-0.770176,41.653953],[-0.769616,41.653582],[-0.769089,41.653184],[-0.768597,41.652763],[-0.768141,41.652319],[-0.767746,41.651897],[-0.767379,41.651461],[-0.767042,41.651011],[-0.765254,41.648423],[-0.766294,41.647985],[-0.76675,41.647678],[-0.766745,41.647138],[-0.766785,41.647017],[-0.76694,41.64689],[-0.767271,41.646671],[-0.768513,41.645844],[-0.768845,41.645607],[-0.769396,41.645303],[-0.769845,41.644992],[-0.770252,41.644758],[-0.770286,41.644739],[-0.770542,41.644627],[-0.770737,41.644545],[-0.770971,41.644365],[-0.771156,41.644225],[-0.771342,41.644057],[-0.77151,41.643885],[-0.771655,41.643689],[-0.771953,41.643394],[-0.772376,41.642974],[-0.772801,41.642852],[-0.773141,41.642741],[-0.773175,41.642709],[-0.773212,41.642674],[-0.776121,41.643499],[-0.777988,41.644041],[-0.779918,41.644859],[-0.781643,41.645555],[-0.785086,41.646959],[-0.785772,41.647257],[-0.787269,41.648248],[-0.787684,41.648452],[-0.791966,41.650017],[-0.792542,41.650319],[-0.794093,41.651377],[-0.796423,41.652957],[-0.79756,41.653825],[-0.800486,41.65623],[-0.801759,41.657265],[-0.802203,41.657546],[-0.804511,41.658501],[-0.805534,41.658918],[-0.805943,41.659049],[-0.806262,41.659112],[-0.809337,41.659424],[-0.81064,41.65957],[-0.811805,41.659752],[-0.812574,41.659917],[-0.814607,41.660572],[-0.818406,41.661833],[-0.818882,41.66204],[-0.819465,41.662362],[-0.820454,41.662949],[-0.821616,41.663549],[-0.822406,41.663746],[-0.822461,41.663758],[-0.822643,41.663812],[-0.822828,41.663875],[-0.822999,41.663927],[-0.82322,41.663995],[-0.823434,41.664073],[-0.823646,41.664145],[-0.823835,41.664231],[-0.823942,41.664278],[-0.824699,41.664571],[-0.826336,41.664881],[-0.82673,41.665019],[-0.827284,41.665019],[-0.82828,41.665191],[-0.828687,41.66533],[-0.829471,41.665465],[-0.829826,41.66569],[-0.830709,41.665687],[-0.832587,41.666075],[-0.833029,41.666106],[-0.833467,41.66624],[-0.833746,41.666285],[-0.83522,41.666366],[-0.836558,41.666412],[-0.836871,41.666529],[-0.837512,41.666649],[-0.837876,41.666691],[-0.838053,41.666804],[-0.8382,41.666951],[-0.838503,41.667397],[-0.838573,41.667569],[-0.838591,41.667833],[-0.838564,41.668438],[-0.838576,41.668898],[-0.838543,41.669063],[-0.838407,41.669222],[-0.839518,41.669963],[-0.839945,41.670273],[-0.840605,41.670711],[-0.841111,41.670822],[-0.842183,41.670925],[-0.842425,41.671862],[-0.843307,41.674756],[-0.843748,41.676612],[-0.843698,41.677144],[-0.839922,41.676509],[-0.838899,41.676345],[-0.837448,41.676102],[-0.835643,41.675803],[-0.835163,41.675724],[-0.835237,41.675417],[-0.835552,41.674068],[-0.835675,41.673546],[-0.835936,41.67244],[-0.836028,41.672044],[-0.835694,41.672212],[-0.835467,41.6723],[-0.834962,41.672492],[-0.834316,41.672689],[-0.83351,41.672763],[-0.832558,41.672849],[-0.832196,41.672918],[-0.832095,41.672944],[-0.831882,41.673012],[-0.831656,41.673098],[-0.831615,41.673115],[-0.83135,41.67325],[-0.831246,41.673305],[-0.831059,41.673411],[-0.830768,41.67358],[-0.830673,41.67364],[-0.830616,41.673679],[-0.830561,41.67372],[-0.83052,41.673752],[-0.830482,41.673785],[-0.830413,41.673847],[-0.830352,41.67391],[-0.830299,41.673973],[-0.830225,41.674076],[-0.830129,41.674255],[-0.830072,41.674404],[-0.830006,41.674613],[-0.829932,41.674858],[-0.829366,41.674758],[-0.829134,41.674716],[-0.82879,41.674652],[-0.828438,41.674582],[-0.828265,41.674545],[-0.828084,41.674507],[-0.827945,41.67485],[-0.826698,41.675007],[-0.826197,41.67521],[-0.825706,41.67535],[-0.825308,41.675444],[-0.824576,41.675602],[-0.82356,41.675856],[-0.823241,41.675951],[-0.822985,41.67601],[-0.822808,41.67607],[-0.822478,41.676248],[-0.822112,41.676438],[-0.821721,41.676615],[-0.821133,41.676896],[-0.820758,41.677111],[-0.820411,41.677282],[-0.819983,41.677484],[-0.819513,41.677665],[-0.819114,41.677817],[-0.818617,41.677985],[-0.818472,41.678049],[-0.818346,41.677998],[-0.818243,41.677959],[-0.818161,41.677961],[-0.817918,41.677971],[-0.817717,41.678005],[-0.817545,41.678048],[-0.817249,41.678082],[-0.816917,41.678121],[-0.816681,41.678166],[-0.816482,41.678191],[-0.816258,41.678201],[-0.815971,41.678188],[-0.815702,41.678164],[-0.815506,41.678154],[-0.815348,41.678156],[-0.815309,41.678346],[-0.815123,41.678394],[-0.814995,41.678391],[-0.814737,41.678366],[-0.814467,41.678359],[-0.81427,41.678357],[-0.813921,41.678387],[-0.813438,41.678428],[-0.812684,41.678496],[-0.811777,41.678566],[-0.811439,41.678583],[-0.811283,41.678574]]]}},{"type":"Feature","properties":{"name":"Sur","kind":"municipal","id":30},"geometry":{"type":"Polygon","coordinates":[[[-0.943845,41.640897],[-0.943008,41.640697],[-0.940779,41.639426],[-0.939189,41.638291],[-0.938751,41.637773],[-0.938268,41.637409],[-0.938106,41.637318],[-0.937177,41.636796],[-0.936525,41.636468],[-0.935183,41.635795],[-0.934903,41.635642],[-0.934589,41.63547],[-0.933381,41.634233],[-0.93286,41.634003],[-0.932335,41.633879],[-0.931945,41.633951],[-0.929117,41.634932],[-0.925959,41.634847],[-0.925537,41.634914],[-0.924584,41.635066],[-0.924043,41.635208],[-0.923878,41.635251],[-0.923791,41.635296],[-0.923912,41.634996],[-0.92396,41.634843],[-0.924039,41.634521],[-0.924183,41.63388],[-0.924327,41.632961],[-0.924406,41.632004],[-0.924374,41.631217],[-0.924186,41.630534],[-0.923871,41.629943],[-0.923598,41.629544],[-0.923027,41.628934],[-0.922316,41.628234],[-0.92161,41.627664],[-0.919908,41.626682],[-0.918119,41.625721],[-0.917707,41.625492],[-0.916096,41.624619],[-0.914954,41.62399],[-0.913933,41.62345],[-0.913353,41.623111],[-0.912821,41.622795],[-0.914354,41.621428],[-0.915958,41.620142],[-0.917394,41.618853],[-0.91864,41.617603],[-0.919527,41.616715],[-0.92049,41.615593],[-0.922078,41.61409],[-0.9232,41.613189],[-0.92419,41.612604],[-0.925222,41.612078],[-0.925916,41.611664],[-0.927223,41.611989],[-0.928608,41.612265],[-0.929667,41.612317],[-0.930449,41.612273],[-0.931406,41.612022],[-0.932558,41.611582],[-0.933322,41.61106],[-0.934256,41.610131],[-0.934579,41.609672],[-0.935445,41.607285],[-0.936623,41.60351],[-0.936846,41.602785],[-0.937247,41.601877],[-0.937939,41.600488],[-0.938621,41.599407],[-0.939484,41.599801],[-0.939916,41.599995],[-0.940291,41.60018],[-0.940412,41.600268],[-0.940533,41.60037],[-0.940685,41.600394],[-0.940828,41.600383],[-0.94119,41.600361],[-0.941419,41.600372],[-0.941542,41.600388],[-0.941673,41.600448],[-0.942187,41.600765],[-0.94257,41.600993],[-0.942806,41.601083],[-0.942968,41.601079],[-0.943179,41.601025],[-0.943342,41.600993],[-0.943437,41.601009],[-0.943559,41.601061],[-0.943755,41.601179],[-0.944156,41.60145],[-0.944278,41.60151],[-0.94442,41.601527],[-0.944536,41.601493],[-0.944663,41.601367],[-0.944822,41.601176],[-0.944952,41.600986],[-0.945099,41.600838],[-0.945401,41.600643],[-0.945664,41.600434],[-0.94602,41.60004],[-0.946298,41.59968],[-0.946611,41.599407],[-0.946936,41.599091],[-0.94722,41.598831],[-0.947501,41.598679],[-0.947763,41.598519],[-0.947853,41.598407],[-0.945646,41.597123],[-0.944365,41.596364],[-0.944697,41.596113],[-0.945059,41.595812],[-0.945401,41.595539],[-0.9457,41.595702],[-0.947024,41.596319],[-0.947779,41.596532],[-0.948146,41.596668],[-0.948481,41.596917],[-0.948907,41.597282],[-0.949509,41.597535],[-0.950782,41.59793],[-0.951528,41.598129],[-0.953738,41.596017],[-0.952815,41.595371],[-0.951931,41.594719],[-0.951463,41.59416],[-0.951066,41.593781],[-0.949091,41.592688],[-0.948239,41.592222],[-0.949544,41.59103],[-0.950366,41.590309],[-0.950806,41.590245],[-0.951296,41.590111],[-0.951591,41.59013],[-0.951798,41.590198],[-0.952232,41.590328],[-0.953095,41.59045],[-0.953889,41.590622],[-0.954177,41.590563],[-0.95465,41.590371],[-0.954489,41.590025],[-0.954186,41.589676],[-0.954269,41.589442],[-0.954392,41.589179],[-0.95431,41.589056],[-0.953958,41.588743],[-0.953109,41.588206],[-0.952034,41.587558],[-0.953359,41.586309],[-0.95627,41.582772],[-0.959518,41.578197],[-0.960519,41.576656],[-0.961358,41.574812],[-0.961965,41.573064],[-0.962349,41.571741],[-0.962939,41.570536],[-0.963742,41.569235],[-0.964486,41.567976],[-0.965432,41.566949],[-0.967485,41.564626],[-0.970048,41.561812],[-0.971839,41.559927],[-0.97346,41.55864],[-0.975244,41.557585],[-0.976809,41.556855],[-0.979325,41.556113],[-0.981832,41.555714],[-0.98499,41.555154],[-0.987411,41.55441],[-0.98977,41.553251],[-0.990685,41.552633],[-0.990943,41.552447],[-0.992977,41.553453],[-0.994738,41.554254],[-0.995696,41.554703],[-0.997681,41.555634],[-0.9981,41.555875],[-0.998866,41.556307],[-1.000027,41.556954],[-1.000634,41.557293],[-1.002054,41.55829],[-1.003392,41.559223],[-1.005762,41.561124],[-1.006048,41.561359],[-1.006441,41.56165],[-1.006938,41.562064],[-1.00733,41.562386],[-1.007834,41.562773],[-1.008003,41.562924],[-1.008132,41.563007],[-1.008526,41.563275],[-1.008743,41.563437],[-1.009327,41.563753],[-1.009986,41.564143],[-1.010817,41.564617],[-1.011824,41.565229],[-1.012413,41.565568],[-1.012707,41.565753],[-1.01296,41.565897],[-1.013713,41.566387],[-1.014377,41.566817],[-1.015085,41.567212],[-1.015524,41.567553],[-1.015757,41.567792],[-1.015953,41.568025],[-1.01625,41.568331],[-1.016453,41.56856],[-1.016709,41.568799],[-1.017107,41.569233],[-1.017245,41.569321],[-1.01787,41.569661],[-1.018441,41.570004],[-1.018924,41.570292],[-1.019176,41.570481],[-1.019476,41.570666],[-1.01982,41.570798],[-1.020471,41.571079],[-1.020908,41.571294],[-1.021555,41.571539],[-1.022093,41.571778],[-1.02292,41.572184],[-1.023731,41.572545],[-1.024594,41.572956],[-1.025697,41.573543],[-1.026332,41.573783],[-1.027009,41.574187],[-1.027727,41.574618],[-1.028688,41.575188],[-1.029448,41.575634],[-1.029847,41.575902],[-1.030042,41.575995],[-1.030268,41.576075],[-1.030393,41.576105],[-1.031121,41.576423],[-1.031323,41.576688],[-1.031642,41.57704],[-1.032081,41.577579],[-1.032458,41.578],[-1.032712,41.57832],[-1.032743,41.578496],[-1.032745,41.578834],[-1.032777,41.579149],[-1.03284,41.579267],[-1.033048,41.579519],[-1.033215,41.579729],[-1.033513,41.579801],[-1.033828,41.579901],[-1.034037,41.579927],[-1.034182,41.580286],[-1.034227,41.580575],[-1.034291,41.580833],[-1.034422,41.581263],[-1.034499,41.581516],[-1.034537,41.581818],[-1.034602,41.582067],[-1.034597,41.582423],[-1.034595,41.582878],[-1.034556,41.583183],[-1.034759,41.583412],[-1.034751,41.583664],[-1.03473,41.583767],[-1.034698,41.583843],[-1.035084,41.584165],[-1.035512,41.584681],[-1.03587,41.585147],[-1.036063,41.585312],[-1.036123,41.585507],[-1.036401,41.586232],[-1.036571,41.586753],[-1.036546,41.586978],[-1.036527,41.587194],[-1.036512,41.587297],[-1.036061,41.587343],[-1.035605,41.587534],[-1.035381,41.58762],[-1.035211,41.587693],[-1.034971,41.588095],[-1.034716,41.588563],[-1.034382,41.588922],[-1.034086,41.589367],[-1.033871,41.589918],[-1.033728,41.590307],[-1.03349,41.590834],[-1.033171,41.591635],[-1.03281,41.592471],[-1.032651,41.592964],[-1.032628,41.593143],[-1.032606,41.593251],[-1.032594,41.593458],[-1.032559,41.593638],[-1.032475,41.594208],[-1.032411,41.594738],[-1.032375,41.595143],[-1.032397,41.595409],[-1.032387,41.595733],[-1.032445,41.595977],[-1.032593,41.596255],[-1.032745,41.596595],[-1.033037,41.597239],[-1.033244,41.597729],[-1.033437,41.598278],[-1.033818,41.599563],[-1.033986,41.600147],[-1.034203,41.600331],[-1.034455,41.600524],[-1.034767,41.600714],[-1.034843,41.600779],[-1.035172,41.602],[-1.035496,41.603172],[-1.035462,41.604108],[-1.035723,41.604612],[-1.036003,41.605072],[-1.036059,41.60519],[-1.036479,41.605589],[-1.037198,41.606394],[-1.037383,41.606848],[-1.037846,41.607783],[-1.038074,41.608391],[-1.038199,41.60901],[-1.038394,41.609697],[-1.038559,41.609984],[-1.038917,41.61067],[-1.039357,41.611191],[-1.039806,41.611627],[-1.040406,41.612204],[-1.043127,41.614903],[-1.043135,41.615038],[-1.04316,41.615998],[-1.044342,41.616005],[-1.04439,41.61601],[-1.044605,41.616041],[-1.045142,41.615946],[-1.045833,41.616107],[-1.04636,41.616134],[-1.04688,41.616219],[-1.047183,41.616305],[-1.04726,41.616338],[-1.04763,41.616421],[-1.048148,41.616538],[-1.048273,41.61658],[-1.048476,41.616629],[-1.048563,41.616928],[-1.048948,41.617074],[-1.050131,41.617053],[-1.050971,41.616869],[-1.05146,41.616756],[-1.052543,41.616477],[-1.054332,41.616044],[-1.056073,41.615641],[-1.057578,41.615275],[-1.057754,41.615244],[-1.059225,41.614992],[-1.060358,41.615416],[-1.060379,41.615475],[-1.060406,41.615554],[-1.060422,41.6156],[-1.060471,41.615741],[-1.06048,41.615765],[-1.059641,41.61598],[-1.059333,41.616121],[-1.059083,41.616224],[-1.058832,41.616315],[-1.058585,41.6164],[-1.058307,41.616479],[-1.057927,41.61659],[-1.056622,41.616954],[-1.055224,41.617349],[-1.054835,41.617458],[-1.053475,41.617838],[-1.053044,41.617966],[-1.0521,41.618228],[-1.051526,41.618389],[-1.051083,41.618508],[-1.050742,41.6186],[-1.050438,41.618668],[-1.050201,41.618708],[-1.049971,41.618736],[-1.049753,41.618758],[-1.049528,41.618777],[-1.04928,41.618788],[-1.049038,41.618792],[-1.048775,41.618785],[-1.048462,41.618769],[-1.048212,41.618748],[-1.047912,41.618717],[-1.047255,41.61864],[-1.04655,41.618556],[-1.045791,41.61846],[-1.044614,41.61832],[-1.043575,41.61819],[-1.04261,41.618073],[-1.041314,41.617916],[-1.039876,41.61774],[-1.038513,41.617569],[-1.037851,41.617487],[-1.037432,41.617437],[-1.037176,41.61742],[-1.036924,41.617404],[-1.036659,41.617398],[-1.03633,41.6174],[-1.03603,41.61742],[-1.035764,41.617447],[-1.035499,41.617485],[-1.035196,41.617538],[-1.034945,41.617596],[-1.034739,41.61765],[-1.034479,41.617726],[-1.034177,41.617828],[-1.033933,41.617923],[-1.033525,41.618103],[-1.033039,41.61832],[-1.032674,41.618489],[-1.032209,41.618703],[-1.031686,41.61894],[-1.031176,41.619169],[-1.030544,41.619457],[-1.029732,41.619824],[-1.029171,41.620079],[-1.028487,41.620391],[-1.028025,41.620608],[-1.027694,41.620749],[-1.027449,41.620857],[-1.027243,41.62095],[-1.027059,41.621025],[-1.026872,41.6211],[-1.026666,41.621174],[-1.026472,41.621228],[-1.026313,41.621266],[-1.026107,41.621316],[-1.025569,41.621415],[-1.0231,41.621869],[-1.020752,41.62245],[-1.019396,41.622787],[-1.015183,41.623697],[-1.013275,41.624097],[-1.011472,41.624479],[-1.009919,41.624841],[-1.008613,41.625179],[-1.006583,41.625741],[-1.004508,41.626317],[-0.999467,41.627703],[-0.996229,41.62859],[-0.993327,41.629386],[-0.991555,41.629869],[-0.983008,41.632214],[-0.979016,41.633343],[-0.973322,41.634914],[-0.960251,41.63781],[-0.957616,41.638402],[-0.956837,41.63868],[-0.956191,41.639115],[-0.955253,41.639903],[-0.954917,41.640185],[-0.954411,41.640147],[-0.953137,41.640224],[-0.952078,41.640396],[-0.950924,41.64053],[-0.949366,41.640765],[-0.947472,41.641035],[-0.943845,41.640897]]]}},{"type":"Feature","properties":{"name":"Torrero","kind":"municipal","id":10},"geometry":{"type":"Polygon","coordinates":[[[-0.889467,41.633718],[-0.888551,41.633611],[-0.887103,41.633447],[-0.886286,41.633378],[-0.88511,41.633222],[-0.884879,41.633207],[-0.883636,41.633064],[-0.882645,41.632945],[-0.882542,41.632932],[-0.882366,41.632909],[-0.882183,41.632886],[-0.882057,41.632864],[-0.881851,41.632809],[-0.881804,41.632783],[-0.881767,41.632763],[-0.881691,41.632662],[-0.881686,41.632617],[-0.88167,41.632495],[-0.881681,41.632344],[-0.881664,41.632199],[-0.881631,41.631945],[-0.881577,41.631603],[-0.88152,41.631335],[-0.881428,41.631099],[-0.881266,41.630802],[-0.881107,41.630589],[-0.880938,41.630405],[-0.88074,41.630271],[-0.880453,41.630123],[-0.87983,41.629778],[-0.879697,41.629707],[-0.879516,41.629612],[-0.879296,41.62952],[-0.879137,41.629478],[-0.87893,41.62948],[-0.878544,41.629577],[-0.87777,41.629867],[-0.877144,41.630141],[-0.876749,41.630332],[-0.876122,41.630637],[-0.875922,41.630714],[-0.875732,41.630755],[-0.875578,41.630737],[-0.875198,41.630598],[-0.874954,41.630501],[-0.874353,41.630319],[-0.873967,41.630213],[-0.873707,41.630113],[-0.87359,41.630018],[-0.873447,41.629766],[-0.873282,41.629325],[-0.873155,41.628929],[-0.87307,41.628728],[-0.872985,41.628613],[-0.872872,41.628523],[-0.872825,41.628486],[-0.872578,41.628353],[-0.872331,41.628166],[-0.872212,41.628029],[-0.872099,41.627713],[-0.872011,41.627482],[-0.871895,41.627204],[-0.871729,41.626928],[-0.87155,41.626706],[-0.871362,41.626472],[-0.871299,41.626312],[-0.8713,41.626172],[-0.871355,41.625954],[-0.871535,41.625505],[-0.871633,41.625255],[-0.871769,41.624983],[-0.871842,41.624877],[-0.87194,41.624784],[-0.872048,41.624725],[-0.872566,41.624611],[-0.872725,41.624566],[-0.873108,41.624455],[-0.873264,41.624386],[-0.873307,41.624355],[-0.873398,41.624181],[-0.873477,41.624001],[-0.873506,41.623882],[-0.8735,41.623788],[-0.873464,41.623687],[-0.873447,41.623657],[-0.873402,41.623579],[-0.87338,41.623555],[-0.873343,41.623513],[-0.873286,41.623436],[-0.873211,41.623362],[-0.873183,41.623329],[-0.873066,41.623191],[-0.873019,41.623135],[-0.87284,41.622924],[-0.872717,41.622779],[-0.872553,41.622596],[-0.872342,41.622417],[-0.872192,41.622311],[-0.872049,41.622252],[-0.871866,41.622201],[-0.871707,41.622166],[-0.871407,41.622101],[-0.871055,41.622007],[-0.870865,41.621943],[-0.870819,41.621927],[-0.870689,41.621853],[-0.870537,41.621766],[-0.870357,41.62162],[-0.870202,41.621489],[-0.869939,41.62129],[-0.869798,41.621187],[-0.869627,41.621057],[-0.86949,41.620875],[-0.869421,41.62071],[-0.869423,41.620503],[-0.86948,41.620372],[-0.869592,41.6202],[-0.869669,41.620108],[-0.870081,41.619714],[-0.870313,41.619508],[-0.870534,41.619285],[-0.870756,41.619066],[-0.870967,41.61878],[-0.871022,41.618558],[-0.871001,41.618469],[-0.870921,41.618365],[-0.870852,41.618292],[-0.870631,41.618145],[-0.870393,41.617994],[-0.870129,41.617864],[-0.869937,41.617753],[-0.869763,41.617658],[-0.869572,41.617577],[-0.869243,41.617462],[-0.868968,41.617394],[-0.868631,41.617341],[-0.868185,41.617288],[-0.868112,41.617282],[-0.867841,41.617259],[-0.867353,41.617204],[-0.866636,41.617114],[-0.866203,41.617056],[-0.865017,41.616916],[-0.8649,41.616909],[-0.864455,41.616868],[-0.86269,41.616659],[-0.862432,41.616603],[-0.862163,41.616415],[-0.861995,41.616144],[-0.861615,41.615281],[-0.861113,41.614173],[-0.860938,41.61379],[-0.860752,41.613397],[-0.860515,41.61312],[-0.860076,41.612723],[-0.859806,41.612537],[-0.859525,41.612408],[-0.858757,41.612209],[-0.858264,41.612063],[-0.857715,41.611867],[-0.857333,41.611626],[-0.856785,41.611239],[-0.856529,41.611114],[-0.856214,41.611054],[-0.855761,41.610968],[-0.855627,41.610957],[-0.85417,41.610666],[-0.853909,41.610629],[-0.853799,41.610644],[-0.853236,41.610973],[-0.852374,41.611526],[-0.852287,41.611579],[-0.852123,41.611624],[-0.851997,41.611598],[-0.851355,41.611352],[-0.851277,41.611308],[-0.851234,41.611241],[-0.851116,41.610966],[-0.851002,41.610835],[-0.850859,41.610781],[-0.850531,41.610704],[-0.850421,41.610705],[-0.850186,41.610741],[-0.8496,41.61085],[-0.849482,41.610859],[-0.848625,41.610728],[-0.848462,41.610673],[-0.848137,41.610492],[-0.847804,41.610285],[-0.847121,41.609843],[-0.847023,41.60981],[-0.846624,41.60975],[-0.845975,41.609661],[-0.845885,41.609638],[-0.84579,41.609582],[-0.845019,41.60901],[-0.844948,41.608933],[-0.844794,41.608538],[-0.844616,41.607975],[-0.844584,41.607712],[-0.844624,41.607337],[-0.844749,41.60696],[-0.844962,41.606403],[-0.845112,41.606],[-0.845127,41.605334],[-0.845081,41.605187],[-0.844926,41.605039],[-0.844195,41.604723],[-0.844038,41.604624],[-0.841335,41.603515],[-0.838563,41.602347],[-0.835931,41.601231],[-0.833999,41.600414],[-0.834176,41.60025],[-0.834432,41.600015],[-0.834828,41.599636],[-0.834978,41.599495],[-0.835157,41.599335],[-0.835249,41.599236],[-0.835346,41.59913],[-0.835435,41.599015],[-0.835538,41.598844],[-0.835637,41.598658],[-0.835689,41.598534],[-0.835757,41.598389],[-0.835816,41.598226],[-0.835877,41.598093],[-0.835945,41.597958],[-0.835977,41.597865],[-0.835846,41.597466],[-0.835726,41.596985],[-0.835726,41.596961],[-0.835725,41.596943],[-0.835726,41.59692],[-0.835727,41.596892],[-0.83573,41.596864],[-0.835734,41.59683],[-0.835739,41.596797],[-0.835745,41.596766],[-0.835752,41.596736],[-0.835761,41.596699],[-0.835773,41.596663],[-0.8358,41.596583],[-0.835831,41.596489],[-0.835857,41.596406],[-0.835882,41.596327],[-0.835907,41.596249],[-0.835933,41.596165],[-0.835958,41.596083],[-0.836006,41.595934],[-0.836084,41.595694],[-0.836273,41.595035],[-0.836294,41.594928],[-0.836308,41.594829],[-0.836313,41.594758],[-0.836315,41.594695],[-0.836315,41.594629],[-0.83631,41.594553],[-0.836302,41.594479],[-0.836289,41.594402],[-0.836255,41.594263],[-0.836224,41.594164],[-0.836166,41.594025],[-0.836105,41.593908],[-0.836035,41.593794],[-0.835988,41.593727],[-0.835936,41.593661],[-0.835871,41.593584],[-0.835782,41.593491],[-0.835685,41.593401],[-0.835599,41.593329],[-0.835509,41.59326],[-0.835434,41.593208],[-0.835361,41.593162],[-0.835286,41.593117],[-0.835214,41.593077],[-0.835128,41.593032],[-0.835048,41.592995],[-0.835005,41.592976],[-0.834959,41.592956],[-0.834903,41.592934],[-0.834848,41.592913],[-0.834771,41.592886],[-0.834612,41.592841],[-0.83446,41.592799],[-0.834325,41.592758],[-0.834218,41.592726],[-0.834137,41.5927],[-0.834071,41.592679],[-0.83396,41.592643],[-0.833854,41.592606],[-0.833747,41.592569],[-0.833655,41.592534],[-0.833562,41.592496],[-0.833462,41.592452],[-0.833393,41.592419],[-0.833344,41.592395],[-0.833168,41.592302],[-0.833037,41.592223],[-0.832889,41.592127],[-0.832763,41.592034],[-0.832625,41.591922],[-0.832455,41.591764],[-0.832337,41.591637],[-0.832256,41.591543],[-0.832215,41.59149],[-0.831355,41.590011],[-0.830127,41.587838],[-0.829814,41.587254],[-0.827799,41.583766],[-0.826931,41.582249],[-0.826858,41.582121],[-0.826784,41.581972],[-0.826719,41.581827],[-0.826657,41.581662],[-0.826614,41.581528],[-0.826565,41.581343],[-0.826538,41.581203],[-0.826514,41.581046],[-0.826495,41.580794],[-0.826501,41.580591],[-0.826509,41.580338],[-0.826519,41.580049],[-0.826527,41.579791],[-0.826536,41.579648],[-0.82655,41.579412],[-0.826565,41.579129],[-0.826585,41.57879],[-0.826595,41.578592],[-0.826599,41.578412],[-0.826572,41.57804],[-0.826524,41.577778],[-0.826445,41.577491],[-0.826329,41.57719],[-0.826218,41.576964],[-0.826074,41.576718],[-0.825894,41.576462],[-0.825649,41.576172],[-0.825421,41.575944],[-0.825262,41.575801],[-0.82511,41.575674],[-0.824985,41.575584],[-0.82478,41.57544],[-0.824613,41.57533],[-0.823976,41.574934],[-0.822973,41.574315],[-0.822677,41.574119],[-0.822356,41.57388],[-0.821997,41.573556],[-0.821688,41.57321],[-0.821502,41.572958],[-0.821305,41.572628],[-0.821102,41.572169],[-0.820942,41.571489],[-0.820921,41.571127],[-0.820926,41.570933],[-0.820972,41.570462],[-0.821013,41.570116],[-0.821132,41.569247],[-0.821249,41.568674],[-0.822357,41.564399],[-0.820697,41.562912],[-0.819361,41.561238],[-0.816483,41.558245],[-0.815627,41.556697],[-0.81529,41.554704],[-0.814865,41.552244],[-0.814752,41.551916],[-0.814571,41.551518],[-0.814123,41.550505],[-0.814048,41.550131],[-0.814022,41.549616],[-0.814114,41.549259],[-0.814807,41.547443],[-0.814955,41.547243],[-0.815532,41.546801],[-0.815833,41.546465],[-0.816739,41.545392],[-0.818555,41.543549],[-0.820687,41.54136],[-0.821323,41.540328],[-0.821418,41.540104],[-0.821403,41.53914],[-0.821123,41.538506],[-0.820819,41.537877],[-0.819868,41.536492],[-0.819673,41.536146],[-0.819653,41.535886],[-0.81972,41.53453],[-0.819791,41.534315],[-0.819965,41.534117],[-0.821138,41.533502],[-0.821736,41.533193],[-0.82339,41.532527],[-0.823733,41.532409],[-0.823982,41.532371],[-0.825542,41.532372],[-0.825992,41.532435],[-0.826373,41.532515],[-0.827633,41.532739],[-0.828662,41.532943],[-0.828922,41.532943],[-0.829157,41.532875],[-0.830674,41.532263],[-0.831986,41.53175],[-0.832219,41.531629],[-0.83238,41.531499],[-0.833176,41.530651],[-0.833452,41.530248],[-0.833574,41.529924],[-0.833585,41.529864],[-0.833671,41.529363],[-0.833871,41.528589],[-0.834443,41.527733],[-0.834924,41.526656],[-0.835194,41.52448],[-0.83537,41.523754],[-0.836421,41.521445],[-0.836948,41.520728],[-0.838803,41.518698],[-0.839412,41.517836],[-0.840378,41.516485],[-0.841676,41.514669],[-0.84291,41.513622],[-0.843057,41.513555],[-0.843401,41.513274],[-0.844365,41.513864],[-0.845252,41.514521],[-0.846461,41.515392],[-0.846997,41.515816],[-0.847703,41.516056],[-0.849179,41.516353],[-0.850833,41.516239],[-0.852414,41.515834],[-0.853784,41.516005],[-0.855255,41.516404],[-0.856724,41.516928],[-0.857423,41.51713],[-0.858946,41.517421],[-0.859653,41.517656],[-0.860064,41.51786],[-0.860936,41.51624],[-0.861988,41.516561],[-0.863517,41.516694],[-0.864354,41.51667],[-0.865128,41.516423],[-0.867045,41.516393],[-0.866846,41.516075],[-0.866161,41.515722],[-0.86543,41.515721],[-0.864829,41.515461],[-0.865311,41.515091],[-0.866014,41.514908],[-0.866887,41.514819],[-0.867536,41.514674],[-0.868143,41.51424],[-0.868825,41.514161],[-0.869621,41.51432],[-0.870437,41.513863],[-0.871071,41.514163],[-0.871893,41.51406],[-0.87264,41.51414],[-0.873381,41.513866],[-0.875629,41.514327],[-0.877778,41.514654],[-0.878603,41.51501],[-0.87922,41.515309],[-0.879917,41.515322],[-0.880652,41.515179],[-0.881254,41.514876],[-0.885934,41.514517],[-0.887202,41.515143],[-0.888481,41.51649],[-0.888321,41.517026],[-0.89214,41.516698],[-0.893671,41.517178],[-0.895086,41.517237],[-0.896676,41.51677],[-0.899399,41.517573],[-0.899897,41.51726],[-0.900255,41.516793],[-0.900978,41.516591],[-0.903467,41.516679],[-0.904898,41.516662],[-0.905703,41.516548],[-0.907518,41.515333],[-0.908377,41.515348],[-0.910433,41.515515],[-0.910996,41.514018],[-0.914475,41.512703],[-0.916153,41.512174],[-0.917023,41.510037],[-0.917801,41.508975],[-0.918352,41.507866],[-0.918431,41.505456],[-0.919639,41.505263],[-0.920897,41.505285],[-0.921363,41.505079],[-0.918975,41.504562],[-0.917737,41.504212],[-0.916418,41.505006],[-0.91579,41.505189],[-0.912364,41.5054],[-0.909923,41.505628],[-0.90779,41.5059],[-0.906121,41.506259],[-0.90375,41.505904],[-0.902631,41.506858],[-0.901369,41.507419],[-0.900027,41.512108],[-0.899846,41.512883],[-0.898776,41.513915],[-0.896428,41.514456],[-0.8941,41.514374],[-0.89176,41.514604],[-0.891247,41.514478],[-0.890863,41.515094],[-0.890022,41.513872],[-0.88938,41.512925],[-0.887839,41.512507],[-0.885092,41.512573],[-0.885063,41.511872],[-0.884763,41.511515],[-0.881941,41.510724],[-0.880703,41.510545],[-0.879559,41.51068],[-0.876519,41.510156],[-0.875226,41.510093],[-0.873902,41.509406],[-0.869785,41.50859],[-0.868043,41.508012],[-0.86491,41.505617],[-0.862365,41.504246],[-0.861608,41.50205],[-0.859481,41.500608],[-0.861999,41.499643],[-0.863903,41.498432],[-0.867149,41.497402],[-0.868967,41.495643],[-0.871182,41.494439],[-0.872871,41.493457],[-0.873427,41.493138],[-0.873684,41.492981],[-0.873895,41.492922],[-0.874137,41.492845],[-0.874296,41.492749],[-0.874384,41.492634],[-0.8745,41.49255],[-0.874664,41.492481],[-0.874785,41.492439],[-0.874872,41.492364],[-0.874921,41.49232],[-0.87505,41.492227],[-0.875197,41.492135],[-0.875295,41.492043],[-0.875375,41.491981],[-0.875514,41.491948],[-0.875864,41.491864],[-0.876197,41.491758],[-0.876501,41.491619],[-0.876908,41.491456],[-0.877181,41.491344],[-0.877275,41.491269],[-0.877396,41.491176],[-0.877547,41.491148],[-0.877704,41.491092],[-0.877899,41.491001],[-0.878231,41.490908],[-0.878711,41.490719],[-0.879299,41.4905],[-0.879677,41.490277],[-0.879844,41.490136],[-0.880046,41.490005],[-0.88032,41.489857],[-0.880532,41.489771],[-0.880943,41.489679],[-0.881393,41.489606],[-0.881539,41.489582],[-0.881617,41.489579],[-0.881734,41.489662],[-0.88192,41.489639],[-0.88214,41.489436],[-0.882402,41.489193],[-0.882518,41.489123],[-0.882931,41.489144],[-0.883032,41.489155],[-0.883213,41.489104],[-0.883404,41.489126],[-0.883467,41.489073],[-0.883523,41.489024],[-0.883491,41.488889],[-0.883499,41.488835],[-0.883668,41.488432],[-0.883784,41.488173],[-0.883834,41.488093],[-0.88367,41.487451],[-0.883565,41.486985],[-0.883519,41.486759],[-0.883527,41.486683],[-0.883716,41.486398],[-0.883591,41.486197],[-0.883933,41.486168],[-0.884318,41.486107],[-0.884792,41.485895],[-0.8854,41.485803],[-0.885586,41.485795],[-0.88564,41.485794],[-0.885804,41.485905],[-0.885969,41.486007],[-0.8862,41.486088],[-0.886495,41.486197],[-0.886838,41.486329],[-0.887058,41.486392],[-0.887332,41.486428],[-0.888147,41.486434],[-0.888656,41.486417],[-0.889154,41.486403],[-0.889636,41.48639],[-0.889723,41.486387],[-0.89024,41.486347],[-0.890743,41.486324],[-0.891252,41.486325],[-0.891605,41.486345],[-0.891957,41.486387],[-0.892362,41.486458],[-0.892827,41.486516],[-0.89332,41.486583],[-0.893662,41.48663],[-0.894993,41.486781],[-0.895781,41.48684],[-0.896164,41.48687],[-0.896806,41.487007],[-0.897227,41.487141],[-0.897608,41.48722],[-0.897959,41.487272],[-0.898435,41.487366],[-0.898764,41.48739],[-0.899495,41.487376],[-0.900105,41.487397],[-0.901345,41.487415],[-0.90181,41.487423],[-0.901955,41.487427],[-0.902153,41.48743],[-0.902866,41.487416],[-0.903495,41.487414],[-0.903902,41.487413],[-0.904323,41.487366],[-0.904679,41.487274],[-0.90507,41.487236],[-0.905709,41.487275],[-0.905884,41.487283],[-0.906373,41.487309],[-0.906683,41.48736],[-0.907036,41.487533],[-0.90725,41.487595],[-0.907615,41.487606],[-0.907857,41.48753],[-0.908157,41.487513],[-0.908623,41.487562],[-0.908902,41.487621],[-0.909168,41.487725],[-0.909251,41.487749],[-0.909713,41.487735],[-0.910097,41.487697],[-0.910286,41.487615],[-0.910534,41.487538],[-0.910817,41.487498],[-0.91133,41.487363],[-0.911717,41.487258],[-0.912045,41.487304],[-0.912436,41.487433],[-0.912905,41.48755],[-0.913406,41.487626],[-0.913901,41.487671],[-0.914261,41.487664],[-0.914478,41.487632],[-0.914718,41.487609],[-0.914868,41.48759],[-0.915067,41.487562],[-0.9166,41.486819],[-0.917323,41.486486],[-0.917358,41.486707],[-0.917406,41.48728],[-0.917603,41.489148],[-0.917696,41.490172],[-0.917819,41.491192],[-0.917887,41.491684],[-0.917899,41.492053],[-0.917925,41.492378],[-0.917838,41.492845],[-0.917764,41.493276],[-0.917781,41.493497],[-0.917803,41.493565],[-0.917825,41.493808],[-0.917764,41.494028],[-0.917595,41.494255],[-0.917495,41.494383],[-0.917347,41.494529],[-0.91724,41.494698],[-0.917111,41.4948],[-0.916938,41.495139],[-0.916941,41.49522],[-0.91679,41.495469],[-0.916676,41.495638],[-0.916552,41.495789],[-0.916569,41.495826],[-0.916689,41.498413],[-0.919529,41.499144],[-0.921419,41.500318],[-0.922117,41.500772],[-0.922946,41.501287],[-0.923606,41.501627],[-0.924195,41.501935],[-0.924514,41.502085],[-0.924843,41.502262],[-0.925085,41.50237],[-0.925275,41.50245],[-0.925591,41.502672],[-0.926211,41.503133],[-0.928213,41.504577],[-0.929356,41.505401],[-0.929912,41.505813],[-0.930982,41.506647],[-0.93195,41.507457],[-0.932716,41.508066],[-0.934231,41.509196],[-0.93501,41.509755],[-0.935485,41.510101],[-0.935795,41.510332],[-0.936398,41.510775],[-0.936538,41.51089],[-0.938517,41.512344],[-0.939283,41.51293],[-0.940201,41.513654],[-0.940885,41.514179],[-0.941763,41.514834],[-0.942394,41.515337],[-0.942639,41.515544],[-0.942838,41.515705],[-0.942902,41.515764],[-0.944562,41.517073],[-0.945035,41.517469],[-0.944882,41.517777],[-0.94485,41.517835],[-0.944408,41.518732],[-0.944261,41.519022],[-0.943831,41.519924],[-0.943434,41.520728],[-0.942839,41.521919],[-0.942307,41.523],[-0.942229,41.523172],[-0.942114,41.523424],[-0.942124,41.523474],[-0.942163,41.523565],[-0.943073,41.525504],[-0.943382,41.526149],[-0.943522,41.526462],[-0.943831,41.527301],[-0.944076,41.527849],[-0.944128,41.528522],[-0.944183,41.529252],[-0.944576,41.530061],[-0.945244,41.530787],[-0.945467,41.531579],[-0.94538,41.531696],[-0.945417,41.531834],[-0.945151,41.531972],[-0.944981,41.532045],[-0.944922,41.532206],[-0.944806,41.532276],[-0.944593,41.532178],[-0.944381,41.532269],[-0.944164,41.532301],[-0.944017,41.532406],[-0.943936,41.532666],[-0.94378,41.53269],[-0.94376,41.532766],[-0.943557,41.532731],[-0.943294,41.532884],[-0.943036,41.532889],[-0.94295,41.532964],[-0.942989,41.533059],[-0.942896,41.533156],[-0.942721,41.533212],[-0.942682,41.533301],[-0.942597,41.533336],[-0.942483,41.533342],[-0.942329,41.533457],[-0.94232,41.533547],[-0.942224,41.533559],[-0.941817,41.533362],[-0.941611,41.533435],[-0.941521,41.533424],[-0.941424,41.533274],[-0.941167,41.533251],[-0.941226,41.53309],[-0.941168,41.533022],[-0.940762,41.532983],[-0.94086,41.533093],[-0.940877,41.533152],[-0.940614,41.533304],[-0.939997,41.533091],[-0.939606,41.533345],[-0.939733,41.533478],[-0.939579,41.533633],[-0.93914,41.533674],[-0.939444,41.534486],[-0.939019,41.53483],[-0.9387,41.534851],[-0.938517,41.53478],[-0.938376,41.534863],[-0.938419,41.534994],[-0.938637,41.535327],[-0.938535,41.535505],[-0.938582,41.535524],[-0.938611,41.535574],[-0.938474,41.535716],[-0.938148,41.536007],[-0.938076,41.536177],[-0.938041,41.53633],[-0.938119,41.536349],[-0.938236,41.536419],[-0.938298,41.536546],[-0.938276,41.536685],[-0.938302,41.536807],[-0.938361,41.537015],[-0.938304,41.537104],[-0.93756,41.537154],[-0.937336,41.537033],[-0.937365,41.536876],[-0.937383,41.536678],[-0.937182,41.536584],[-0.937085,41.536632],[-0.936992,41.53673],[-0.936842,41.536727],[-0.93676,41.536653],[-0.936598,41.536664],[-0.936453,41.536909],[-0.935962,41.536887],[-0.935892,41.536809],[-0.935557,41.536798],[-0.935378,41.536575],[-0.935634,41.53644],[-0.935261,41.536491],[-0.935033,41.536708],[-0.934167,41.536796],[-0.933897,41.536809],[-0.93383,41.536839],[-0.933727,41.536878],[-0.933815,41.537105],[-0.934022,41.537208],[-0.934273,41.537401],[-0.934655,41.537651],[-0.934919,41.537832],[-0.934951,41.537963],[-0.935007,41.538076],[-0.935161,41.538147],[-0.935418,41.53835],[-0.935742,41.538535],[-0.936092,41.538645],[-0.936118,41.538943],[-0.936151,41.539043],[-0.936355,41.53924],[-0.936388,41.539322],[-0.936414,41.539439],[-0.93647,41.539566],[-0.936546,41.53964],[-0.936883,41.539592],[-0.93702,41.539626],[-0.937077,41.539699],[-0.937152,41.53979],[-0.937252,41.53986],[-0.93728,41.539928],[-0.937229,41.540012],[-0.937165,41.540142],[-0.937185,41.540268],[-0.937235,41.540377],[-0.93731,41.540469],[-0.937491,41.540625],[-0.937582,41.54078],[-0.937603,41.541064],[-0.937382,41.541614],[-0.937258,41.541724],[-0.937021,41.541855],[-0.93678,41.541896],[-0.936455,41.541935],[-0.936349,41.542036],[-0.936226,41.542156],[-0.936228,41.542286],[-0.936386,41.542379],[-0.936584,41.542383],[-0.936751,41.542426],[-0.936868,41.542514],[-0.936865,41.542604],[-0.936802,41.542693],[-0.936587,41.54286],[-0.936573,41.542919],[-0.936604,41.54309],[-0.93692,41.543699],[-0.936985,41.543714],[-0.937469,41.543777],[-0.937679,41.543781],[-0.937694,41.543668],[-0.937733,41.543583],[-0.93795,41.543529],[-0.938238,41.543543],[-0.938517,41.543616],[-0.938925,41.543798],[-0.939182,41.543992],[-0.939262,41.544115],[-0.939284,41.544192],[-0.939128,41.544212],[-0.939036,41.544251],[-0.938919,41.544375],[-0.938932,41.544515],[-0.939021,41.544561],[-0.939153,41.544555],[-0.939236,41.544574],[-0.939336,41.544639],[-0.939865,41.544946],[-0.940238,41.545119],[-0.940419,41.545244],[-0.940453,41.545321],[-0.940431,41.545451],[-0.940376,41.545675],[-0.940421,41.545766],[-0.940497,41.545826],[-0.940698,41.545902],[-0.940745,41.545952],[-0.940728,41.546114],[-0.940712,41.546424],[-0.940738,41.546546],[-0.940811,41.546683],[-0.940874,41.546774],[-0.940943,41.54687],[-0.941223,41.547124],[-0.941444,41.547326],[-0.941592,41.547396],[-0.941865,41.547495],[-0.94204,41.547643],[-0.942158,41.547708],[-0.94233,41.547751],[-0.942387,41.547842],[-0.942412,41.548],[-0.942433,41.548109],[-0.942566,41.548436],[-0.942685,41.548478],[-0.942962,41.548443],[-0.943132,41.54854],[-0.943395,41.548563],[-0.943555,41.548629],[-0.943781,41.548687],[-0.943956,41.548839],[-0.943794,41.549403],[-0.943913,41.549644],[-0.945151,41.550477],[-0.946206,41.551503],[-0.947164,41.553063],[-0.947107,41.553616],[-0.946788,41.553928],[-0.946619,41.554359],[-0.946163,41.5553],[-0.945989,41.55563],[-0.946189,41.555742],[-0.946686,41.555764],[-0.946836,41.55578],[-0.947076,41.556149],[-0.947649,41.556227],[-0.947882,41.556425],[-0.947721,41.556607],[-0.947849,41.557275],[-0.947876,41.557393],[-0.947855,41.557654],[-0.9478,41.557878],[-0.947752,41.558089],[-0.947796,41.55858],[-0.94786,41.558834],[-0.947958,41.558962],[-0.948063,41.559058],[-0.948107,41.559167],[-0.948008,41.559287],[-0.947611,41.5595],[-0.947343,41.559644],[-0.946812,41.559743],[-0.946541,41.559774],[-0.946281,41.559846],[-0.946062,41.559937],[-0.945934,41.560024],[-0.945918,41.560137],[-0.945908,41.560258],[-0.945998,41.560444],[-0.946107,41.560608],[-0.946222,41.560777],[-0.946312,41.560963],[-0.946469,41.561119],[-0.946591,41.561216],[-0.946647,41.561339],[-0.946695,41.561533],[-0.946763,41.561669],[-0.947012,41.56175],[-0.947163,41.561726],[-0.947348,41.561743],[-0.947449,41.56179],[-0.947502,41.561822],[-0.94757,41.561949],[-0.947631,41.562086],[-0.947686,41.562235],[-0.947672,41.562298],[-0.947544,41.562381],[-0.947361,41.562464],[-0.947305,41.562544],[-0.947272,41.562638],[-0.947395,41.56273],[-0.947541,41.563043],[-0.947433,41.563609],[-0.945584,41.564999],[-0.945657,41.565351],[-0.945709,41.565424],[-0.945987,41.565528],[-0.946206,41.565613],[-0.946341,41.565715],[-0.946527,41.565903],[-0.946982,41.566285],[-0.947193,41.566446],[-0.947227,41.566501],[-0.947842,41.566777],[-0.947974,41.566798],[-0.948512,41.566839],[-0.947995,41.567253],[-0.947619,41.567584],[-0.947479,41.567653],[-0.94738,41.567751],[-0.94733,41.567799],[-0.946988,41.568181],[-0.946594,41.568484],[-0.946396,41.568674],[-0.946205,41.568842],[-0.946061,41.569015],[-0.945835,41.569146],[-0.945726,41.569185],[-0.945152,41.569521],[-0.944797,41.569727],[-0.944003,41.570757],[-0.942287,41.573046],[-0.94228,41.573082],[-0.942214,41.573265],[-0.942094,41.573587],[-0.942083,41.573614],[-0.9418,41.574401],[-0.941781,41.574437],[-0.94169,41.574683],[-0.941652,41.574728],[-0.941236,41.57536],[-0.941185,41.575453],[-0.940986,41.575693],[-0.940699,41.576025],[-0.940593,41.576159],[-0.940548,41.576266],[-0.940533,41.576342],[-0.940392,41.576443],[-0.939916,41.576885],[-0.939711,41.577125],[-0.939634,41.57729],[-0.93962,41.577335],[-0.939522,41.577585],[-0.939424,41.57784],[-0.939365,41.578001],[-0.938519,41.578769],[-0.938074,41.579185],[-0.937589,41.579906],[-0.937232,41.580183],[-0.936984,41.580453],[-0.936829,41.580626],[-0.93669,41.580659],[-0.934211,41.579579],[-0.933104,41.57892],[-0.931136,41.578204],[-0.931073,41.577726],[-0.931112,41.577456],[-0.930355,41.576754],[-0.929479,41.576765],[-0.92854,41.576307],[-0.928413,41.576003],[-0.928328,41.575798],[-0.928075,41.57565],[-0.928015,41.575473],[-0.92827,41.57405],[-0.928139,41.57366],[-0.92764,41.573498],[-0.927418,41.572774],[-0.926895,41.572436],[-0.926255,41.57201],[-0.926042,41.571713],[-0.925303,41.571776],[-0.924579,41.571164],[-0.924562,41.570934],[-0.92407,41.570758],[-0.923302,41.57001],[-0.922453,41.570301],[-0.921707,41.570936],[-0.920036,41.570703],[-0.919237,41.569806],[-0.918621,41.569556],[-0.918581,41.569524],[-0.918085,41.569069],[-0.916975,41.569099],[-0.916173,41.568881],[-0.916124,41.568727],[-0.915584,41.568898],[-0.915745,41.570247],[-0.915664,41.57184],[-0.915471,41.571863],[-0.915375,41.571866],[-0.914967,41.571873],[-0.914858,41.571875],[-0.914667,41.571876],[-0.914509,41.571936],[-0.914468,41.571955],[-0.913949,41.572187],[-0.913334,41.572491],[-0.91283,41.572684],[-0.912648,41.572735],[-0.912605,41.57277],[-0.912519,41.572836],[-0.912385,41.572906],[-0.912162,41.572938],[-0.911932,41.572992],[-0.911772,41.573129],[-0.911708,41.573254],[-0.911708,41.57343],[-0.911773,41.573841],[-0.911732,41.574002],[-0.911661,41.574145],[-0.911101,41.574788],[-0.911001,41.574916],[-0.911009,41.575047],[-0.911129,41.575211],[-0.911257,41.575331],[-0.91148,41.575488],[-0.911604,41.575558],[-0.911715,41.575654],[-0.911764,41.57579],[-0.911786,41.576038],[-0.911773,41.576268],[-0.911689,41.576446],[-0.911587,41.576634],[-0.911557,41.576809],[-0.91154,41.576993],[-0.911404,41.577103],[-0.911214,41.577239],[-0.911179,41.57777],[-0.911015,41.578209],[-0.91086,41.578354],[-0.910616,41.578476],[-0.910377,41.578625],[-0.909917,41.578963],[-0.909495,41.579208],[-0.909191,41.579517],[-0.908948,41.579625],[-0.908385,41.579962],[-0.908063,41.5801],[-0.907822,41.580307],[-0.907541,41.580654],[-0.907353,41.580916],[-0.907155,41.581079],[-0.906909,41.581277],[-0.906753,41.581657],[-0.906602,41.581875],[-0.906534,41.581946],[-0.906484,41.582003],[-0.906351,41.582222],[-0.906295,41.582459],[-0.906346,41.58273],[-0.906453,41.582953],[-0.906624,41.583411],[-0.906681,41.583894],[-0.906765,41.58408],[-0.906969,41.584448],[-0.90698,41.584651],[-0.906919,41.584866],[-0.906749,41.585111],[-0.906548,41.585387],[-0.906403,41.585614],[-0.906385,41.585771],[-0.90636,41.585987],[-0.906463,41.586313],[-0.906702,41.586709],[-0.906888,41.586897],[-0.907215,41.587168],[-0.90739,41.58732],[-0.90771,41.587457],[-0.907885,41.587599],[-0.908138,41.587744],[-0.908486,41.587944],[-0.908631,41.588081],[-0.908877,41.588271],[-0.908971,41.588331],[-0.909083,41.588387],[-0.909408,41.588559],[-0.90955,41.588616],[-0.909862,41.588793],[-0.910091,41.588946],[-0.910395,41.589185],[-0.910787,41.589327],[-0.911181,41.589546],[-0.911463,41.589741],[-0.911698,41.589889],[-0.912064,41.590274],[-0.912747,41.590854],[-0.91293,41.590929],[-0.913349,41.590959],[-0.913384,41.591014],[-0.913417,41.591091],[-0.913454,41.591245],[-0.913522,41.591364],[-0.913725,41.591579],[-0.913935,41.591781],[-0.914144,41.591974],[-0.914333,41.59209],[-0.914432,41.592164],[-0.914632,41.592312],[-0.914844,41.592415],[-0.915035,41.592621],[-0.915498,41.592967],[-0.915849,41.593253],[-0.916087,41.593514],[-0.916311,41.59381],[-0.916466,41.594016],[-0.916763,41.594291],[-0.917154,41.594627],[-0.917522,41.594936],[-0.917725,41.595169],[-0.917933,41.595425],[-0.918074,41.595707],[-0.91824,41.59593],[-0.91838,41.596073],[-0.918527,41.596161],[-0.918864,41.596307],[-0.919391,41.596514],[-0.919729,41.596642],[-0.919878,41.59669],[-0.920122,41.596757],[-0.920411,41.596897],[-0.920807,41.597441],[-0.920913,41.59751],[-0.921118,41.597662],[-0.9212,41.597722],[-0.921403,41.597938],[-0.921419,41.598019],[-0.92147,41.598101],[-0.921519,41.59825],[-0.92155,41.598409],[-0.921625,41.598523],[-0.921699,41.598645],[-0.921688,41.598776],[-0.921684,41.598906],[-0.921684,41.599109],[-0.921674,41.599226],[-0.921689,41.599316],[-0.921733,41.599452],[-0.921751,41.599619],[-0.921727,41.599808],[-0.921682,41.59992],[-0.921636,41.60004],[-0.921548,41.600174],[-0.921485,41.600245],[-0.921459,41.600321],[-0.921382,41.600477],[-0.921316,41.600656],[-0.921263,41.600831],[-0.921202,41.601032],[-0.921129,41.601247],[-0.921083,41.601372],[-0.921027,41.601619],[-0.920973,41.602014],[-0.92097,41.602293],[-0.920926,41.602531],[-0.920978,41.602789],[-0.921045,41.602943],[-0.921168,41.603225],[-0.921272,41.603326],[-0.921731,41.603433],[-0.921882,41.603395],[-0.922107,41.603309],[-0.922273,41.603177],[-0.92246,41.602946],[-0.922737,41.602735],[-0.922843,41.602606],[-0.922672,41.603342],[-0.922641,41.603426],[-0.92232,41.603895],[-0.921878,41.604541],[-0.921604,41.604928],[-0.921391,41.605227],[-0.92115,41.605522],[-0.921012,41.605692],[-0.920887,41.605844],[-0.920709,41.606022],[-0.920268,41.6064],[-0.920063,41.60661],[-0.919711,41.607014],[-0.919538,41.607208],[-0.919416,41.607325],[-0.919238,41.607451],[-0.919055,41.607531],[-0.918809,41.607621],[-0.918667,41.607723],[-0.918392,41.607997],[-0.918022,41.608301],[-0.917391,41.608778],[-0.916907,41.609144],[-0.916379,41.609588],[-0.916067,41.609832],[-0.915888,41.609959],[-0.915737,41.610046],[-0.915464,41.610185],[-0.915238,41.610331],[-0.915138,41.610412],[-0.91494,41.610589],[-0.914839,41.610712],[-0.914743,41.610908],[-0.914643,41.61103],[-0.914457,41.611155],[-0.913953,41.611498],[-0.913523,41.611726],[-0.913297,41.611858],[-0.913067,41.611962],[-0.912787,41.612035],[-0.912598,41.61204],[-0.912327,41.612004],[-0.912075,41.611949],[-0.91191,41.611938],[-0.911813,41.611955],[-0.911681,41.61202],[-0.911621,41.612097],[-0.911606,41.612161],[-0.911629,41.612259],[-0.911751,41.612378],[-0.912075,41.612613],[-0.91212,41.61281],[-0.912128,41.612855],[-0.912112,41.612951],[-0.91205,41.61304],[-0.91195,41.61313],[-0.911779,41.613267],[-0.911512,41.613451],[-0.911265,41.613644],[-0.911096,41.613759],[-0.911034,41.613804],[-0.910994,41.613832],[-0.910944,41.613863],[-0.910886,41.613899],[-0.910835,41.613927],[-0.91076,41.613965],[-0.910706,41.613993],[-0.910653,41.61402],[-0.910607,41.614048],[-0.910556,41.614081],[-0.910514,41.614111],[-0.91045,41.614166],[-0.910354,41.614247],[-0.910306,41.614297],[-0.910259,41.614343],[-0.910209,41.614391],[-0.910171,41.614424],[-0.910121,41.614466],[-0.910076,41.614503],[-0.910029,41.614537],[-0.909995,41.61456],[-0.909936,41.614592],[-0.909906,41.614606],[-0.909845,41.61463],[-0.909789,41.61465],[-0.909736,41.614668],[-0.909681,41.614694],[-0.90964,41.614718],[-0.909589,41.614752],[-0.909555,41.614786],[-0.909522,41.614825],[-0.909494,41.61486],[-0.909369,41.614995],[-0.90922,41.615132],[-0.909125,41.615225],[-0.909035,41.615328],[-0.908978,41.615396],[-0.908926,41.615491],[-0.908833,41.615638],[-0.908777,41.615682],[-0.908692,41.615735],[-0.908583,41.615791],[-0.908417,41.615874],[-0.908187,41.616027],[-0.908044,41.616118],[-0.90785,41.616258],[-0.907707,41.616383],[-0.907628,41.616463],[-0.907547,41.616537],[-0.907519,41.61657],[-0.907452,41.616617],[-0.907371,41.616653],[-0.90726,41.61669],[-0.907168,41.616706],[-0.90694,41.616728],[-0.906724,41.616709],[-0.906464,41.616625],[-0.906247,41.616563],[-0.906126,41.616532],[-0.906014,41.61652],[-0.905834,41.616544],[-0.905734,41.616571],[-0.905645,41.616615],[-0.905591,41.61668],[-0.905556,41.616754],[-0.905537,41.616828],[-0.90555,41.616933],[-0.905594,41.617142],[-0.905667,41.617526],[-0.905755,41.617842],[-0.905784,41.617941],[-0.905858,41.618105],[-0.905886,41.618166],[-0.905937,41.61824],[-0.905984,41.618302],[-0.906039,41.618374],[-0.906076,41.618418],[-0.906114,41.618456],[-0.906151,41.618488],[-0.906188,41.618518],[-0.906253,41.618562],[-0.906336,41.618622],[-0.906427,41.618691],[-0.906503,41.618755],[-0.906558,41.618801],[-0.906597,41.618839],[-0.906628,41.618881],[-0.906653,41.618957],[-0.906659,41.619011],[-0.906658,41.619041],[-0.906655,41.619137],[-0.906652,41.619189],[-0.906646,41.619229],[-0.906631,41.619308],[-0.906604,41.619383],[-0.906556,41.61951],[-0.906545,41.619552],[-0.90654,41.619613],[-0.906541,41.619664],[-0.906547,41.619705],[-0.90656,41.619783],[-0.906651,41.619914],[-0.906389,41.620095],[-0.905913,41.620427],[-0.905788,41.620536],[-0.905764,41.620555],[-0.905743,41.620573],[-0.905724,41.620586],[-0.905708,41.620596],[-0.905662,41.62062],[-0.905627,41.620638],[-0.905603,41.62065],[-0.905565,41.620667],[-0.90552,41.620687],[-0.905484,41.620702],[-0.905454,41.620715],[-0.905413,41.620729],[-0.905382,41.620741],[-0.905351,41.620751],[-0.905318,41.620761],[-0.905283,41.620769],[-0.905247,41.620777],[-0.905192,41.620789],[-0.905149,41.620797],[-0.905117,41.620805],[-0.905082,41.620814],[-0.905052,41.620822],[-0.905022,41.620831],[-0.90497,41.620847],[-0.904897,41.620871],[-0.904822,41.6209],[-0.904796,41.620911],[-0.904777,41.620919],[-0.904757,41.620929],[-0.904737,41.62094],[-0.904717,41.620952],[-0.904695,41.620969],[-0.90468,41.620983],[-0.904664,41.620998],[-0.90465,41.621012],[-0.904636,41.621031],[-0.904625,41.621048],[-0.904605,41.621085],[-0.90459,41.621125],[-0.904579,41.621173],[-0.904485,41.62179],[-0.904392,41.621744],[-0.904196,41.621736],[-0.903937,41.62176],[-0.903644,41.621865],[-0.903352,41.622046],[-0.902904,41.622349],[-0.902099,41.622873],[-0.90172,41.623161],[-0.901554,41.623349],[-0.901309,41.623706],[-0.900977,41.624225],[-0.900748,41.624535],[-0.90051,41.624848],[-0.899523,41.625685],[-0.898677,41.626391],[-0.898293,41.626758],[-0.898106,41.627151],[-0.897909,41.627813],[-0.897675,41.628273],[-0.897363,41.628564],[-0.896612,41.629096],[-0.896081,41.629459],[-0.895842,41.629538],[-0.895428,41.629575],[-0.894743,41.629602],[-0.894058,41.62963],[-0.89329,41.629642],[-0.892917,41.629679],[-0.892622,41.629722],[-0.892418,41.62982],[-0.892299,41.629932],[-0.892216,41.630062],[-0.892103,41.630237],[-0.891952,41.630607],[-0.891769,41.631151],[-0.891732,41.631265],[-0.891568,41.631805],[-0.891522,41.632003],[-0.891539,41.632178],[-0.891557,41.632357],[-0.891649,41.632961],[-0.891665,41.633238],[-0.891492,41.63343],[-0.891212,41.633593],[-0.890894,41.633694],[-0.890496,41.633752],[-0.889936,41.633768],[-0.889467,41.633718]]]}},{"type":"Feature","properties":{"name":"Universidad","kind":"municipal","id":11},"geometry":{"type":"Polygon","coordinates":[[[-0.893675,41.6465],[-0.893659,41.64638],[-0.893649,41.646299],[-0.893331,41.645558],[-0.892896,41.64489],[-0.892619,41.644693],[-0.891951,41.644219],[-0.891475,41.643984],[-0.890935,41.643712],[-0.890199,41.643457],[-0.888355,41.642943],[-0.887539,41.642706],[-0.886234,41.642313],[-0.886595,41.639986],[-0.886544,41.639847],[-0.886312,41.639215],[-0.886233,41.638991],[-0.885273,41.638579],[-0.884682,41.638315],[-0.884524,41.638188],[-0.884446,41.63803],[-0.88444,41.637812],[-0.884565,41.636888],[-0.884588,41.636712],[-0.884628,41.636415],[-0.884674,41.63607],[-0.884803,41.635059],[-0.884919,41.63417],[-0.885032,41.633687],[-0.88511,41.633222],[-0.886286,41.633378],[-0.887102,41.633447],[-0.888551,41.633611],[-0.889467,41.633718],[-0.889936,41.633768],[-0.890496,41.633753],[-0.890894,41.633694],[-0.891212,41.633593],[-0.891492,41.63343],[-0.891665,41.633238],[-0.89165,41.632961],[-0.891557,41.632357],[-0.891539,41.632178],[-0.891522,41.632003],[-0.891568,41.631805],[-0.891732,41.631265],[-0.89177,41.631151],[-0.891952,41.630607],[-0.892104,41.630237],[-0.892216,41.630061],[-0.892299,41.629932],[-0.892417,41.629821],[-0.892621,41.629722],[-0.892917,41.629679],[-0.89329,41.629642],[-0.894058,41.629629],[-0.894743,41.629602],[-0.895428,41.629575],[-0.895842,41.629538],[-0.896081,41.629458],[-0.896612,41.629096],[-0.897362,41.628564],[-0.897674,41.628273],[-0.897702,41.62829],[-0.897827,41.628414],[-0.897892,41.628474],[-0.897947,41.628519],[-0.898057,41.628606],[-0.898202,41.628709],[-0.898353,41.628801],[-0.898439,41.628851],[-0.89874,41.629016],[-0.899108,41.629211],[-0.899392,41.629359],[-0.899675,41.629508],[-0.90001,41.629685],[-0.900149,41.629759],[-0.900469,41.629928],[-0.900809,41.630105],[-0.900905,41.630156],[-0.901167,41.630292],[-0.901603,41.630519],[-0.901846,41.630638],[-0.902071,41.630754],[-0.902498,41.630955],[-0.902954,41.63117],[-0.90331,41.631331],[-0.903505,41.631419],[-0.904073,41.631677],[-0.904324,41.631797],[-0.904496,41.631898],[-0.904773,41.63206],[-0.905187,41.63247],[-0.905704,41.632602],[-0.906184,41.632752],[-0.906694,41.633008],[-0.907365,41.633354],[-0.907992,41.633664],[-0.909001,41.634126],[-0.909907,41.63454],[-0.910772,41.634944],[-0.911146,41.635112],[-0.911442,41.635292],[-0.911652,41.635445],[-0.911879,41.63561],[-0.912047,41.635769],[-0.912189,41.6359],[-0.912339,41.636065],[-0.912462,41.636242],[-0.912583,41.63638],[-0.912807,41.636804],[-0.91297,41.637175],[-0.913532,41.638472],[-0.91379,41.639045],[-0.91394,41.639327],[-0.914029,41.639538],[-0.914171,41.639875],[-0.914232,41.640016],[-0.914376,41.640402],[-0.913422,41.64071],[-0.911567,41.641309],[-0.910729,41.64158],[-0.90964,41.641931],[-0.908843,41.642188],[-0.907313,41.642681],[-0.906118,41.643054],[-0.905932,41.643112],[-0.904136,41.643689],[-0.90212,41.644354],[-0.90021,41.644985],[-0.900001,41.645073],[-0.898268,41.645803],[-0.895227,41.647023],[-0.895162,41.647049],[-0.894013,41.64751],[-0.89382,41.647587],[-0.893675,41.6465]]]}},{"type":"Feature","properties":{"name":"Alfocea","kind":"vecinal","id":14},"geometry":{"type":"Polygon","coordinates":[[[-0.974244,41.763961],[-0.974111,41.763782],[-0.974028,41.763633],[-0.973903,41.763433],[-0.97382,41.763294],[-0.973776,41.763142],[-0.973708,41.763],[-0.973612,41.762931],[-0.973447,41.762881],[-0.973217,41.762822],[-0.972962,41.762772],[-0.972713,41.762734],[-0.972484,41.762667],[-0.972309,41.762592],[-0.972088,41.762478],[-0.971903,41.762382],[-0.97173,41.762295],[-0.971495,41.762206],[-0.971253,41.762108],[-0.971045,41.762018],[-0.970813,41.761917],[-0.970596,41.761868],[-0.970377,41.7618],[-0.970162,41.761699],[-0.969969,41.761588],[-0.969746,41.761457],[-0.969552,41.761348],[-0.969338,41.761201],[-0.969167,41.761042],[-0.968998,41.760864],[-0.968829,41.76072],[-0.968652,41.760579],[-0.968435,41.760428],[-0.968194,41.760279],[-0.968019,41.760147],[-0.967849,41.760002],[-0.967692,41.759813],[-0.967545,41.759649],[-0.967369,41.759482],[-0.967183,41.759332],[-0.967011,41.759206],[-0.966804,41.759091],[-0.966636,41.759026],[-0.966414,41.759009],[-0.966347,41.759007],[-0.966185,41.758999],[-0.966071,41.758984],[-0.965841,41.758957],[-0.965467,41.758918],[-0.965016,41.75886],[-0.964836,41.758822],[-0.964753,41.758782],[-0.964684,41.75856],[-0.964586,41.758385],[-0.964458,41.758127],[-0.964321,41.757831],[-0.964175,41.757568],[-0.963993,41.757333],[-0.96384,41.75715],[-0.963694,41.757008],[-0.963573,41.756908],[-0.963549,41.756889],[-0.96325,41.756732],[-0.963004,41.756593],[-0.962782,41.756481],[-0.962498,41.756389],[-0.962165,41.756316],[-0.961841,41.756229],[-0.961562,41.756163],[-0.961373,41.756104],[-0.961133,41.756011],[-0.960942,41.755904],[-0.960754,41.755747],[-0.96054,41.755546],[-0.960369,41.755385],[-0.960199,41.755223],[-0.960027,41.755066],[-0.959805,41.754918],[-0.959529,41.754785],[-0.959247,41.754646],[-0.958972,41.754525],[-0.95872,41.754382],[-0.958572,41.754279],[-0.958429,41.75416],[-0.958285,41.754011],[-0.95813,41.75382],[-0.958,41.75356],[-0.957892,41.753323],[-0.957717,41.753019],[-0.957581,41.752708],[-0.957477,41.752506],[-0.957364,41.752227],[-0.957223,41.7519],[-0.957141,41.751681],[-0.957097,41.75145],[-0.957058,41.751194],[-0.956985,41.750973],[-0.95683,41.75077],[-0.956675,41.75065],[-0.956552,41.750554],[-0.956341,41.750393],[-0.95615,41.750242],[-0.955982,41.75013],[-0.955785,41.750049],[-0.955419,41.749977],[-0.955219,41.749937],[-0.955125,41.749911],[-0.95488,41.749849],[-0.954567,41.749752],[-0.954354,41.7497],[-0.954311,41.749621],[-0.954317,41.749506],[-0.954355,41.749291],[-0.954377,41.749075],[-0.954372,41.748797],[-0.954373,41.748649],[-0.954354,41.748395],[-0.954323,41.748018],[-0.95442,41.747622],[-0.954461,41.747458],[-0.95451,41.747159],[-0.954541,41.746833],[-0.954542,41.74659],[-0.954539,41.746489],[-0.954494,41.746319],[-0.954434,41.746099],[-0.95444,41.745929],[-0.954368,41.745742],[-0.954342,41.745299],[-0.954741,41.744872],[-0.954997,41.74461],[-0.95516,41.744449],[-0.955272,41.744291],[-0.955379,41.74409],[-0.955505,41.743824],[-0.955615,41.743567],[-0.955707,41.743336],[-0.955782,41.743031],[-0.955875,41.742694],[-0.955974,41.742394],[-0.956125,41.742048],[-0.956205,41.741832],[-0.956279,41.741585],[-0.956334,41.74123],[-0.956346,41.740781],[-0.956431,41.740051],[-0.956448,41.739576],[-0.956519,41.738553],[-0.956776,41.73816],[-0.956859,41.738021],[-0.956903,41.73792],[-0.956947,41.73783],[-0.956985,41.737697],[-0.957027,41.737536],[-0.956538,41.736519],[-0.956297,41.736251],[-0.95621,41.736119],[-0.956114,41.735997],[-0.956072,41.735875],[-0.956063,41.735737],[-0.956075,41.735584],[-0.956089,41.735379],[-0.956108,41.735241],[-0.956095,41.735079],[-0.956092,41.73493],[-0.95605,41.734757],[-0.955988,41.734587],[-0.955881,41.734375],[-0.955828,41.734254],[-0.955723,41.734014],[-0.955594,41.733562],[-0.955435,41.733243],[-0.955307,41.733119],[-0.955179,41.733003],[-0.955059,41.732879],[-0.954995,41.73277],[-0.95497,41.732655],[-0.954974,41.732547],[-0.954959,41.732441],[-0.9549,41.732291],[-0.954776,41.73201],[-0.954721,41.731784],[-0.954716,41.731585],[-0.95471,41.731385],[-0.954701,41.731229],[-0.954667,41.731095],[-0.954611,41.731027],[-0.9545,41.730949],[-0.954393,41.730853],[-0.954299,41.730757],[-0.954193,41.730715],[-0.954052,41.730662],[-0.953921,41.730591],[-0.953847,41.73049],[-0.953827,41.730413],[-0.953838,41.730342],[-0.953874,41.730225],[-0.953877,41.730093],[-0.953843,41.729983],[-0.953804,41.729869],[-0.953795,41.72974],[-0.95377,41.72958],[-0.953682,41.72942],[-0.953588,41.729283],[-0.953576,41.729209],[-0.953598,41.729053],[-0.953608,41.728913],[-0.953581,41.728757],[-0.953526,41.728562],[-0.95346,41.728341],[-0.953361,41.728068],[-0.953227,41.727743],[-0.953093,41.72751],[-0.952897,41.727141],[-0.952894,41.727083],[-0.952882,41.727013],[-0.952822,41.726952],[-0.952689,41.726779],[-0.952451,41.726347],[-0.952296,41.72606],[-0.952166,41.725829],[-0.95204,41.725651],[-0.951884,41.725514],[-0.951273,41.725038],[-0.950615,41.724377],[-0.950502,41.724224],[-0.950436,41.724086],[-0.949855,41.723791],[-0.949885,41.723623],[-0.9501,41.723422],[-0.95034,41.723331],[-0.950609,41.723358],[-0.950629,41.72329],[-0.950595,41.723192],[-0.95047,41.723099],[-0.95033,41.72302],[-0.950078,41.722937],[-0.949876,41.722851],[-0.94968,41.722766],[-0.949417,41.72265],[-0.949128,41.722538],[-0.948803,41.72243],[-0.948406,41.722292],[-0.948283,41.722245],[-0.947979,41.72213],[-0.947802,41.722059],[-0.947602,41.721965],[-0.947412,41.721867],[-0.947209,41.721767],[-0.946983,41.72166],[-0.946746,41.721539],[-0.946495,41.721412],[-0.946297,41.721315],[-0.946118,41.721219],[-0.945958,41.721102],[-0.945835,41.720992],[-0.945755,41.720924],[-0.945571,41.720767],[-0.945425,41.720674],[-0.945291,41.720576],[-0.945119,41.720447],[-0.944979,41.720358],[-0.944825,41.720258],[-0.94467,41.720165],[-0.94452,41.72008],[-0.944365,41.720001],[-0.944297,41.719963],[-0.94417,41.719904],[-0.944026,41.719802],[-0.943847,41.719657],[-0.94376,41.719488],[-0.943841,41.719411],[-0.943997,41.719211],[-0.944075,41.719029],[-0.944152,41.718782],[-0.944209,41.718561],[-0.944207,41.718446],[-0.944279,41.718396],[-0.944408,41.718284],[-0.944569,41.718099],[-0.9447,41.717936],[-0.944779,41.717789],[-0.94486,41.717578],[-0.944936,41.717334],[-0.944957,41.717164],[-0.944924,41.717046],[-0.94485,41.71686],[-0.944758,41.71669],[-0.944632,41.716501],[-0.944602,41.716417],[-0.94483,41.716442],[-0.945338,41.716527],[-0.946432,41.716704],[-0.946289,41.7163],[-0.946224,41.716129],[-0.946181,41.715907],[-0.946171,41.715738],[-0.946083,41.715478],[-0.946003,41.715194],[-0.945933,41.714907],[-0.945767,41.714377],[-0.945528,41.714009],[-0.945373,41.71377],[-0.945256,41.713529],[-0.945172,41.71324],[-0.945096,41.712993],[-0.94499,41.712689],[-0.944913,41.712428],[-0.944832,41.712205],[-0.944762,41.712022],[-0.944755,41.711901],[-0.944738,41.711856],[-0.944696,41.711827],[-0.944436,41.711704],[-0.944134,41.711567],[-0.943672,41.711281],[-0.943257,41.711053],[-0.942978,41.710882],[-0.942723,41.71073],[-0.942665,41.710674],[-0.94263,41.710608],[-0.942914,41.710544],[-0.943415,41.71044],[-0.943891,41.710345],[-0.943935,41.710333],[-0.944299,41.710253],[-0.944807,41.710145],[-0.94563,41.709981],[-0.944817,41.709217],[-0.944504,41.708937],[-0.944333,41.708789],[-0.944153,41.708585],[-0.9437,41.708052],[-0.943307,41.707606],[-0.942963,41.707212],[-0.942649,41.706829],[-0.942318,41.706414],[-0.942056,41.706086],[-0.941993,41.705953],[-0.94193,41.705856],[-0.941378,41.704023],[-0.944074,41.705482],[-0.94838,41.706673],[-0.955575,41.708698],[-0.958141,41.709321],[-0.960219,41.709688],[-0.960879,41.709699],[-0.961689,41.710167],[-0.962656,41.710885],[-0.962799,41.711589],[-0.962562,41.713852],[-0.961846,41.717344],[-0.96181,41.718498],[-0.962577,41.720326],[-0.962762,41.720566],[-0.963317,41.721287],[-0.963801,41.721626],[-0.965104,41.722185],[-0.96723,41.722636],[-0.967526,41.722781],[-0.967995,41.722969],[-0.968446,41.723157],[-0.96892,41.723359],[-0.969283,41.723501],[-0.969781,41.723699],[-0.969978,41.723761],[-0.970439,41.723814],[-0.971193,41.723908],[-0.971498,41.723968],[-0.971865,41.724163],[-0.972303,41.724378],[-0.972571,41.72464],[-0.972741,41.724787],[-0.972907,41.725002],[-0.973414,41.725515],[-0.973503,41.725605],[-0.97429,41.726401],[-0.974533,41.726647],[-0.975015,41.727134],[-0.975123,41.727243],[-0.975431,41.727554],[-0.975872,41.728053],[-0.976551,41.728822],[-0.976827,41.729089],[-0.977588,41.729849],[-0.977863,41.730124],[-0.978219,41.730441],[-0.9784,41.730565],[-0.978457,41.730604],[-0.978596,41.730699],[-0.98041,41.731877],[-0.980789,41.732123],[-0.980941,41.732222],[-0.982337,41.733016],[-0.983258,41.733513],[-0.984736,41.734311],[-0.984926,41.734414],[-0.985004,41.734455],[-0.986535,41.735282],[-0.986914,41.735487],[-0.987113,41.735594],[-0.989507,41.736885],[-0.991444,41.738203],[-0.991613,41.738318],[-0.991896,41.73851],[-0.989488,41.740575],[-0.988442,41.741925],[-0.988236,41.742119],[-0.988096,41.742362],[-0.987973,41.742606],[-0.987862,41.742843],[-0.987789,41.742945],[-0.987733,41.743011],[-0.987427,41.74309],[-0.987152,41.743181],[-0.986813,41.743351],[-0.986507,41.743521],[-0.986358,41.743637],[-0.986211,41.743803],[-0.986118,41.743907],[-0.986052,41.74396],[-0.985954,41.744008],[-0.985836,41.744039],[-0.985618,41.744054],[-0.985343,41.744082],[-0.98508,41.74413],[-0.984937,41.744167],[-0.984803,41.744221],[-0.984667,41.744363],[-0.984561,41.744478],[-0.984419,41.744553],[-0.984267,41.744607],[-0.984102,41.744645],[-0.983949,41.74466],[-0.983828,41.744652],[-0.9837,41.744623],[-0.983633,41.744597],[-0.983557,41.744575],[-0.983439,41.744584],[-0.983141,41.74463],[-0.982866,41.744681],[-0.982731,41.744685],[-0.982647,41.744684],[-0.982552,41.744699],[-0.982505,41.744731],[-0.982497,41.744844],[-0.982467,41.744908],[-0.98237,41.744957],[-0.982074,41.745075],[-0.981834,41.745153],[-0.981635,41.745178],[-0.981481,41.745179],[-0.981386,41.745159],[-0.981303,41.745112],[-0.981239,41.745027],[-0.981209,41.744967],[-0.981148,41.744914],[-0.980973,41.744862],[-0.980742,41.744829],[-0.980298,41.744818],[-0.979982,41.744819],[-0.979861,41.744841],[-0.979782,41.744875],[-0.979656,41.744989],[-0.979538,41.745149],[-0.979453,41.745279],[-0.979356,41.74539],[-0.979443,41.745457],[-0.979587,41.745622],[-0.979786,41.745913],[-0.980209,41.746493],[-0.980637,41.747026],[-0.980817,41.747293],[-0.981005,41.747509],[-0.981122,41.747646],[-0.981146,41.747718],[-0.981164,41.747951],[-0.981128,41.74808],[-0.981048,41.74819],[-0.980907,41.7483],[-0.980763,41.748404],[-0.980658,41.748512],[-0.980575,41.748656],[-0.980549,41.748824],[-0.980509,41.749087],[-0.980399,41.749356],[-0.980294,41.74959],[-0.980145,41.749752],[-0.979974,41.749887],[-0.979756,41.750069],[-0.979549,41.750268],[-0.979375,41.750489],[-0.979305,41.750658],[-0.979249,41.750826],[-0.979233,41.750973],[-0.979232,41.751154],[-0.979278,41.751303],[-0.979379,41.751449],[-0.979507,41.751606],[-0.979643,41.751758],[-0.979905,41.751995],[-0.980132,41.752199],[-0.980335,41.752363],[-0.980507,41.752481],[-0.980668,41.752588],[-0.980844,41.752695],[-0.980946,41.752748],[-0.98106,41.752815],[-0.981177,41.752893],[-0.981314,41.752919],[-0.981455,41.752976],[-0.981601,41.753068],[-0.981723,41.75318],[-0.981833,41.753295],[-0.9819,41.7534],[-0.981978,41.753535],[-0.982174,41.753894],[-0.982257,41.754443],[-0.982254,41.754596],[-0.982245,41.754739],[-0.98221,41.754872],[-0.98215,41.754938],[-0.982114,41.754944],[-0.981932,41.754967],[-0.981769,41.755031],[-0.981706,41.755124],[-0.981713,41.755262],[-0.981749,41.755406],[-0.98173,41.755532],[-0.981634,41.75565],[-0.981529,41.755722],[-0.981506,41.755732],[-0.981323,41.755813],[-0.981106,41.755932],[-0.980894,41.755996],[-0.980671,41.755974],[-0.980495,41.755912],[-0.980341,41.755844],[-0.98018,41.75575],[-0.98001,41.75569],[-0.979848,41.755676],[-0.97961,41.755692],[-0.979414,41.755739],[-0.979169,41.755762],[-0.978944,41.755808],[-0.978771,41.755873],[-0.978644,41.756011],[-0.978557,41.756163],[-0.978513,41.756342],[-0.978493,41.756531],[-0.978456,41.756684],[-0.978435,41.756831],[-0.97845,41.756978],[-0.978478,41.757001],[-0.978531,41.757033],[-0.978634,41.757083],[-0.978734,41.757178],[-0.978793,41.757305],[-0.978851,41.757445],[-0.978918,41.75761],[-0.978981,41.757763],[-0.979028,41.757897],[-0.979101,41.758081],[-0.979127,41.758235],[-0.97912,41.758375],[-0.979041,41.75853],[-0.978927,41.758691],[-0.978851,41.758846],[-0.978782,41.75902],[-0.978734,41.759267],[-0.978725,41.759419],[-0.97872,41.759501],[-0.97872,41.759536],[-0.978693,41.759701],[-0.978646,41.75984],[-0.978554,41.759985],[-0.97844,41.760121],[-0.978309,41.760254],[-0.978186,41.760371],[-0.978077,41.760489],[-0.977996,41.760628],[-0.977988,41.760756],[-0.978005,41.760877],[-0.978093,41.760989],[-0.978209,41.76113],[-0.978333,41.761265],[-0.978475,41.761427],[-0.978588,41.761623],[-0.978651,41.76176],[-0.97869,41.761827],[-0.978776,41.762009],[-0.978874,41.762249],[-0.978464,41.762324],[-0.978242,41.762362],[-0.978002,41.762367],[-0.977774,41.762386],[-0.977507,41.762413],[-0.977325,41.762501],[-0.977167,41.76263],[-0.976994,41.76275],[-0.976747,41.7628],[-0.976523,41.762808],[-0.976258,41.762841],[-0.975975,41.762933],[-0.975773,41.763044],[-0.975632,41.763175],[-0.975528,41.763306],[-0.97537,41.763451],[-0.975237,41.763566],[-0.975096,41.763753],[-0.974991,41.763901],[-0.974925,41.764034],[-0.974804,41.76421],[-0.974693,41.76433],[-0.974613,41.764413],[-0.974244,41.763961]]]}},{"type":"Feature","properties":{"name":"Casetas","kind":"vecinal","id":16},"geometry":{"type":"Polygon","coordinates":[[[-1.074801,41.738367],[-1.073506,41.737854],[-1.071907,41.737247],[-1.071461,41.737082],[-1.071044,41.73693],[-1.070914,41.736883],[-1.070658,41.736798],[-1.07017,41.736632],[-1.070009,41.736587],[-1.06983,41.736536],[-1.0694,41.736439],[-1.069359,41.736431],[-1.068742,41.736306],[-1.0681,41.73616],[-1.067972,41.736131],[-1.067409,41.736016],[-1.067279,41.735989],[-1.066736,41.735858],[-1.066306,41.735756],[-1.066145,41.735709],[-1.065156,41.735422],[-1.064407,41.735116],[-1.063279,41.734687],[-1.063034,41.734593],[-1.061809,41.73414],[-1.060008,41.733461],[-1.059893,41.733419],[-1.058433,41.732881],[-1.057225,41.732436],[-1.056946,41.732333],[-1.055709,41.731906],[-1.055651,41.731886],[-1.05453,41.7315],[-1.053375,41.731129],[-1.052798,41.730943],[-1.05134,41.730459],[-1.05012,41.730033],[-1.049508,41.729811],[-1.04914,41.729661],[-1.048278,41.729308],[-1.04689,41.728717],[-1.046658,41.728628],[-1.046451,41.728512],[-1.045503,41.727933],[-1.045359,41.727845],[-1.045115,41.727698],[-1.044218,41.727162],[-1.044096,41.727089],[-1.043635,41.726815],[-1.042625,41.726213],[-1.041694,41.725602],[-1.040716,41.724969],[-1.040444,41.724811],[-1.038993,41.724084],[-1.038819,41.723998],[-1.038383,41.723786],[-1.038143,41.724159],[-1.037454,41.725476],[-1.037289,41.725766],[-1.037217,41.725945],[-1.037831,41.727122],[-1.037594,41.727388],[-1.037528,41.7274],[-1.037252,41.727373],[-1.036625,41.727232],[-1.036183,41.727138],[-1.036101,41.727141],[-1.035985,41.727144],[-1.034004,41.727425],[-1.033171,41.727533],[-1.032503,41.72758],[-1.032074,41.72764],[-1.031809,41.727644],[-1.031395,41.727633],[-1.030852,41.727497],[-1.030493,41.727437],[-1.030188,41.727391],[-1.030025,41.727407],[-1.029752,41.727505],[-1.029561,41.727633],[-1.029528,41.727688],[-1.029473,41.72778],[-1.029471,41.728046],[-1.029428,41.728653],[-1.029385,41.728873],[-1.02934,41.72898],[-1.02898,41.729339],[-1.02853,41.729696],[-1.02845,41.729771],[-1.028308,41.729936],[-1.028063,41.730221],[-1.02792,41.730388],[-1.027895,41.730428],[-1.027738,41.730655],[-1.027266,41.731313],[-1.02714,41.731504],[-1.027055,41.731742],[-1.026953,41.731934],[-1.026675,41.732352],[-1.026357,41.732725],[-1.026182,41.732956],[-1.026127,41.733189],[-1.026086,41.733337],[-1.026041,41.733427],[-1.026016,41.733453],[-1.025905,41.733559],[-1.025659,41.733753],[-1.025376,41.733946],[-1.025217,41.734052],[-1.02492,41.734128],[-1.024441,41.734255],[-1.024084,41.73432],[-1.023673,41.734381],[-1.023546,41.73441],[-1.023474,41.734427],[-1.023235,41.734139],[-1.023189,41.734084],[-1.022414,41.733116],[-1.021984,41.732605],[-1.02177,41.732349],[-1.021631,41.732111],[-1.021547,41.731967],[-1.021269,41.731448],[-1.02111,41.731144],[-1.020935,41.730758],[-1.020783,41.73044],[-1.02054,41.730697],[-1.019991,41.731237],[-1.019771,41.731454],[-1.019207,41.732003],[-1.019165,41.732024],[-1.019071,41.731933],[-1.018914,41.731772],[-1.018773,41.731653],[-1.018599,41.73147],[-1.018441,41.731323],[-1.018326,41.731234],[-1.018124,41.731079],[-1.017813,41.73083],[-1.017543,41.7306],[-1.017415,41.730486],[-1.017309,41.730412],[-1.017102,41.7303],[-1.016954,41.730212],[-1.016872,41.730134],[-1.01676,41.730015],[-1.016313,41.729543],[-1.015889,41.729086],[-1.015737,41.728935],[-1.01569,41.729105],[-1.015607,41.729446],[-1.01558,41.729553],[-1.015525,41.729561],[-1.01526,41.729597],[-1.01522,41.729524],[-1.014723,41.728885],[-1.014659,41.72879],[-1.01462,41.728731],[-1.01428,41.728216],[-1.013861,41.727679],[-1.013451,41.727196],[-1.013325,41.727046],[-1.01272,41.726374],[-1.012558,41.7262],[-1.0119,41.725495],[-1.011836,41.725454],[-1.01183,41.725408],[-1.01188,41.725351],[-1.011935,41.725316],[-1.011631,41.725031],[-1.011543,41.724962],[-1.011499,41.724934],[-1.011125,41.724703],[-1.010808,41.724458],[-1.010578,41.724315],[-1.010062,41.723892],[-1.009819,41.723653],[-1.009758,41.723594],[-1.009683,41.723502],[-1.009705,41.723376],[-1.009663,41.723371],[-1.009395,41.72329],[-1.009187,41.72321],[-1.009116,41.723173],[-1.009159,41.723133],[-1.009112,41.723118],[-1.009386,41.72279],[-1.009505,41.722634],[-1.00957,41.722491],[-1.009627,41.722411],[-1.009698,41.722426],[-1.009741,41.722409],[-1.009905,41.72234],[-1.009971,41.722211],[-1.010042,41.722073],[-1.010104,41.721951],[-1.010141,41.721911],[-1.010631,41.721046],[-1.010668,41.720997],[-1.01089,41.720637],[-1.011259,41.719963],[-1.011863,41.718893],[-1.011958,41.718746],[-1.011983,41.718701],[-1.01205,41.718594],[-1.012117,41.718486],[-1.012205,41.718345],[-1.012406,41.718046],[-1.012836,41.717365],[-1.012867,41.717325],[-1.013252,41.716733],[-1.013389,41.716586],[-1.013694,41.71624],[-1.014036,41.715859],[-1.014094,41.715747],[-1.014219,41.715777],[-1.014664,41.715167],[-1.015079,41.714598],[-1.015258,41.714642],[-1.015792,41.714881],[-1.016391,41.715197],[-1.016761,41.715393],[-1.018152,41.716106],[-1.018587,41.716316],[-1.019023,41.716526],[-1.02038,41.717131],[-1.0206,41.717233],[-1.021607,41.717701],[-1.021737,41.717775],[-1.02189,41.717841],[-1.021945,41.717865],[-1.022435,41.718125],[-1.022961,41.718422],[-1.023275,41.718586],[-1.023524,41.718698],[-1.023658,41.718831],[-1.023751,41.71894],[-1.023884,41.719105],[-1.024185,41.718909],[-1.024168,41.718883],[-1.024246,41.718775],[-1.024298,41.718581],[-1.024325,41.718365],[-1.024359,41.718164],[-1.024455,41.717833],[-1.024386,41.717819],[-1.024496,41.71761],[-1.024863,41.717193],[-1.025422,41.717457],[-1.025499,41.717385],[-1.025934,41.717127],[-1.026731,41.716637],[-1.026967,41.71646],[-1.027026,41.716416],[-1.027518,41.716029],[-1.027759,41.715839],[-1.028117,41.715728],[-1.028624,41.715453],[-1.028657,41.715409],[-1.028749,41.715284],[-1.028788,41.71527],[-1.028807,41.715204],[-1.028925,41.715058],[-1.029172,41.714831],[-1.029209,41.714797],[-1.029506,41.714536],[-1.029624,41.714408],[-1.02968,41.714319],[-1.029809,41.714037],[-1.02985,41.713894],[-1.029832,41.7137],[-1.029771,41.713536],[-1.029621,41.713331],[-1.029454,41.71309],[-1.02938,41.712944],[-1.029325,41.712583],[-1.029259,41.711981],[-1.029254,41.711938],[-1.029215,41.711573],[-1.029189,41.711329],[-1.029175,41.711262],[-1.029157,41.71118],[-1.029152,41.711148],[-1.029132,41.711026],[-1.029059,41.710863],[-1.029043,41.710808],[-1.029076,41.710687],[-1.029112,41.710617],[-1.029179,41.710487],[-1.029306,41.71025],[-1.029313,41.710225],[-1.029347,41.710098],[-1.029388,41.709932],[-1.029457,41.709825],[-1.02968,41.709613],[-1.02985,41.709473],[-1.029884,41.709445],[-1.029982,41.709361],[-1.03005,41.709313],[-1.030075,41.709295],[-1.030421,41.70917],[-1.030955,41.709008],[-1.031349,41.708885],[-1.031695,41.708765],[-1.032115,41.70861],[-1.032558,41.708446],[-1.032801,41.708369],[-1.032843,41.708365],[-1.032951,41.708394],[-1.033175,41.708533],[-1.033369,41.708667],[-1.033442,41.708717],[-1.033852,41.708995],[-1.034364,41.709342],[-1.034432,41.709388],[-1.0349,41.709707],[-1.035429,41.71008],[-1.035806,41.710335],[-1.035865,41.710372],[-1.035979,41.710383],[-1.036021,41.710379],[-1.036099,41.710376],[-1.036269,41.710347],[-1.036884,41.710272],[-1.037511,41.710188],[-1.037608,41.710172],[-1.037687,41.710133],[-1.038144,41.709731],[-1.038448,41.709457],[-1.038521,41.70939],[-1.038654,41.709262],[-1.038675,41.709242],[-1.038906,41.709411],[-1.039048,41.709495],[-1.039321,41.709628],[-1.03946,41.709687],[-1.039654,41.709759],[-1.039788,41.709827],[-1.039892,41.709899],[-1.039962,41.709995],[-1.039989,41.710067],[-1.04005,41.710124],[-1.040137,41.710183],[-1.040262,41.710275],[-1.040504,41.710422],[-1.040862,41.710629],[-1.041153,41.710799],[-1.041268,41.710877],[-1.04131,41.710911],[-1.04134,41.710982],[-1.041342,41.71104],[-1.041299,41.711135],[-1.041267,41.71129],[-1.041285,41.711356],[-1.041296,41.711402],[-1.041356,41.711459],[-1.041534,41.71153],[-1.041902,41.711687],[-1.042523,41.711988],[-1.043049,41.712258],[-1.043181,41.712302],[-1.043309,41.712315],[-1.043568,41.712353],[-1.043814,41.712405],[-1.044005,41.712463],[-1.044626,41.712713],[-1.045084,41.712909],[-1.04518,41.712968],[-1.045349,41.713093],[-1.045546,41.713264],[-1.04559,41.713303],[-1.045675,41.713378],[-1.045826,41.713464],[-1.045955,41.713491],[-1.046077,41.713486],[-1.046257,41.713438],[-1.046459,41.713382],[-1.046574,41.713389],[-1.046684,41.71343],[-1.046823,41.713494],[-1.046821,41.713278],[-1.046898,41.713138],[-1.04703,41.712954],[-1.047171,41.71279],[-1.047237,41.712712],[-1.047299,41.712573],[-1.047325,41.712391],[-1.047325,41.712242],[-1.047282,41.711902],[-1.047211,41.711591],[-1.047199,41.711474],[-1.047199,41.711439],[-1.047426,41.711136],[-1.047607,41.710903],[-1.047694,41.710776],[-1.047862,41.710554],[-1.047951,41.71047],[-1.048164,41.71036],[-1.048237,41.710305],[-1.048298,41.710247],[-1.048454,41.710047],[-1.04865,41.709826],[-1.048924,41.709532],[-1.04916,41.709222],[-1.049343,41.708926],[-1.049546,41.708586],[-1.049637,41.708392],[-1.049752,41.708255],[-1.050036,41.70783],[-1.050113,41.707687],[-1.050164,41.707631],[-1.050207,41.707598],[-1.050557,41.707503],[-1.051175,41.70735],[-1.051811,41.707618],[-1.052289,41.707825],[-1.052659,41.707993],[-1.052774,41.70805],[-1.05286,41.708102],[-1.053015,41.708252],[-1.053237,41.70853],[-1.05344,41.708776],[-1.053689,41.709036],[-1.053941,41.709272],[-1.054274,41.709533],[-1.054463,41.709718],[-1.05464,41.709926],[-1.054794,41.710055],[-1.054931,41.710138],[-1.055049,41.71018],[-1.055389,41.710273],[-1.055553,41.710319],[-1.0557,41.710376],[-1.055943,41.710478],[-1.056223,41.710594],[-1.056469,41.710669],[-1.056699,41.710722],[-1.056793,41.71075],[-1.056875,41.710797],[-1.056994,41.710921],[-1.057141,41.711066],[-1.057279,41.711202],[-1.05751,41.711381],[-1.057659,41.711493],[-1.057754,41.71154],[-1.057877,41.711582],[-1.058009,41.711592],[-1.058383,41.711565],[-1.058638,41.711551],[-1.058773,41.711555],[-1.058998,41.711571],[-1.059119,41.711576],[-1.059418,41.711555],[-1.059569,41.711538],[-1.059624,41.711541],[-1.059752,41.711564],[-1.06027,41.711636],[-1.060396,41.711649],[-1.060549,41.711641],[-1.060641,41.711634],[-1.060698,41.711634],[-1.060769,41.711658],[-1.061097,41.711789],[-1.06161,41.712031],[-1.062259,41.712337],[-1.062796,41.712624],[-1.062881,41.712663],[-1.063049,41.712723],[-1.06347,41.712857],[-1.063672,41.712915],[-1.063831,41.712933],[-1.063995,41.712939],[-1.063946,41.712994],[-1.063905,41.713028],[-1.063475,41.713345],[-1.062897,41.713781],[-1.062558,41.714059],[-1.062508,41.714117],[-1.061928,41.714242],[-1.061034,41.714191],[-1.060937,41.714198],[-1.060684,41.714235],[-1.060165,41.714298],[-1.059859,41.714279],[-1.059505,41.714246],[-1.059393,41.714233],[-1.059307,41.714234],[-1.058935,41.714439],[-1.058696,41.714575],[-1.058469,41.714733],[-1.058241,41.714905],[-1.057997,41.715045],[-1.057747,41.71517],[-1.05771,41.715188],[-1.057546,41.715244],[-1.057219,41.715311],[-1.056888,41.715328],[-1.056492,41.71533],[-1.056341,41.715336],[-1.05611,41.715427],[-1.055609,41.715684],[-1.054942,41.716074],[-1.054324,41.716442],[-1.053821,41.71678],[-1.053471,41.717044],[-1.053162,41.717313],[-1.052867,41.717543],[-1.052598,41.717691],[-1.052403,41.717751],[-1.052078,41.717795],[-1.051432,41.717861],[-1.050739,41.717948],[-1.050587,41.717986],[-1.050171,41.718222],[-1.049681,41.718533],[-1.049356,41.71873],[-1.049175,41.718777],[-1.049258,41.718814],[-1.049112,41.718848],[-1.048943,41.719286],[-1.048806,41.719644],[-1.0487,41.719949],[-1.048595,41.720267],[-1.048488,41.720607],[-1.048433,41.72084],[-1.048435,41.720957],[-1.048451,41.721237],[-1.048457,41.721431],[-1.048446,41.721615],[-1.048379,41.72201],[-1.04834,41.722118],[-1.048275,41.722288],[-1.048235,41.7224],[-1.04837,41.722519],[-1.048586,41.722739],[-1.048795,41.72299],[-1.048911,41.723109],[-1.049063,41.723256],[-1.049283,41.723534],[-1.049324,41.723589],[-1.04948,41.723794],[-1.049688,41.724068],[-1.04978,41.724187],[-1.049803,41.724237],[-1.049848,41.724332],[-1.050015,41.724555],[-1.050265,41.724852],[-1.050366,41.724958],[-1.050463,41.725058],[-1.050562,41.725182],[-1.050595,41.725272],[-1.050613,41.725471],[-1.050607,41.725651],[-1.050624,41.72571],[-1.050707,41.725954],[-1.050761,41.726149],[-1.050775,41.726464],[-1.050783,41.727009],[-1.050779,41.727144],[-1.050807,41.727199],[-1.050901,41.727263],[-1.051193,41.727372],[-1.051382,41.727456],[-1.051777,41.727742],[-1.052106,41.727986],[-1.052179,41.728046],[-1.052546,41.728345],[-1.052787,41.72852],[-1.052981,41.728659],[-1.05325,41.728814],[-1.053318,41.728854],[-1.053501,41.72896],[-1.053566,41.729011],[-1.053619,41.729232],[-1.054224,41.729698],[-1.054551,41.729937],[-1.055014,41.730299],[-1.055224,41.730461],[-1.055534,41.730702],[-1.05588,41.73097],[-1.056138,41.73117],[-1.056466,41.731426],[-1.056968,41.731816],[-1.057645,41.732066],[-1.058282,41.732297],[-1.058912,41.732529],[-1.059626,41.732784],[-1.059976,41.732925],[-1.060672,41.733171],[-1.061409,41.733449],[-1.062468,41.733823],[-1.064074,41.734408],[-1.064348,41.73451],[-1.065459,41.734922],[-1.066152,41.735177],[-1.066531,41.735302],[-1.067292,41.735566],[-1.068391,41.73599],[-1.06933,41.736163],[-1.069456,41.736183],[-1.069994,41.736278],[-1.071268,41.736686],[-1.071816,41.736867],[-1.072368,41.737092],[-1.075227,41.738203],[-1.075647,41.738368],[-1.075562,41.73865],[-1.074801,41.738367]]]}},{"type":"Feature","properties":{"name":"Garrapinillos","kind":"vecinal","id":17},"geometry":{"type":"Polygon","coordinates":[[[-1.124648,41.747763],[-1.12447,41.747679],[-1.12441,41.74766],[-1.124369,41.747646],[-1.124278,41.747653],[-1.123714,41.747613],[-1.123541,41.747604],[-1.123323,41.747592],[-1.123216,41.747586],[-1.123129,41.747587],[-1.122887,41.747587],[-1.122699,41.747587],[-1.12211,41.747568],[-1.121937,41.747304],[-1.121818,41.747113],[-1.12171,41.746939],[-1.121575,41.746722],[-1.120701,41.745375],[-1.120104,41.744401],[-1.120063,41.744346],[-1.119178,41.743769],[-1.117745,41.742818],[-1.117574,41.742693],[-1.117621,41.74251],[-1.117672,41.742218],[-1.117704,41.742164],[-1.117706,41.742097],[-1.117715,41.741993],[-1.117735,41.741899],[-1.117755,41.741854],[-1.118442,41.738916],[-1.118458,41.738795],[-1.118529,41.738413],[-1.118551,41.738278],[-1.11874,41.737349],[-1.118789,41.737138],[-1.119133,41.735838],[-1.119021,41.73494],[-1.118816,41.734153],[-1.118715,41.733498],[-1.118691,41.733277],[-1.118674,41.733038],[-1.118498,41.732463],[-1.118316,41.731916],[-1.118094,41.731489],[-1.11777,41.730844],[-1.117485,41.730303],[-1.117269,41.729885],[-1.117172,41.729722],[-1.116953,41.7292],[-1.116773,41.728769],[-1.116641,41.728556],[-1.116413,41.728133],[-1.116222,41.72786],[-1.116005,41.727491],[-1.115644,41.726868],[-1.115197,41.726109],[-1.114808,41.725436],[-1.114385,41.7247],[-1.114057,41.724199],[-1.113838,41.723889],[-1.113472,41.723446],[-1.113148,41.723027],[-1.112731,41.722484],[-1.112453,41.722119],[-1.112066,41.721599],[-1.11135,41.720777],[-1.111087,41.72052],[-1.110935,41.720396],[-1.110321,41.720021],[-1.109507,41.719467],[-1.109089,41.71919],[-1.108526,41.718911],[-1.107983,41.718564],[-1.107925,41.7185],[-1.105645,41.717337],[-1.104128,41.716587],[-1.103838,41.716433],[-1.103797,41.716414],[-1.103679,41.716347],[-1.103578,41.716294],[-1.103507,41.71627],[-1.10346,41.716229],[-1.102891,41.715949],[-1.102767,41.715875],[-1.102226,41.715686],[-1.101124,41.715353],[-1.099825,41.714953],[-1.09864,41.714586],[-1.09758,41.714244],[-1.096866,41.713998],[-1.0967,41.713928],[-1.096645,41.71395],[-1.096402,41.713851],[-1.096318,41.713827],[-1.09611,41.713752],[-1.095539,41.713544],[-1.095022,41.713355],[-1.093821,41.71293],[-1.092548,41.712472],[-1.092191,41.712354],[-1.092113,41.712326],[-1.091383,41.71206],[-1.091192,41.71199],[-1.09038,41.711683],[-1.090333,41.711665],[-1.08976,41.711449],[-1.088861,41.711136],[-1.088725,41.71108],[-1.08857,41.711037],[-1.087682,41.71077],[-1.087271,41.710641],[-1.087158,41.710604],[-1.086997,41.710569],[-1.086955,41.710555],[-1.086597,41.710482],[-1.085863,41.710307],[-1.085385,41.7102],[-1.085283,41.710194],[-1.085151,41.710192],[-1.084458,41.710248],[-1.083296,41.710345],[-1.083025,41.710359],[-1.082922,41.710371],[-1.082223,41.710427],[-1.082145,41.710434],[-1.082072,41.710451],[-1.081813,41.710487],[-1.081438,41.710553],[-1.080968,41.710622],[-1.079953,41.71078],[-1.079228,41.710903],[-1.078969,41.710949],[-1.078878,41.71097],[-1.078624,41.711006],[-1.07831,41.711082],[-1.078056,41.711122],[-1.077934,41.711174],[-1.077516,41.71128],[-1.076921,41.711477],[-1.076436,41.711622],[-1.076157,41.71173],[-1.075827,41.711896],[-1.07553,41.711976],[-1.075367,41.711996],[-1.074943,41.71193],[-1.074733,41.711904],[-1.074426,41.71194],[-1.073961,41.712009],[-1.073375,41.712107],[-1.073344,41.71212],[-1.073138,41.712319],[-1.073115,41.712341],[-1.072832,41.712566],[-1.072541,41.712669],[-1.072189,41.712767],[-1.071821,41.712806],[-1.071485,41.712795],[-1.071077,41.712771],[-1.070735,41.712756],[-1.070012,41.712609],[-1.069681,41.712621],[-1.069092,41.712638],[-1.068869,41.712643],[-1.068521,41.712615],[-1.068078,41.712558],[-1.067965,41.712547],[-1.067616,41.712537],[-1.067147,41.712556],[-1.066425,41.71258],[-1.066234,41.712549],[-1.065742,41.712505],[-1.065439,41.712396],[-1.065284,41.712335],[-1.065061,41.712363],[-1.06465,41.712451],[-1.06451,41.712511],[-1.0643,41.712697],[-1.063995,41.712939],[-1.063831,41.712933],[-1.063672,41.712915],[-1.06347,41.712857],[-1.063049,41.712723],[-1.062881,41.712663],[-1.062796,41.712624],[-1.062259,41.712337],[-1.06161,41.712031],[-1.061097,41.71179],[-1.060769,41.711658],[-1.060698,41.711634],[-1.060641,41.711634],[-1.060549,41.711641],[-1.060396,41.711649],[-1.06027,41.711636],[-1.059752,41.711564],[-1.059625,41.711541],[-1.059569,41.711538],[-1.059418,41.711555],[-1.059119,41.711576],[-1.058998,41.711571],[-1.058773,41.711555],[-1.058638,41.711551],[-1.058383,41.711565],[-1.058009,41.711592],[-1.057877,41.711582],[-1.057754,41.71154],[-1.057659,41.711493],[-1.05751,41.711381],[-1.057279,41.711202],[-1.057141,41.711066],[-1.056994,41.710921],[-1.056875,41.710797],[-1.056793,41.71075],[-1.056699,41.710722],[-1.05647,41.710669],[-1.056223,41.710594],[-1.055943,41.710478],[-1.0557,41.710376],[-1.055553,41.710319],[-1.055389,41.710273],[-1.055049,41.71018],[-1.054931,41.710138],[-1.054794,41.710055],[-1.05464,41.709926],[-1.054463,41.709718],[-1.054274,41.709533],[-1.053941,41.709272],[-1.053689,41.709036],[-1.05344,41.708776],[-1.053237,41.70853],[-1.053015,41.708252],[-1.05286,41.708102],[-1.052774,41.70805],[-1.052659,41.707993],[-1.052289,41.707825],[-1.051811,41.707618],[-1.051174,41.70735],[-1.050557,41.707503],[-1.050207,41.707598],[-1.050164,41.707631],[-1.050113,41.707687],[-1.050036,41.70783],[-1.049752,41.708255],[-1.049637,41.708392],[-1.049546,41.708586],[-1.049344,41.708926],[-1.04916,41.709221],[-1.048924,41.709532],[-1.04865,41.709826],[-1.048454,41.710047],[-1.048298,41.710247],[-1.048237,41.710305],[-1.048164,41.71036],[-1.047951,41.71047],[-1.047862,41.710554],[-1.047695,41.710776],[-1.047607,41.710903],[-1.047426,41.711136],[-1.047199,41.711439],[-1.047199,41.711474],[-1.047211,41.711591],[-1.047282,41.711902],[-1.047325,41.712242],[-1.047325,41.712391],[-1.047299,41.712573],[-1.047237,41.712712],[-1.047171,41.71279],[-1.04703,41.712954],[-1.046898,41.713138],[-1.046821,41.713278],[-1.046823,41.713494],[-1.046684,41.71343],[-1.046574,41.713389],[-1.046459,41.713382],[-1.046257,41.713438],[-1.046077,41.713486],[-1.045955,41.713491],[-1.045826,41.713464],[-1.045675,41.713378],[-1.04559,41.713303],[-1.045546,41.713264],[-1.045349,41.713093],[-1.04518,41.712968],[-1.045084,41.71291],[-1.044626,41.712713],[-1.044005,41.712463],[-1.043814,41.712405],[-1.043568,41.712353],[-1.043309,41.712315],[-1.043181,41.712302],[-1.043049,41.712258],[-1.042523,41.711988],[-1.041902,41.711687],[-1.041534,41.71153],[-1.041356,41.711459],[-1.041296,41.711402],[-1.041285,41.711356],[-1.041267,41.71129],[-1.041299,41.711135],[-1.041342,41.71104],[-1.04134,41.710982],[-1.04131,41.710911],[-1.041268,41.710877],[-1.041153,41.710799],[-1.040862,41.71063],[-1.040504,41.710422],[-1.040262,41.710275],[-1.040137,41.710183],[-1.04005,41.710124],[-1.039989,41.710067],[-1.039962,41.709995],[-1.039892,41.709899],[-1.039788,41.709827],[-1.039654,41.709759],[-1.03946,41.709687],[-1.03932,41.709628],[-1.039048,41.709495],[-1.038906,41.709411],[-1.038675,41.709242],[-1.038732,41.709187],[-1.038794,41.709134],[-1.039007,41.708845],[-1.039219,41.708569],[-1.0393,41.708494],[-1.039498,41.708308],[-1.039864,41.707927],[-1.040012,41.70779],[-1.040302,41.70757],[-1.040603,41.707327],[-1.040722,41.70719],[-1.040901,41.707013],[-1.040969,41.706969],[-1.041006,41.706929],[-1.040959,41.706892],[-1.040694,41.706707],[-1.040513,41.706551],[-1.04042,41.706421],[-1.040352,41.706323],[-1.04016,41.706086],[-1.039723,41.705849],[-1.039386,41.705653],[-1.039339,41.705626],[-1.039156,41.705339],[-1.039046,41.705184],[-1.03868,41.704773],[-1.038372,41.704421],[-1.038232,41.704292],[-1.037881,41.703966],[-1.037685,41.703775],[-1.037507,41.703636],[-1.037312,41.703511],[-1.03696,41.703316],[-1.036816,41.703246],[-1.036663,41.703112],[-1.036127,41.702585],[-1.035794,41.70226],[-1.035607,41.702081],[-1.035186,41.7017],[-1.034724,41.701296],[-1.03452,41.701094],[-1.034239,41.700851],[-1.034117,41.7007],[-1.033951,41.700625],[-1.033761,41.700554],[-1.033691,41.70055],[-1.033653,41.700548],[-1.033606,41.700516],[-1.033481,41.700459],[-1.033328,41.70038],[-1.032988,41.700095],[-1.032849,41.699728],[-1.032754,41.699308],[-1.032651,41.698928],[-1.032649,41.698802],[-1.032568,41.698683],[-1.032299,41.69844],[-1.031853,41.698099],[-1.031158,41.697646],[-1.030675,41.697327],[-1.030445,41.69717],[-1.030216,41.697202],[-1.030119,41.69724],[-1.029844,41.697173],[-1.029416,41.697035],[-1.02931,41.69697],[-1.028867,41.696926],[-1.028656,41.696918],[-1.02835,41.696908],[-1.028168,41.696982],[-1.028101,41.697021],[-1.027985,41.697073],[-1.027906,41.697081],[-1.027719,41.697105],[-1.027283,41.697034],[-1.027141,41.696975],[-1.027099,41.696945],[-1.026872,41.69691],[-1.026658,41.696857],[-1.026509,41.696787],[-1.026196,41.696637],[-1.026089,41.696577],[-1.025887,41.696497],[-1.025691,41.69643],[-1.025441,41.696354],[-1.025257,41.696274],[-1.025039,41.696153],[-1.024944,41.696102],[-1.024743,41.696],[-1.024649,41.695944],[-1.024447,41.695841],[-1.024229,41.69573],[-1.024009,41.695631],[-1.023604,41.695507],[-1.023074,41.695358],[-1.022556,41.695223],[-1.022115,41.695112],[-1.022049,41.695089],[-1.022002,41.695074],[-1.021463,41.694997],[-1.020775,41.694895],[-1.020105,41.694794],[-1.020022,41.694774],[-1.019938,41.694755],[-1.019831,41.694717],[-1.019516,41.694617],[-1.01938,41.694561],[-1.019281,41.694451],[-1.019008,41.694338],[-1.018943,41.694305],[-1.018594,41.694502],[-1.018397,41.694652],[-1.018229,41.694644],[-1.017976,41.694496],[-1.017727,41.694366],[-1.01735,41.694147],[-1.017101,41.69403],[-1.016928,41.693991],[-1.016605,41.693945],[-1.016046,41.69376],[-1.015612,41.693595],[-1.015161,41.693402],[-1.014894,41.693299],[-1.014799,41.69327],[-1.014589,41.693248],[-1.01428,41.693149],[-1.013688,41.693048],[-1.013167,41.692994],[-1.012748,41.692951],[-1.01261,41.69293],[-1.01252,41.692927],[-1.012516,41.692888],[-1.012445,41.692847],[-1.012148,41.692729],[-1.011875,41.692634],[-1.011091,41.692337],[-1.010354,41.692058],[-1.010021,41.69194],[-1.009636,41.69178],[-1.009149,41.691596],[-1.008603,41.691375],[-1.008146,41.691182],[-1.008022,41.691122],[-1.007981,41.691089],[-1.007931,41.691152],[-1.007593,41.691601],[-1.007342,41.692141],[-1.007266,41.692261],[-1.006175,41.693544],[-1.005464,41.694374],[-1.005282,41.694623],[-1.005029,41.694641],[-1.004792,41.694731],[-1.004667,41.694887],[-1.004022,41.695943],[-1.003781,41.69633],[-1.003623,41.69658],[-1.003226,41.69713],[-1.003196,41.697171],[-1.002976,41.697293],[-1.002778,41.697304],[-1.002655,41.697382],[-1.00191,41.698919],[-1.001422,41.699743],[-1.001035,41.701551],[-1.000862,41.701715],[-1.000617,41.70195],[-1.000526,41.702038],[-1.000437,41.702123],[-1.000361,41.702197],[-0.996938,41.700377],[-0.993246,41.697939],[-0.988214,41.694572],[-0.987753,41.694267],[-0.987484,41.694086],[-0.986809,41.693569],[-0.986711,41.693481],[-0.986216,41.693185],[-0.985558,41.692781],[-0.985101,41.692504],[-0.984598,41.692196],[-0.984249,41.691982],[-0.984036,41.691856],[-0.9836,41.691589],[-0.983364,41.69144],[-0.983238,41.691365],[-0.982755,41.691073],[-0.982549,41.69095],[-0.982232,41.690772],[-0.981957,41.690623],[-0.981687,41.690487],[-0.981347,41.690313],[-0.980971,41.690133],[-0.980698,41.689999],[-0.980328,41.689814],[-0.98018,41.689744],[-0.97996,41.68964],[-0.978986,41.689168],[-0.9786,41.688984],[-0.978068,41.68873],[-0.976696,41.688037],[-0.975143,41.687278],[-0.975299,41.687053],[-0.975389,41.686943],[-0.975509,41.686798],[-0.975656,41.686552],[-0.975917,41.686034],[-0.976178,41.685527],[-0.976314,41.685036],[-0.976432,41.684499],[-0.976557,41.684025],[-0.976593,41.683867],[-0.976648,41.683694],[-0.976863,41.68329],[-0.977064,41.682984],[-0.977375,41.682378],[-0.977587,41.682027],[-0.977757,41.681758],[-0.977844,41.681556],[-0.978016,41.681204],[-0.978231,41.680769],[-0.978372,41.68047],[-0.978536,41.68005],[-0.978629,41.679911],[-0.978757,41.679764],[-0.979063,41.679459],[-0.979666,41.678896],[-0.979858,41.678724],[-0.97995,41.678659],[-0.980061,41.678604],[-0.980145,41.678579],[-0.980401,41.678543],[-0.980629,41.678516],[-0.981005,41.678403],[-0.981485,41.678247],[-0.981869,41.678104],[-0.982176,41.677964],[-0.982189,41.677866],[-0.98228,41.677759],[-0.982344,41.677676],[-0.982591,41.677342],[-0.982667,41.677214],[-0.982723,41.677054],[-0.982983,41.67622],[-0.983277,41.675263],[-0.983497,41.67442],[-0.983757,41.673272],[-0.983838,41.673014],[-0.983462,41.672947],[-0.983212,41.672922],[-0.983002,41.672928],[-0.982908,41.672917],[-0.982845,41.672891],[-0.982808,41.672875],[-0.982333,41.672671],[-0.982053,41.672552],[-0.98189,41.672473],[-0.981693,41.672391],[-0.9815,41.672326],[-0.981388,41.672312],[-0.981196,41.672343],[-0.981001,41.672361],[-0.98088,41.672362],[-0.980337,41.672344],[-0.980045,41.672314],[-0.979915,41.672327],[-0.979662,41.672442],[-0.979298,41.672552],[-0.979156,41.672591],[-0.97874,41.672637],[-0.978303,41.672682],[-0.978024,41.672701],[-0.977942,41.672635],[-0.977749,41.672536],[-0.977436,41.672367],[-0.977154,41.672232],[-0.976963,41.672158],[-0.976701,41.672058],[-0.976588,41.672017],[-0.97639,41.671914],[-0.976248,41.671807],[-0.976141,41.671697],[-0.976039,41.671593],[-0.975854,41.67146],[-0.975639,41.671321],[-0.975412,41.671187],[-0.975082,41.671014],[-0.974768,41.670857],[-0.974631,41.670798],[-0.974367,41.67071],[-0.974068,41.670599],[-0.973809,41.670508],[-0.973568,41.670434],[-0.973365,41.670369],[-0.973117,41.670272],[-0.972931,41.670183],[-0.972782,41.670101],[-0.972627,41.670011],[-0.972531,41.66998],[-0.972388,41.669923],[-0.972236,41.66984],[-0.972134,41.669766],[-0.972028,41.669683],[-0.971823,41.669538],[-0.971563,41.66935],[-0.97117,41.66908],[-0.970939,41.668935],[-0.97071,41.668799],[-0.970491,41.668666],[-0.970271,41.66852],[-0.97012,41.66842],[-0.969986,41.668344],[-0.969941,41.668339],[-0.969827,41.668325],[-0.96985,41.668293],[-0.969911,41.668296],[-0.970047,41.668262],[-0.970141,41.668217],[-0.970178,41.668194],[-0.970241,41.668105],[-0.970328,41.667973],[-0.970405,41.667913],[-0.970552,41.667905],[-0.970664,41.66795],[-0.970733,41.667984],[-0.970853,41.668008],[-0.970993,41.668028],[-0.97114,41.668022],[-0.971314,41.668006],[-0.971455,41.667994],[-0.9716,41.667971],[-0.97174,41.667928],[-0.971831,41.667873],[-0.971893,41.667805],[-0.971932,41.667679],[-0.971943,41.667572],[-0.971939,41.667405],[-0.971953,41.66732],[-0.972025,41.667272],[-0.972128,41.667278],[-0.972252,41.667258],[-0.972356,41.667181],[-0.972377,41.667069],[-0.972368,41.666989],[-0.972404,41.666938],[-0.972463,41.666928],[-0.972549,41.666916],[-0.972737,41.666865],[-0.972826,41.666792],[-0.972946,41.666698],[-0.973055,41.666622],[-0.973183,41.666532],[-0.973408,41.6664],[-0.973559,41.666308],[-0.973639,41.666238],[-0.973709,41.666142],[-0.973726,41.666091],[-0.973719,41.666044],[-0.97368,41.665981],[-0.973597,41.665887],[-0.973482,41.665802],[-0.973352,41.665734],[-0.973173,41.66568],[-0.973025,41.665622],[-0.972918,41.665558],[-0.972814,41.665471],[-0.972725,41.665364],[-0.972645,41.665269],[-0.972579,41.665198],[-0.972488,41.665126],[-0.972406,41.665054],[-0.972362,41.664996],[-0.97235,41.664918],[-0.972345,41.664839],[-0.972362,41.664747],[-0.972393,41.66466],[-0.97243,41.664599],[-0.972465,41.664576],[-0.972549,41.664541],[-0.972693,41.664497],[-0.972826,41.664466],[-0.972952,41.664438],[-0.973006,41.664419],[-0.973045,41.664318],[-0.973053,41.664255],[-0.973062,41.66415],[-0.973047,41.664065],[-0.973015,41.663977],[-0.972974,41.663892],[-0.972905,41.663808],[-0.972855,41.663778],[-0.972792,41.663762],[-0.972774,41.663639],[-0.972756,41.663586],[-0.972706,41.663488],[-0.972646,41.66334],[-0.972626,41.66325],[-0.972618,41.66318],[-0.972624,41.66308],[-0.97263,41.662926],[-0.972641,41.662773],[-0.972631,41.662651],[-0.972627,41.662561],[-0.972672,41.662469],[-0.972762,41.662453],[-0.972862,41.662464],[-0.972966,41.662455],[-0.97299,41.662351],[-0.972979,41.662206],[-0.972968,41.662025],[-0.972965,41.661858],[-0.972963,41.661656],[-0.972948,41.661439],[-0.972919,41.661185],[-0.972914,41.661134],[-0.974217,41.661056],[-0.97638,41.661244],[-0.976899,41.661307],[-0.977796,41.661451],[-0.97869,41.661504],[-0.979422,41.661592],[-0.980821,41.661686],[-0.98127,41.661742],[-0.981915,41.661794],[-0.981978,41.66165],[-0.982022,41.661442],[-0.982074,41.661191],[-0.982111,41.660963],[-0.982167,41.660692],[-0.9822,41.660494],[-0.982248,41.660295],[-0.982271,41.660135],[-0.982325,41.659903],[-0.982335,41.659841],[-0.982417,41.659492],[-0.982502,41.65917],[-0.982557,41.658863],[-0.982637,41.658593],[-0.982686,41.65846],[-0.98275,41.658378],[-0.982961,41.658265],[-0.983107,41.65821],[-0.983447,41.658033],[-0.983914,41.657812],[-0.984035,41.657743],[-0.984147,41.657609],[-0.98427,41.657441],[-0.984385,41.657237],[-0.984509,41.657076],[-0.984677,41.657108],[-0.985086,41.657167],[-0.985325,41.657208],[-0.985361,41.657179],[-0.985468,41.656961],[-0.985493,41.656846],[-0.985301,41.656792],[-0.985118,41.656735],[-0.985099,41.656712],[-0.985125,41.656601],[-0.985252,41.656385],[-0.985331,41.656224],[-0.985329,41.656165],[-0.985268,41.656056],[-0.985172,41.655971],[-0.985067,41.655904],[-0.984847,41.655744],[-0.983668,41.655454],[-0.980934,41.654217],[-0.980136,41.653796],[-0.978739,41.652866],[-0.978131,41.652546],[-0.977317,41.652239],[-0.975978,41.65175],[-0.974868,41.65127],[-0.973868,41.650831],[-0.973036,41.650551],[-0.971236,41.650029],[-0.970474,41.64977],[-0.968212,41.648682],[-0.967294,41.648198],[-0.966589,41.647746],[-0.965596,41.647033],[-0.965301,41.646821],[-0.964408,41.646029],[-0.963435,41.645179],[-0.962903,41.644743],[-0.962546,41.644541],[-0.961888,41.644296],[-0.960065,41.643683],[-0.956689,41.642555],[-0.956231,41.642265],[-0.955781,41.641713],[-0.954917,41.640185],[-0.955253,41.639904],[-0.956191,41.639115],[-0.956837,41.63868],[-0.957616,41.638402],[-0.960251,41.63781],[-0.973322,41.634914],[-0.979016,41.633343],[-0.983008,41.632214],[-0.991555,41.629869],[-0.993327,41.629386],[-0.996229,41.62859],[-0.999467,41.627703],[-1.004508,41.626316],[-1.006583,41.625741],[-1.008613,41.625179],[-1.009919,41.624841],[-1.011472,41.624479],[-1.013275,41.624097],[-1.015183,41.623697],[-1.019396,41.622787],[-1.020752,41.62245],[-1.0231,41.621869],[-1.025569,41.621415],[-1.026107,41.621316],[-1.026313,41.621266],[-1.026472,41.621228],[-1.026666,41.621174],[-1.026872,41.6211],[-1.027059,41.621025],[-1.027243,41.62095],[-1.027449,41.620857],[-1.027694,41.620749],[-1.028025,41.620608],[-1.028487,41.62039],[-1.029171,41.620079],[-1.029732,41.619824],[-1.030544,41.619457],[-1.031176,41.619169],[-1.031686,41.61894],[-1.032209,41.618703],[-1.032674,41.618489],[-1.033039,41.61832],[-1.033525,41.618103],[-1.033933,41.617923],[-1.034177,41.617828],[-1.034479,41.617726],[-1.034739,41.61765],[-1.034945,41.617596],[-1.035196,41.617538],[-1.035499,41.617485],[-1.035764,41.617447],[-1.03603,41.61742],[-1.03633,41.6174],[-1.036659,41.617398],[-1.036924,41.617404],[-1.037176,41.61742],[-1.037432,41.617437],[-1.037851,41.617487],[-1.038513,41.617569],[-1.039876,41.61774],[-1.041314,41.617916],[-1.04261,41.618073],[-1.043575,41.61819],[-1.044614,41.61832],[-1.045791,41.61846],[-1.04655,41.618556],[-1.047255,41.61864],[-1.047912,41.618717],[-1.048212,41.618748],[-1.048462,41.618769],[-1.048775,41.618785],[-1.049038,41.618792],[-1.04928,41.618788],[-1.049528,41.618777],[-1.049753,41.618758],[-1.049971,41.618736],[-1.050201,41.618708],[-1.050438,41.618668],[-1.050742,41.6186],[-1.051083,41.618508],[-1.051526,41.618389],[-1.0521,41.618228],[-1.053044,41.617966],[-1.053475,41.617838],[-1.054835,41.617458],[-1.055224,41.617348],[-1.056622,41.616954],[-1.057927,41.61659],[-1.058307,41.616479],[-1.058585,41.6164],[-1.058832,41.616315],[-1.059083,41.616224],[-1.059333,41.616121],[-1.059641,41.61598],[-1.06048,41.615765],[-1.060613,41.615731],[-1.06074,41.615686],[-1.060843,41.61565],[-1.061001,41.615589],[-1.061149,41.615646],[-1.061726,41.615813],[-1.062231,41.616006],[-1.062911,41.616319],[-1.063835,41.616749],[-1.064349,41.616997],[-1.064739,41.617206],[-1.064924,41.617259],[-1.065485,41.617349],[-1.066279,41.617475],[-1.06653,41.617524],[-1.067361,41.617642],[-1.067587,41.617691],[-1.068081,41.61783],[-1.069035,41.618224],[-1.06983,41.618553],[-1.070018,41.618668],[-1.070242,41.618807],[-1.070645,41.618981],[-1.071454,41.6193],[-1.071527,41.619329],[-1.071944,41.619493],[-1.072645,41.619748],[-1.072875,41.619869],[-1.073006,41.619917],[-1.073396,41.620099],[-1.073877,41.620273],[-1.074518,41.620536],[-1.075021,41.62077],[-1.075507,41.620976],[-1.075786,41.62108],[-1.076212,41.621285],[-1.076454,41.62142],[-1.076817,41.621714],[-1.077356,41.622142],[-1.077814,41.622492],[-1.078238,41.622774],[-1.078602,41.623041],[-1.079089,41.623418],[-1.079829,41.623967],[-1.08034,41.624327],[-1.081033,41.624852],[-1.081321,41.625073],[-1.081738,41.625381],[-1.082307,41.625801],[-1.082659,41.62609],[-1.082817,41.62621],[-1.083134,41.626449],[-1.083539,41.626767],[-1.083891,41.627038],[-1.084173,41.62725],[-1.084284,41.627338],[-1.084657,41.627529],[-1.085313,41.62785],[-1.085886,41.628166],[-1.0863,41.628389],[-1.086743,41.628613],[-1.087234,41.628882],[-1.087541,41.629054],[-1.087807,41.629193],[-1.088197,41.629398],[-1.088658,41.629635],[-1.089,41.629817],[-1.089224,41.629978],[-1.089306,41.630033],[-1.089527,41.630276],[-1.089824,41.6306],[-1.090208,41.631003],[-1.09043,41.631214],[-1.090559,41.631315],[-1.090844,41.63141],[-1.09138,41.631545],[-1.091993,41.631749],[-1.092879,41.63202],[-1.093457,41.632174],[-1.093795,41.632292],[-1.094218,41.632412],[-1.094448,41.632542],[-1.094797,41.632723],[-1.094855,41.632778],[-1.095156,41.633166],[-1.095386,41.633503],[-1.095646,41.633863],[-1.095778,41.63405],[-1.096128,41.634394],[-1.096396,41.634673],[-1.096817,41.635069],[-1.096863,41.635113],[-1.097222,41.635389],[-1.097605,41.635634],[-1.098152,41.635985],[-1.098942,41.636494],[-1.09976,41.637039],[-1.100319,41.637422],[-1.10078,41.637672],[-1.101247,41.637914],[-1.101626,41.638114],[-1.101779,41.638198],[-1.102089,41.638262],[-1.102286,41.638332],[-1.102488,41.638394],[-1.102856,41.638535],[-1.103214,41.638618],[-1.103615,41.638656],[-1.104237,41.63872],[-1.104692,41.638759],[-1.105126,41.63892],[-1.105256,41.638967],[-1.10553,41.638832],[-1.105735,41.638808],[-1.106197,41.638834],[-1.106644,41.63894],[-1.107211,41.639044],[-1.107527,41.639121],[-1.10785,41.639379],[-1.107984,41.639494],[-1.108095,41.639617],[-1.108288,41.639787],[-1.108388,41.639856],[-1.108523,41.639944],[-1.108712,41.640078],[-1.108868,41.640269],[-1.109005,41.640515],[-1.10904,41.64056],[-1.109057,41.640601],[-1.109091,41.640854],[-1.10916,41.641175],[-1.109198,41.641315],[-1.109225,41.641424],[-1.109337,41.641484],[-1.109578,41.641655],[-1.109775,41.641883],[-1.110012,41.642],[-1.110652,41.642303],[-1.111439,41.642685],[-1.111557,41.64275],[-1.112277,41.643181],[-1.112757,41.643409],[-1.113265,41.643683],[-1.113372,41.64373],[-1.113763,41.643894],[-1.114198,41.643996],[-1.115392,41.644227],[-1.11661,41.644463],[-1.117387,41.644602],[-1.118623,41.64483],[-1.121427,41.644398],[-1.123665,41.644043],[-1.124189,41.643966],[-1.125036,41.643957],[-1.126285,41.643951],[-1.12697,41.643926],[-1.129399,41.64379],[-1.129615,41.643825],[-1.12984,41.643914],[-1.130064,41.644044],[-1.130333,41.644107],[-1.1305,41.64415],[-1.130769,41.644163],[-1.131021,41.644181],[-1.131323,41.644132],[-1.133259,41.643812],[-1.135566,41.643341],[-1.135767,41.643236],[-1.136107,41.643097],[-1.136472,41.642964],[-1.136648,41.642894],[-1.136941,41.642706],[-1.137101,41.642582],[-1.137418,41.642425],[-1.137907,41.642307],[-1.138276,41.642205],[-1.138361,41.642175],[-1.13874,41.641965],[-1.138843,41.641908],[-1.138965,41.641865],[-1.139101,41.641727],[-1.139363,41.641587],[-1.139983,41.641305],[-1.140749,41.641412],[-1.14093,41.641374],[-1.141136,41.641314],[-1.141703,41.641207],[-1.142127,41.641087],[-1.142575,41.640946],[-1.143004,41.640863],[-1.143612,41.640792],[-1.144316,41.64074],[-1.144701,41.640701],[-1.144816,41.640689],[-1.145078,41.640766],[-1.146241,41.641014],[-1.14743,41.641227],[-1.147634,41.641235],[-1.148081,41.641341],[-1.14918,41.641548],[-1.14983,41.641685],[-1.150557,41.641863],[-1.151946,41.642219],[-1.152767,41.642466],[-1.153701,41.642774],[-1.154516,41.643048],[-1.155503,41.643366],[-1.15577,41.643483],[-1.15679,41.643711],[-1.157184,41.643789],[-1.157937,41.643905],[-1.160516,41.644221],[-1.162163,41.644265],[-1.162586,41.644276],[-1.163553,41.644265],[-1.165283,41.641663],[-1.169269,41.642541],[-1.170372,41.642798],[-1.171604,41.644263],[-1.171717,41.644395],[-1.17177,41.644457],[-1.172254,41.645021],[-1.172951,41.645874],[-1.173991,41.647102],[-1.174013,41.647152],[-1.173897,41.647222],[-1.172559,41.648061],[-1.172132,41.648491],[-1.171706,41.648926],[-1.171402,41.64925],[-1.170946,41.649666],[-1.170576,41.650011],[-1.170274,41.650285],[-1.17017,41.650365],[-1.16991,41.650626],[-1.169707,41.650812],[-1.169589,41.650927],[-1.169326,41.651108],[-1.168983,41.651341],[-1.168653,41.65157],[-1.168129,41.651832],[-1.167611,41.652112],[-1.167573,41.652156],[-1.167517,41.652223],[-1.167387,41.652378],[-1.167059,41.652702],[-1.166454,41.653287],[-1.16619,41.653512],[-1.16551,41.653983],[-1.165208,41.654239],[-1.164675,41.654632],[-1.163928,41.655124],[-1.163381,41.655561],[-1.162908,41.655941],[-1.162644,41.656166],[-1.162275,41.656471],[-1.162127,41.656599],[-1.161465,41.657075],[-1.161146,41.657309],[-1.160697,41.657671],[-1.160336,41.657913],[-1.16017,41.658045],[-1.159881,41.65827],[-1.159549,41.658549],[-1.159233,41.658899],[-1.159109,41.659028],[-1.158986,41.659152],[-1.158296,41.661235],[-1.158449,41.662161],[-1.158489,41.662238],[-1.158493,41.662301],[-1.158473,41.662576],[-1.158313,41.66337],[-1.158234,41.663806],[-1.15821,41.664431],[-1.158189,41.664742],[-1.158192,41.665287],[-1.158205,41.665462],[-1.158344,41.665834],[-1.158378,41.665916],[-1.158385,41.666031],[-1.158386,41.66606],[-1.158408,41.666961],[-1.158517,41.668197],[-1.158616,41.668731],[-1.158694,41.66915],[-1.158831,41.670048],[-1.158925,41.670338],[-1.15926,41.671221],[-1.159359,41.67152],[-1.159388,41.671588],[-1.159325,41.672082],[-1.159226,41.672846],[-1.159219,41.673063],[-1.159428,41.673124],[-1.159306,41.673384],[-1.159043,41.673969],[-1.158992,41.67409],[-1.15934,41.674307],[-1.159032,41.674586],[-1.158924,41.674765],[-1.158966,41.674788],[-1.158679,41.675148],[-1.158572,41.675317],[-1.158386,41.675733],[-1.158229,41.675979],[-1.157764,41.676705],[-1.15731,41.67745],[-1.157191,41.677614],[-1.156866,41.678064],[-1.156767,41.678171],[-1.156571,41.678496],[-1.1565,41.678675],[-1.15632,41.679109],[-1.156159,41.679458],[-1.155861,41.680246],[-1.155776,41.680483],[-1.155545,41.680993],[-1.155394,41.681242],[-1.155102,41.681557],[-1.154882,41.681892],[-1.1545,41.682457],[-1.154155,41.682952],[-1.153915,41.683358],[-1.153723,41.683773],[-1.15355,41.684176],[-1.153517,41.684275],[-1.153405,41.684403],[-1.153132,41.684692],[-1.152969,41.684932],[-1.152661,41.6854],[-1.152466,41.685703],[-1.152336,41.685863],[-1.151915,41.686275],[-1.151135,41.68688],[-1.15053,41.687442],[-1.150178,41.687778],[-1.150078,41.687906],[-1.149315,41.688819],[-1.148817,41.689361],[-1.148806,41.689395],[-1.148749,41.689584],[-1.148738,41.68962],[-1.14734,41.693299],[-1.147809,41.694531],[-1.147866,41.694667],[-1.148168,41.695442],[-1.148589,41.696674],[-1.148931,41.697738],[-1.149032,41.698005],[-1.149092,41.698213],[-1.149228,41.698486],[-1.150053,41.699463],[-1.151635,41.701285],[-1.152043,41.701759],[-1.152205,41.701947],[-1.15384,41.703838],[-1.155777,41.706071],[-1.157133,41.707611],[-1.157284,41.707789],[-1.157355,41.707853],[-1.157797,41.708317],[-1.157944,41.70847],[-1.159538,41.710099],[-1.159994,41.710563],[-1.161547,41.71214],[-1.161971,41.712558],[-1.1625,41.713078],[-1.163805,41.71432],[-1.164935,41.715378],[-1.165444,41.715864],[-1.165656,41.716209],[-1.165806,41.716441],[-1.166159,41.717123],[-1.166529,41.717858],[-1.167183,41.718945],[-1.16801,41.720305],[-1.168199,41.720636],[-1.167078,41.721794],[-1.167041,41.721825],[-1.166608,41.722273],[-1.16611,41.722859],[-1.165689,41.723298],[-1.165632,41.723383],[-1.165535,41.723426],[-1.164925,41.723745],[-1.164406,41.724034],[-1.16405,41.724267],[-1.163736,41.724537],[-1.163377,41.724891],[-1.163054,41.725256],[-1.162743,41.725647],[-1.162629,41.725821],[-1.162563,41.726045],[-1.162302,41.726131],[-1.161967,41.726283],[-1.161815,41.72633],[-1.161465,41.726397],[-1.160674,41.726528],[-1.160281,41.726576],[-1.159843,41.726546],[-1.159662,41.726579],[-1.159152,41.726747],[-1.158631,41.726905],[-1.158043,41.727058],[-1.157364,41.727258],[-1.15651,41.727506],[-1.154982,41.727963],[-1.154523,41.728032],[-1.152861,41.728528],[-1.15188,41.728796],[-1.151546,41.728912],[-1.150286,41.729256],[-1.150206,41.729314],[-1.150096,41.72937],[-1.148869,41.730242],[-1.147555,41.731194],[-1.145713,41.732502],[-1.14491,41.733065],[-1.144658,41.733237],[-1.14436,41.733376],[-1.14078,41.734912],[-1.138131,41.73608],[-1.138001,41.736195],[-1.13791,41.73623],[-1.137427,41.736515],[-1.132653,41.739427],[-1.130859,41.740528],[-1.130767,41.740617],[-1.131139,41.741645],[-1.131714,41.742357],[-1.131896,41.742522],[-1.131968,41.742579],[-1.132131,41.742707],[-1.132196,41.742757],[-1.132414,41.743107],[-1.13247,41.743252],[-1.132397,41.743317],[-1.132149,41.74354],[-1.131933,41.743734],[-1.131876,41.743783],[-1.131618,41.744004],[-1.13114,41.744415],[-1.131057,41.744486],[-1.130881,41.744637],[-1.130718,41.744782],[-1.130576,41.744901],[-1.13046,41.744971],[-1.129468,41.745365],[-1.12836,41.74582],[-1.12792,41.746479],[-1.12742,41.746318],[-1.126992,41.746558],[-1.126815,41.746866],[-1.12632,41.746935],[-1.125715,41.74724],[-1.125455,41.747303],[-1.125415,41.747442],[-1.125486,41.747678],[-1.125609,41.747779],[-1.125179,41.7481],[-1.124648,41.747763]]]}},{"type":"Feature","properties":{"name":"Juslibol","kind":"vecinal","id":18},"geometry":{"type":"Polygon","coordinates":[[[-0.959523,41.929375],[-0.958564,41.929219],[-0.958088,41.929197],[-0.95789,41.929166],[-0.957492,41.929146],[-0.957155,41.928581],[-0.956908,41.928185],[-0.956446,41.927537],[-0.955561,41.926184],[-0.954936,41.925187],[-0.954515,41.924562],[-0.954384,41.924335],[-0.954148,41.923966],[-0.953774,41.923405],[-0.953573,41.923091],[-0.953159,41.922485],[-0.953144,41.922458],[-0.952908,41.92203],[-0.952516,41.921474],[-0.952153,41.92094],[-0.952075,41.920741],[-0.951746,41.920294],[-0.951514,41.920001],[-0.95132,41.919647],[-0.951266,41.919443],[-0.951186,41.919311],[-0.951078,41.918728],[-0.951074,41.918476],[-0.950994,41.91779],[-0.950941,41.91719],[-0.950873,41.916658],[-0.950785,41.916012],[-0.95076,41.91567],[-0.950699,41.915137],[-0.950677,41.914885],[-0.950574,41.914698],[-0.950551,41.914491],[-0.950493,41.914035],[-0.950474,41.913679],[-0.950074,41.913383],[-0.950105,41.91315],[-0.94998,41.912909],[-0.949803,41.912424],[-0.94977,41.912135],[-0.949744,41.912013],[-0.949532,41.91168],[-0.949346,41.911447],[-0.948812,41.910821],[-0.948904,41.910566],[-0.948794,41.910463],[-0.94857,41.910281],[-0.948274,41.910289],[-0.948122,41.910327],[-0.948016,41.910059],[-0.947729,41.909626],[-0.94773,41.909577],[-0.947732,41.909505],[-0.947739,41.909293],[-0.947864,41.90898],[-0.94755,41.90879],[-0.947026,41.908614],[-0.946753,41.908474],[-0.946565,41.908313],[-0.946441,41.908234],[-0.946305,41.90816],[-0.946216,41.908091],[-0.946144,41.907914],[-0.946019,41.907673],[-0.945828,41.907233],[-0.945701,41.906861],[-0.945828,41.906481],[-0.945769,41.906241],[-0.945666,41.906095],[-0.945666,41.905712],[-0.945639,41.905419],[-0.945448,41.905177],[-0.945391,41.905081],[-0.945367,41.904874],[-0.94538,41.904667],[-0.94547,41.90429],[-0.945471,41.904083],[-0.945398,41.903902],[-0.945214,41.903642],[-0.945225,41.903295],[-0.945353,41.902883],[-0.945434,41.902619],[-0.945405,41.902564],[-0.945384,41.902488],[-0.94513,41.902123],[-0.944896,41.901713],[-0.944755,41.901427],[-0.944561,41.901081],[-0.944414,41.900768],[-0.944266,41.900486],[-0.944063,41.900239],[-0.943854,41.900006],[-0.943628,41.899898],[-0.943435,41.899733],[-0.943145,41.899565],[-0.94291,41.899354],[-0.942555,41.89896],[-0.942341,41.898695],[-0.942127,41.898408],[-0.941956,41.898117],[-0.941724,41.897824],[-0.941551,41.897578],[-0.941436,41.897409],[-0.941166,41.897175],[-0.940895,41.896976],[-0.940744,41.896798],[-0.940598,41.896669],[-0.940368,41.896521],[-0.939968,41.89601],[-0.93962,41.895603],[-0.939418,41.89532],[-0.939398,41.895193],[-0.939278,41.894975],[-0.939054,41.894629],[-0.938739,41.894299],[-0.938437,41.893947],[-0.938143,41.893716],[-0.938069,41.893598],[-0.937856,41.89327],[-0.937663,41.893091],[-0.937502,41.892849],[-0.937333,41.892477],[-0.937288,41.892287],[-0.937281,41.892238],[-0.937263,41.892094],[-0.937292,41.892073],[-0.937489,41.89194],[-0.938044,41.891567],[-0.938266,41.891395],[-0.938288,41.891103],[-0.938419,41.890961],[-0.938456,41.890759],[-0.93843,41.89061],[-0.938396,41.890371],[-0.938329,41.890014],[-0.938124,41.88965],[-0.937865,41.889253],[-0.937742,41.889161],[-0.93761,41.888578],[-0.937421,41.887881],[-0.937274,41.887405],[-0.937181,41.887107],[-0.937131,41.886989],[-0.937063,41.88683],[-0.936947,41.886332],[-0.936807,41.885816],[-0.936586,41.885385],[-0.93631,41.88479],[-0.936201,41.883847],[-0.936053,41.883038],[-0.935755,41.881974],[-0.935556,41.88125],[-0.93536,41.880598],[-0.935333,41.880508],[-0.935399,41.880329],[-0.934967,41.879695],[-0.934563,41.879143],[-0.934391,41.878879],[-0.934137,41.878347],[-0.933317,41.877608],[-0.932654,41.877069],[-0.932204,41.876637],[-0.931839,41.876365],[-0.93161,41.87619],[-0.931349,41.876064],[-0.930788,41.875707],[-0.930108,41.875285],[-0.929736,41.875053],[-0.929341,41.874609],[-0.928972,41.873922],[-0.928685,41.873476],[-0.928511,41.873261],[-0.92803,41.872856],[-0.927526,41.872428],[-0.927046,41.871992],[-0.926607,41.871592],[-0.9259,41.871084],[-0.925596,41.87079],[-0.925305,41.870501],[-0.9251,41.870299],[-0.924971,41.87],[-0.924803,41.869799],[-0.924546,41.869537],[-0.924365,41.869372],[-0.924202,41.869198],[-0.923858,41.868849],[-0.923734,41.868762],[-0.923542,41.868749],[-0.92294,41.868716],[-0.922345,41.868687],[-0.92208,41.868673],[-0.921924,41.868661],[-0.921781,41.868623],[-0.921722,41.868563],[-0.921643,41.868413],[-0.921564,41.86806],[-0.921421,41.867833],[-0.920946,41.867788],[-0.920684,41.867693],[-0.920592,41.867561],[-0.920431,41.867337],[-0.920262,41.867194],[-0.920003,41.866974],[-0.919501,41.86664],[-0.919268,41.86642],[-0.918894,41.866251],[-0.918591,41.866106],[-0.918278,41.865727],[-0.917984,41.865505],[-0.91785,41.865354],[-0.917564,41.865088],[-0.917246,41.864857],[-0.916791,41.864596],[-0.916521,41.864551],[-0.916137,41.864512],[-0.915983,41.864438],[-0.915833,41.864394],[-0.915487,41.864311],[-0.915104,41.864219],[-0.91483,41.864137],[-0.914641,41.864012],[-0.914329,41.86361],[-0.914,41.863159],[-0.913748,41.862749],[-0.913489,41.862375],[-0.913292,41.862137],[-0.912794,41.861714],[-0.912557,41.861399],[-0.912305,41.86102],[-0.9121,41.860629],[-0.911918,41.860311],[-0.911654,41.85991],[-0.91137,41.859558],[-0.910948,41.859397],[-0.910812,41.859327],[-0.910609,41.859251],[-0.910188,41.859063],[-0.910057,41.859016],[-0.909668,41.858743],[-0.909243,41.858479],[-0.908814,41.858142],[-0.908528,41.857871],[-0.908399,41.857766],[-0.908136,41.857527],[-0.907845,41.857215],[-0.907633,41.857054],[-0.90733,41.856733],[-0.906959,41.856303],[-0.906452,41.855785],[-0.905967,41.855307],[-0.905659,41.854973],[-0.905197,41.854546],[-0.905039,41.854412],[-0.904528,41.854011],[-0.9039,41.8535],[-0.903162,41.852879],[-0.90236,41.852166],[-0.901288,41.851232],[-0.899385,41.849581],[-0.898522,41.848894],[-0.898099,41.848558],[-0.897078,41.847728],[-0.896468,41.847244],[-0.89641,41.847189],[-0.896243,41.847114],[-0.895966,41.846947],[-0.895798,41.846828],[-0.895719,41.846758],[-0.895555,41.846611],[-0.895433,41.846343],[-0.89542,41.846315],[-0.895393,41.846247],[-0.895325,41.846093],[-0.895197,41.845965],[-0.89483,41.845787],[-0.894784,41.845763],[-0.894462,41.8456],[-0.893964,41.845375],[-0.893436,41.845135],[-0.893116,41.844972],[-0.892879,41.844855],[-0.89284,41.844839],[-0.892807,41.844826],[-0.892684,41.844756],[-0.891413,41.844159],[-0.890923,41.84393],[-0.890738,41.843843],[-0.88891,41.843012],[-0.887955,41.84258],[-0.887809,41.842515],[-0.887767,41.842497],[-0.887637,41.84244],[-0.887564,41.842408],[-0.887454,41.84236],[-0.887303,41.842294],[-0.886904,41.84212],[-0.886662,41.842015],[-0.886247,41.841834],[-0.885821,41.841648],[-0.88548,41.841484],[-0.884739,41.841133],[-0.885205,41.841216],[-0.885888,41.841335],[-0.885977,41.84135],[-0.886541,41.841446],[-0.887405,41.841603],[-0.887481,41.841617],[-0.888887,41.84189],[-0.890605,41.842201],[-0.891293,41.84234],[-0.891471,41.842381],[-0.891652,41.842423],[-0.891929,41.842489],[-0.892021,41.842502],[-0.892091,41.842512],[-0.892124,41.842517],[-0.892988,41.842671],[-0.894208,41.842902],[-0.89501,41.843052],[-0.895106,41.843058],[-0.895538,41.843137],[-0.89601,41.843224],[-0.897038,41.84272],[-0.89736,41.84264],[-0.89801,41.842283],[-0.898564,41.842086],[-0.898938,41.841877],[-0.899018,41.841824],[-0.899448,41.841598],[-0.899754,41.841437],[-0.900309,41.841209],[-0.900609,41.84107],[-0.900993,41.840892],[-0.901441,41.840837],[-0.902088,41.840759],[-0.902574,41.840638],[-0.903826,41.840471],[-0.904104,41.840427],[-0.904885,41.840302],[-0.905817,41.840174],[-0.906954,41.840011],[-0.907825,41.839914],[-0.908255,41.839845],[-0.908477,41.839811],[-0.908545,41.839801],[-0.908973,41.8398],[-0.909282,41.839742],[-0.909495,41.839665],[-0.909635,41.839253],[-0.909881,41.838537],[-0.910282,41.837509],[-0.910551,41.836811],[-0.910648,41.836444],[-0.910986,41.83586],[-0.911124,41.835696],[-0.911168,41.835638],[-0.91127,41.835447],[-0.911437,41.835125],[-0.911585,41.834826],[-0.911684,41.83459],[-0.912127,41.833927],[-0.912329,41.833633],[-0.912632,41.833193],[-0.912929,41.83287],[-0.913181,41.832595],[-0.913136,41.832337],[-0.913106,41.831941],[-0.913114,41.831711],[-0.913264,41.831552],[-0.913286,41.831431],[-0.913302,41.831125],[-0.913295,41.830949],[-0.913615,41.830743],[-0.913892,41.83055],[-0.913973,41.830484],[-0.914161,41.830336],[-0.914389,41.830169],[-0.914556,41.830037],[-0.914612,41.829988],[-0.91473,41.829869],[-0.914973,41.829612],[-0.915224,41.829315],[-0.915497,41.829063],[-0.915709,41.828837],[-0.91587,41.828687],[-0.915984,41.828518],[-0.916134,41.828345],[-0.916316,41.828119],[-0.916873,41.827481],[-0.917099,41.827179],[-0.917325,41.826899],[-0.917526,41.826641],[-0.917718,41.826303],[-0.917872,41.826017],[-0.917946,41.825775],[-0.917957,41.825609],[-0.917954,41.825339],[-0.917959,41.824992],[-0.918241,41.823741],[-0.918746,41.823331],[-0.91978,41.822494],[-0.919891,41.82242],[-0.920125,41.822262],[-0.920461,41.822115],[-0.920767,41.821963],[-0.921025,41.821801],[-0.92124,41.821647],[-0.921529,41.821481],[-0.921745,41.82137],[-0.921865,41.821307],[-0.922153,41.821178],[-0.922611,41.82097],[-0.922875,41.820817],[-0.923152,41.82061],[-0.923405,41.820417],[-0.923652,41.820237],[-0.923819,41.8201],[-0.92397,41.819887],[-0.924067,41.819704],[-0.924145,41.819525],[-0.924152,41.819291],[-0.924145,41.81894],[-0.924097,41.818772],[-0.924077,41.818623],[-0.924065,41.818452],[-0.924089,41.818268],[-0.924126,41.818048],[-0.92417,41.817823],[-0.924282,41.817501],[-0.924353,41.817178],[-0.92442,41.816972],[-0.924488,41.81673],[-0.924621,41.816512],[-0.924756,41.816271],[-0.924913,41.816044],[-0.925049,41.815934],[-0.925246,41.815798],[-0.925413,41.815666],[-0.925588,41.81548],[-0.925746,41.81524],[-0.925956,41.814888],[-0.926109,41.814634],[-0.926318,41.814291],[-0.926439,41.814086],[-0.926597,41.813855],[-0.926769,41.813579],[-0.926978,41.81324],[-0.927151,41.812928],[-0.927358,41.812662],[-0.92758,41.812315],[-0.927739,41.812043],[-0.92793,41.811744],[-0.928137,41.811465],[-0.928364,41.811162],[-0.928551,41.810963],[-0.928771,41.810652],[-0.928936,41.810412],[-0.929201,41.81002],[-0.929411,41.809686],[-0.929751,41.809202],[-0.93015,41.808596],[-0.930395,41.808263],[-0.93056,41.808005],[-0.930737,41.807738],[-0.930889,41.807524],[-0.931048,41.807239],[-0.931175,41.807057],[-0.931337,41.806866],[-0.931536,41.806667],[-0.931818,41.806325],[-0.932024,41.80609],[-0.932158,41.805872],[-0.932342,41.805587],[-0.932437,41.805427],[-0.932583,41.805186],[-0.93291,41.804575],[-0.933435,41.803774],[-0.933471,41.803608],[-0.933695,41.803175],[-0.933851,41.802823],[-0.933931,41.802567],[-0.934067,41.802291],[-0.9342,41.80209],[-0.934352,41.801827],[-0.934527,41.801452],[-0.934602,41.801188],[-0.934657,41.800973],[-0.934803,41.800719],[-0.934968,41.800469],[-0.934995,41.80038],[-0.935053,41.800268],[-0.935158,41.800158],[-0.935325,41.800021],[-0.935534,41.799899],[-0.935792,41.799741],[-0.935977,41.799605],[-0.93615,41.799469],[-0.936269,41.799318],[-0.936375,41.799198],[-0.936545,41.798958],[-0.936732,41.798768],[-0.936888,41.798572],[-0.937001,41.798444],[-0.93709,41.798292],[-0.937186,41.798123],[-0.937275,41.797953],[-0.937354,41.797743],[-0.937383,41.797424],[-0.937404,41.797149],[-0.937406,41.796879],[-0.937367,41.796617],[-0.937327,41.796342],[-0.937306,41.796067],[-0.93731,41.795761],[-0.937363,41.795402],[-0.937374,41.794875],[-0.937392,41.794704],[-0.937361,41.794541],[-0.937345,41.794478],[-0.93728,41.794432],[-0.937228,41.794372],[-0.937199,41.794151],[-0.937137,41.793826],[-0.937128,41.79356],[-0.937132,41.793227],[-0.937116,41.792988],[-0.93704,41.792541],[-0.936979,41.792184],[-0.93695,41.791796],[-0.936872,41.791416],[-0.936806,41.791023],[-0.936764,41.79064],[-0.936698,41.79026],[-0.93664,41.789836],[-0.936613,41.789529],[-0.936571,41.789173],[-0.936563,41.788862],[-0.936544,41.788501],[-0.936489,41.788154],[-0.936468,41.788077],[-0.936465,41.788001],[-0.936455,41.787725],[-0.936463,41.787473],[-0.936443,41.787144],[-0.935692,41.787117],[-0.935018,41.78711],[-0.934321,41.787101],[-0.934275,41.787105],[-0.934142,41.787107],[-0.932226,41.786987],[-0.930112,41.786813],[-0.929415,41.786769],[-0.927194,41.786745],[-0.925833,41.786757],[-0.925749,41.78676],[-0.925033,41.78676],[-0.923633,41.786811],[-0.921349,41.786696],[-0.920404,41.786706],[-0.919919,41.786616],[-0.919124,41.786457],[-0.918576,41.786262],[-0.918362,41.786177],[-0.917362,41.785861],[-0.916766,41.785657],[-0.916195,41.785434],[-0.915846,41.785252],[-0.915488,41.784993],[-0.914918,41.784735],[-0.914533,41.784342],[-0.914446,41.784253],[-0.913954,41.783856],[-0.913309,41.783709],[-0.910933,41.78331],[-0.909937,41.783142],[-0.908026,41.782309],[-0.907539,41.782097],[-0.907226,41.78196],[-0.906016,41.78148],[-0.90511,41.781119],[-0.904439,41.780868],[-0.90268,41.780211],[-0.902065,41.779982],[-0.901528,41.779748],[-0.901317,41.779657],[-0.901264,41.779629],[-0.900909,41.779464],[-0.900222,41.779105],[-0.899508,41.778848],[-0.898722,41.778599],[-0.897976,41.778457],[-0.897651,41.778395],[-0.897327,41.778361],[-0.897093,41.77833],[-0.89559,41.77809],[-0.89495,41.777997],[-0.894658,41.778069],[-0.894133,41.778198],[-0.893845,41.778269],[-0.893571,41.778335],[-0.893413,41.778373],[-0.893186,41.778427],[-0.892437,41.778608],[-0.891718,41.778798],[-0.889899,41.779281],[-0.889792,41.779309],[-0.889745,41.779322],[-0.889545,41.779375],[-0.889452,41.7794],[-0.888943,41.77957],[-0.888651,41.779668],[-0.888589,41.779711],[-0.888559,41.779733],[-0.888416,41.779834],[-0.888182,41.780001],[-0.887398,41.780367],[-0.887097,41.780508],[-0.886965,41.78057],[-0.886782,41.780655],[-0.886501,41.780767],[-0.885836,41.78103],[-0.885641,41.781085],[-0.885337,41.781183],[-0.885302,41.781191],[-0.88477,41.781312],[-0.8847,41.781329],[-0.884106,41.781464],[-0.882368,41.781862],[-0.881622,41.782033],[-0.881333,41.782099],[-0.881184,41.782132],[-0.880433,41.7823],[-0.880235,41.782344],[-0.880022,41.782395],[-0.879731,41.782464],[-0.878845,41.782674],[-0.87853,41.782736],[-0.878318,41.782781],[-0.877991,41.782109],[-0.877547,41.781196],[-0.877366,41.780826],[-0.877154,41.780391],[-0.876885,41.779839],[-0.876719,41.779498],[-0.876464,41.778962],[-0.876151,41.778302],[-0.876079,41.778111],[-0.876037,41.778002],[-0.875637,41.77694],[-0.87542,41.776379],[-0.875288,41.776037],[-0.875032,41.775217],[-0.874962,41.775033],[-0.874695,41.774327],[-0.874628,41.774131],[-0.874476,41.773683],[-0.874071,41.772481],[-0.873972,41.772187],[-0.873891,41.771951],[-0.873792,41.771663],[-0.873751,41.771446],[-0.87357,41.77092],[-0.873412,41.770579],[-0.873393,41.770516],[-0.873255,41.770071],[-0.872985,41.769476],[-0.872698,41.768871],[-0.872681,41.768835],[-0.872309,41.768238],[-0.871938,41.76764],[-0.871612,41.767093],[-0.871333,41.766606],[-0.871097,41.766264],[-0.870845,41.765775],[-0.87082,41.765726],[-0.870581,41.765294],[-0.870427,41.764854],[-0.870269,41.764369],[-0.870118,41.763816],[-0.870044,41.763328],[-0.869984,41.762737],[-0.869825,41.762071],[-0.869711,41.76169],[-0.86961,41.761363],[-0.869406,41.760711],[-0.869153,41.759985],[-0.868954,41.75962],[-0.868892,41.759507],[-0.868709,41.759026],[-0.868445,41.758453],[-0.868111,41.757983],[-0.867691,41.757565],[-0.867333,41.757089],[-0.867031,41.756526],[-0.866994,41.756456],[-0.866711,41.755897],[-0.866409,41.75536],[-0.866137,41.754854],[-0.865916,41.75444],[-0.865761,41.754177],[-0.86571,41.754089],[-0.865502,41.753671],[-0.86536,41.753438],[-0.865227,41.75322],[-0.864886,41.752794],[-0.864619,41.752492],[-0.86419,41.751997],[-0.863859,41.751441],[-0.863431,41.750748],[-0.863223,41.750371],[-0.862907,41.749725],[-0.862586,41.748637],[-0.862509,41.748226],[-0.862413,41.747863],[-0.86223,41.747148],[-0.862119,41.746302],[-0.861943,41.744856],[-0.861781,41.743167],[-0.861552,41.741661],[-0.861374,41.740662],[-0.861228,41.739937],[-0.861011,41.739185],[-0.860868,41.738587],[-0.860106,41.737132],[-0.859386,41.736076],[-0.858582,41.735107],[-0.85822,41.734638],[-0.857783,41.733423],[-0.856411,41.730652],[-0.855695,41.729493],[-0.853942,41.727573],[-0.853115,41.72648],[-0.852892,41.726152],[-0.853075,41.725535],[-0.853363,41.724975],[-0.853958,41.723867],[-0.854797,41.722279],[-0.856367,41.719435],[-0.857265,41.717778],[-0.85816,41.716184],[-0.859059,41.714496],[-0.860479,41.712343],[-0.861853,41.710285],[-0.8638,41.707479],[-0.864591,41.706483],[-0.865218,41.705358],[-0.865913,41.704288],[-0.866595,41.703236],[-0.867305,41.702144],[-0.868214,41.700756],[-0.868923,41.699696],[-0.869622,41.698627],[-0.869945,41.698088],[-0.870185,41.697516],[-0.870321,41.696903],[-0.870498,41.696022],[-0.870799,41.694875],[-0.87107,41.693688],[-0.871445,41.691941],[-0.871708,41.690723],[-0.871908,41.689807],[-0.872591,41.689878],[-0.873118,41.689946],[-0.87326,41.689992],[-0.873355,41.690051],[-0.873825,41.690355],[-0.874399,41.690705],[-0.874446,41.690637],[-0.874496,41.69056],[-0.874563,41.690481],[-0.874603,41.690439],[-0.874634,41.690417],[-0.87463,41.690343],[-0.874653,41.690266],[-0.874696,41.690183],[-0.874763,41.690124],[-0.874881,41.69006],[-0.875025,41.690021],[-0.875217,41.689975],[-0.875523,41.689907],[-0.875679,41.689879],[-0.875941,41.689827],[-0.876095,41.689783],[-0.876236,41.689747],[-0.876269,41.689737],[-0.87636,41.689703],[-0.876653,41.689589],[-0.876789,41.689522],[-0.876952,41.689463],[-0.877102,41.689414],[-0.877255,41.689347],[-0.877483,41.689237],[-0.877813,41.689062],[-0.877952,41.688975],[-0.878103,41.688929],[-0.87825,41.688914],[-0.878471,41.688887],[-0.878626,41.688878],[-0.878788,41.688857],[-0.878913,41.68884],[-0.879032,41.688828],[-0.879157,41.688803],[-0.879338,41.68876],[-0.879474,41.688735],[-0.879672,41.688719],[-0.880303,41.68871],[-0.880712,41.688689],[-0.881001,41.688672],[-0.881081,41.68867],[-0.881167,41.688661],[-0.881243,41.688648],[-0.88137,41.68861],[-0.881575,41.688521],[-0.881681,41.688489],[-0.88174,41.688495],[-0.881831,41.68848],[-0.88199,41.68847],[-0.882164,41.688442],[-0.882331,41.688411],[-0.882461,41.688384],[-0.882887,41.688254],[-0.883094,41.6882],[-0.883238,41.688167],[-0.883555,41.688114],[-0.883781,41.688083],[-0.88396,41.688068],[-0.884245,41.68807],[-0.884489,41.688066],[-0.884837,41.688091],[-0.885052,41.688132],[-0.885363,41.688224],[-0.885665,41.688364],[-0.885943,41.688497],[-0.88609,41.688561],[-0.886229,41.688595],[-0.886338,41.688616],[-0.886839,41.688689],[-0.887253,41.688729],[-0.88754,41.6887],[-0.887742,41.688659],[-0.887864,41.688615],[-0.888028,41.688547],[-0.888253,41.688453],[-0.88849,41.688382],[-0.888791,41.688314],[-0.888894,41.688297],[-0.889007,41.688276],[-0.889377,41.688206],[-0.889608,41.688178],[-0.890138,41.688094],[-0.890656,41.68802],[-0.890737,41.687982],[-0.890814,41.687859],[-0.891053,41.686968],[-0.891564,41.685657],[-0.891654,41.685659],[-0.891693,41.685659],[-0.891817,41.685665],[-0.89194,41.685697],[-0.892061,41.685746],[-0.892311,41.685812],[-0.892508,41.68586],[-0.892645,41.685896],[-0.892852,41.685977],[-0.892962,41.686024],[-0.893267,41.686116],[-0.893414,41.686157],[-0.893539,41.68621],[-0.893634,41.686258],[-0.893765,41.686306],[-0.893961,41.686409],[-0.894052,41.686471],[-0.894118,41.686539],[-0.894177,41.686615],[-0.894214,41.68669],[-0.894255,41.686753],[-0.894409,41.68676],[-0.89462,41.68668],[-0.89478,41.686623],[-0.894966,41.686586],[-0.89512,41.686571],[-0.895238,41.686554],[-0.895746,41.686791],[-0.895904,41.686709],[-0.896018,41.686619],[-0.896145,41.686527],[-0.896253,41.686436],[-0.896355,41.686336],[-0.896465,41.686217],[-0.896536,41.686136],[-0.896606,41.686044],[-0.896661,41.685977],[-0.896695,41.685871],[-0.896701,41.685691],[-0.896699,41.685572],[-0.896793,41.685465],[-0.896895,41.685379],[-0.896941,41.685347],[-0.89704,41.685301],[-0.897202,41.685243],[-0.897344,41.685158],[-0.897477,41.68509],[-0.89765,41.685026],[-0.897797,41.684956],[-0.89787,41.684883],[-0.897895,41.684853],[-0.898114,41.684915],[-0.898296,41.684941],[-0.89848,41.684956],[-0.898666,41.684968],[-0.898871,41.684938],[-0.899068,41.684945],[-0.899254,41.684976],[-0.89966,41.685027],[-0.899855,41.685042],[-0.899917,41.685042],[-0.90006,41.685039],[-0.900214,41.685023],[-0.900344,41.684987],[-0.900478,41.684966],[-0.900668,41.68492],[-0.900817,41.684905],[-0.901006,41.684924],[-0.901188,41.684929],[-0.901355,41.684935],[-0.901516,41.684942],[-0.901625,41.684962],[-0.901765,41.684986],[-0.901871,41.685003],[-0.902013,41.685001],[-0.90327,41.684557],[-0.904317,41.685333],[-0.905553,41.685929],[-0.906555,41.686437],[-0.910042,41.687245],[-0.911702,41.68783],[-0.913641,41.688939],[-0.915579,41.690084],[-0.916741,41.690772],[-0.917904,41.691459],[-0.919322,41.691892],[-0.92143,41.692337],[-0.923053,41.692551],[-0.924043,41.692458],[-0.925493,41.691892],[-0.927847,41.690862],[-0.929456,41.689966],[-0.93087,41.688955],[-0.932143,41.687757],[-0.932939,41.686923],[-0.933318,41.68647],[-0.933904,41.68605],[-0.934669,41.685694],[-0.935902,41.685366],[-0.937316,41.685091],[-0.938084,41.685055],[-0.938848,41.685149],[-0.940157,41.685702],[-0.941178,41.686321],[-0.942155,41.687089],[-0.943452,41.687759],[-0.944026,41.688035],[-0.944373,41.68825],[-0.945392,41.689321],[-0.945628,41.689554],[-0.945953,41.690271],[-0.946152,41.691333],[-0.94614,41.69232],[-0.946057,41.693102],[-0.945945,41.693564],[-0.94539,41.69399],[-0.9446,41.694483],[-0.943562,41.694842],[-0.942158,41.695165],[-0.940759,41.695329],[-0.939246,41.695425],[-0.938424,41.6957],[-0.937989,41.695982],[-0.937746,41.696297],[-0.937694,41.696732],[-0.937827,41.697402],[-0.938111,41.698219],[-0.938626,41.699041],[-0.9399,41.700399],[-0.941419,41.701326],[-0.942672,41.702165],[-0.943225,41.703997],[-0.943287,41.704095],[-0.94335,41.704228],[-0.943613,41.704556],[-0.943943,41.704971],[-0.944258,41.705354],[-0.944602,41.705747],[-0.944994,41.706194],[-0.945448,41.706727],[-0.945628,41.70693],[-0.945798,41.707079],[-0.946111,41.707358],[-0.946924,41.708122],[-0.946101,41.708286],[-0.945594,41.708394],[-0.945229,41.708475],[-0.945186,41.708487],[-0.944709,41.708582],[-0.944209,41.708686],[-0.943924,41.70875],[-0.94396,41.708816],[-0.944017,41.708872],[-0.944272,41.709024],[-0.944552,41.709194],[-0.944967,41.709422],[-0.945428,41.709708],[-0.94573,41.709846],[-0.94599,41.709969],[-0.946032,41.709998],[-0.946049,41.710043],[-0.946057,41.710164],[-0.946126,41.710347],[-0.946208,41.71057],[-0.946285,41.710831],[-0.94639,41.711134],[-0.946466,41.711382],[-0.946551,41.711671],[-0.946668,41.711912],[-0.946822,41.71215],[-0.947061,41.712519],[-0.947228,41.713049],[-0.947298,41.713335],[-0.947378,41.713619],[-0.947465,41.713879],[-0.947475,41.714048],[-0.947519,41.714271],[-0.947583,41.714441],[-0.947726,41.714846],[-0.946633,41.714669],[-0.946124,41.714583],[-0.945896,41.714558],[-0.945927,41.714642],[-0.946053,41.714832],[-0.946145,41.715001],[-0.946219,41.715187],[-0.946252,41.715305],[-0.94623,41.715476],[-0.946155,41.715719],[-0.946074,41.715931],[-0.945994,41.716078],[-0.945863,41.716241],[-0.945703,41.716425],[-0.945574,41.716538],[-0.945501,41.716587],[-0.945504,41.716703],[-0.945447,41.716923],[-0.94537,41.717171],[-0.945291,41.717353],[-0.945136,41.717553],[-0.945055,41.717629],[-0.945142,41.717799],[-0.945321,41.717944],[-0.945465,41.718045],[-0.945592,41.718105],[-0.94566,41.718143],[-0.945815,41.718222],[-0.945964,41.718306],[-0.94612,41.718399],[-0.946274,41.718499],[-0.946414,41.718589],[-0.946586,41.718718],[-0.94672,41.718815],[-0.946866,41.718908],[-0.947049,41.719066],[-0.94713,41.719134],[-0.947252,41.719243],[-0.947412,41.719361],[-0.947591,41.719457],[-0.94779,41.719554],[-0.948041,41.71968],[-0.948278,41.719802],[-0.948503,41.719908],[-0.948706,41.720008],[-0.948897,41.720106],[-0.949097,41.720201],[-0.949274,41.720271],[-0.949578,41.720387],[-0.949701,41.720433],[-0.950097,41.720571],[-0.950423,41.72068],[-0.950712,41.720791],[-0.950975,41.720907],[-0.95117,41.720993],[-0.951372,41.721078],[-0.951625,41.721162],[-0.951764,41.721241],[-0.95189,41.721333],[-0.951924,41.721431],[-0.951903,41.721499],[-0.951634,41.721473],[-0.951394,41.721563],[-0.951179,41.721765],[-0.951149,41.721933],[-0.95173,41.722227],[-0.951796,41.722366],[-0.951909,41.722518],[-0.952567,41.723179],[-0.953178,41.723656],[-0.953334,41.723793],[-0.953461,41.72397],[-0.953591,41.724201],[-0.953745,41.724488],[-0.953984,41.72492],[-0.954116,41.725093],[-0.954177,41.725154],[-0.954189,41.725225],[-0.954191,41.725282],[-0.954388,41.725651],[-0.954522,41.725884],[-0.954656,41.726209],[-0.954754,41.726482],[-0.954821,41.726703],[-0.954875,41.726899],[-0.954903,41.727054],[-0.954893,41.727195],[-0.954871,41.727351],[-0.954882,41.727425],[-0.954976,41.727561],[-0.955065,41.727722],[-0.955089,41.727881],[-0.955098,41.728011],[-0.955138,41.728125],[-0.955172,41.728235],[-0.955169,41.728366],[-0.955133,41.728484],[-0.955122,41.728554],[-0.955142,41.728631],[-0.955216,41.728732],[-0.955347,41.728803],[-0.955488,41.728856],[-0.955594,41.728898],[-0.955687,41.728994],[-0.955795,41.729091],[-0.955906,41.729168],[-0.955962,41.729237],[-0.955995,41.729371],[-0.956004,41.729526],[-0.95601,41.729727],[-0.956015,41.729925],[-0.956071,41.730151],[-0.956194,41.730432],[-0.956254,41.730583],[-0.956269,41.730688],[-0.956265,41.730796],[-0.95629,41.730911],[-0.956354,41.731021],[-0.956474,41.731145],[-0.956601,41.731261],[-0.95673,41.731384],[-0.956889,41.731704],[-0.957018,41.732155],[-0.957123,41.732395],[-0.957176,41.732516],[-0.957283,41.732729],[-0.957344,41.732898],[-0.957386,41.733072],[-0.957389,41.73322],[-0.957403,41.733382],[-0.957384,41.733521],[-0.95737,41.733726],[-0.957357,41.733878],[-0.957367,41.734016],[-0.957409,41.734139],[-0.957504,41.73426],[-0.957591,41.734393],[-0.957832,41.73466],[-0.958322,41.735677],[-0.958279,41.735838],[-0.958242,41.735971],[-0.958197,41.736061],[-0.958153,41.736162],[-0.958071,41.736301],[-0.957813,41.736694],[-0.957743,41.737717],[-0.957726,41.738192],[-0.957641,41.738922],[-0.957629,41.739371],[-0.957574,41.739726],[-0.9575,41.739974],[-0.95742,41.74019],[-0.957269,41.740535],[-0.95717,41.740835],[-0.957077,41.741172],[-0.957002,41.741477],[-0.95691,41.741708],[-0.9568,41.741965],[-0.956674,41.742231],[-0.956566,41.742432],[-0.956455,41.74259],[-0.956291,41.742752],[-0.956036,41.743014],[-0.955637,41.743441],[-0.955663,41.743883],[-0.955735,41.74407],[-0.955729,41.74424],[-0.955789,41.74446],[-0.955834,41.74463],[-0.955837,41.744732],[-0.955836,41.744974],[-0.955805,41.7453],[-0.955756,41.745599],[-0.955715,41.745764],[-0.955618,41.746159],[-0.955649,41.746536],[-0.955668,41.74679],[-0.955667,41.746938],[-0.955672,41.747216],[-0.95565,41.747432],[-0.955612,41.747647],[-0.955606,41.747762],[-0.955649,41.747841],[-0.955862,41.747893],[-0.956175,41.74799],[-0.95642,41.748052],[-0.956514,41.748078],[-0.956714,41.748118],[-0.95708,41.74819],[-0.957277,41.748271],[-0.957445,41.748384],[-0.957636,41.748534],[-0.957847,41.748695],[-0.95797,41.748791],[-0.958125,41.748911],[-0.95828,41.749114],[-0.958353,41.749335],[-0.958392,41.749591],[-0.958436,41.749822],[-0.958518,41.750041],[-0.958659,41.750368],[-0.958772,41.750647],[-0.958876,41.750849],[-0.959012,41.75116],[-0.959187,41.751464],[-0.959295,41.751701],[-0.959425,41.751962],[-0.95958,41.752152],[-0.959724,41.752302],[-0.959867,41.75242],[-0.960015,41.752523],[-0.960267,41.752666],[-0.960542,41.752788],[-0.960824,41.752926],[-0.9611,41.753059],[-0.961322,41.753207],[-0.961494,41.753364],[-0.961664,41.753526],[-0.961834,41.753687],[-0.962049,41.753888],[-0.962237,41.754045],[-0.962428,41.754152],[-0.962668,41.754245],[-0.962857,41.754304],[-0.963136,41.75437],[-0.96346,41.754457],[-0.963793,41.75453],[-0.964077,41.754622],[-0.964299,41.754734],[-0.964545,41.754873],[-0.964844,41.75503],[-0.964868,41.755049],[-0.964989,41.755149],[-0.965135,41.755291],[-0.965288,41.755474],[-0.96547,41.755709],[-0.965616,41.755972],[-0.965753,41.756268],[-0.96588,41.756526],[-0.965979,41.756701],[-0.966048,41.756923],[-0.966131,41.756963],[-0.966311,41.757001],[-0.966762,41.757059],[-0.967136,41.757098],[-0.967365,41.757125],[-0.967479,41.75714],[-0.967642,41.757148],[-0.967708,41.75715],[-0.967931,41.757167],[-0.968099,41.757232],[-0.968305,41.757347],[-0.968478,41.757473],[-0.968663,41.757623],[-0.96884,41.75779],[-0.968987,41.757954],[-0.969144,41.758142],[-0.969313,41.758288],[-0.969489,41.75842],[-0.96973,41.758568],[-0.969947,41.75872],[-0.970123,41.758861],[-0.970293,41.759005],[-0.970462,41.759183],[-0.970633,41.759342],[-0.970847,41.759489],[-0.971041,41.759598],[-0.971263,41.759729],[-0.971456,41.75984],[-0.971672,41.759941],[-0.97189,41.760008],[-0.972107,41.760058],[-0.97234,41.760159],[-0.972547,41.760248],[-0.97279,41.760347],[-0.973024,41.760436],[-0.973197,41.760523],[-0.973382,41.760619],[-0.973603,41.760733],[-0.973779,41.760808],[-0.974007,41.760875],[-0.974257,41.760913],[-0.974511,41.760963],[-0.974742,41.761022],[-0.974906,41.761072],[-0.975003,41.761141],[-0.975071,41.761283],[-0.975115,41.761435],[-0.975198,41.761574],[-0.975322,41.761773],[-0.975406,41.761923],[-0.975539,41.762102],[-0.975908,41.762554],[-0.975987,41.76247],[-0.976098,41.762351],[-0.976219,41.762174],[-0.976286,41.762042],[-0.976391,41.761894],[-0.976532,41.761706],[-0.976665,41.761592],[-0.976823,41.761447],[-0.976927,41.761315],[-0.977068,41.761185],[-0.97727,41.761074],[-0.977552,41.760982],[-0.977817,41.760948],[-0.978041,41.760941],[-0.978288,41.76089],[-0.978462,41.760771],[-0.97862,41.760642],[-0.978801,41.760554],[-0.979068,41.760527],[-0.979296,41.760508],[-0.979536,41.760503],[-0.979758,41.760464],[-0.980168,41.76039],[-0.98007,41.76015],[-0.979984,41.759968],[-0.979945,41.759901],[-0.979882,41.759764],[-0.97977,41.759568],[-0.979628,41.759406],[-0.979503,41.759271],[-0.979387,41.75913],[-0.979299,41.759017],[-0.979282,41.758897],[-0.979291,41.758769],[-0.979372,41.75863],[-0.97948,41.758512],[-0.979603,41.758394],[-0.979734,41.758262],[-0.979848,41.758125],[-0.97994,41.757981],[-0.979987,41.757842],[-0.980014,41.757677],[-0.980015,41.757641],[-0.980019,41.757559],[-0.980029,41.757407],[-0.980076,41.75716],[-0.980146,41.756987],[-0.980221,41.756832],[-0.980335,41.756671],[-0.980414,41.756516],[-0.980421,41.756376],[-0.980395,41.756222],[-0.980322,41.756038],[-0.980276,41.755904],[-0.980212,41.755751],[-0.980145,41.755586],[-0.980087,41.755446],[-0.980029,41.755318],[-0.979928,41.755224],[-0.979826,41.755174],[-0.979773,41.755142],[-0.979744,41.755119],[-0.97973,41.754972],[-0.97975,41.754825],[-0.979787,41.754672],[-0.979807,41.754483],[-0.979851,41.754304],[-0.979939,41.754152],[-0.980066,41.754014],[-0.980239,41.753949],[-0.980463,41.753903],[-0.980709,41.753879],[-0.980904,41.753833],[-0.981143,41.753817],[-0.981304,41.753831],[-0.981474,41.753891],[-0.981635,41.753985],[-0.98179,41.754053],[-0.981965,41.754115],[-0.982188,41.754137],[-0.9824,41.754073],[-0.982617,41.753954],[-0.9828,41.753873],[-0.982823,41.753862],[-0.982928,41.753791],[-0.983024,41.753673],[-0.983043,41.753546],[-0.983007,41.753403],[-0.983,41.753265],[-0.983063,41.753172],[-0.983226,41.753108],[-0.983409,41.753085],[-0.983444,41.753079],[-0.983505,41.753013],[-0.983539,41.752879],[-0.983548,41.752737],[-0.983551,41.752584],[-0.983468,41.752035],[-0.983272,41.751676],[-0.983194,41.751541],[-0.983128,41.751436],[-0.983017,41.751321],[-0.982895,41.751209],[-0.982749,41.751117],[-0.982608,41.751059],[-0.982472,41.751034],[-0.982354,41.750956],[-0.98224,41.750889],[-0.982138,41.750836],[-0.981962,41.750729],[-0.981801,41.750622],[-0.981629,41.750504],[-0.981426,41.75034],[-0.981199,41.750136],[-0.980937,41.749899],[-0.980801,41.749746],[-0.980673,41.74959],[-0.980573,41.749444],[-0.980526,41.749295],[-0.980527,41.749114],[-0.980543,41.748967],[-0.980599,41.748798],[-0.980669,41.74863],[-0.980843,41.748408],[-0.98105,41.74821],[-0.981268,41.748028],[-0.981439,41.747893],[-0.981588,41.747731],[-0.981693,41.747497],[-0.981803,41.747228],[-0.981843,41.746964],[-0.981869,41.746797],[-0.981952,41.746653],[-0.982057,41.746545],[-0.982201,41.746441],[-0.982342,41.746331],[-0.982422,41.746221],[-0.982458,41.746092],[-0.98244,41.745859],[-0.982416,41.745787],[-0.982299,41.74565],[-0.982111,41.745433],[-0.981931,41.745167],[-0.981503,41.744634],[-0.98108,41.744054],[-0.980881,41.743763],[-0.980737,41.743597],[-0.98065,41.743531],[-0.980747,41.74342],[-0.980832,41.74329],[-0.98095,41.74313],[-0.981076,41.743016],[-0.981155,41.742982],[-0.981276,41.74296],[-0.981592,41.742959],[-0.982036,41.74297],[-0.982267,41.743003],[-0.982441,41.743054],[-0.982503,41.743108],[-0.982533,41.743168],[-0.982597,41.743252],[-0.98268,41.7433],[-0.982775,41.743319],[-0.982929,41.743319],[-0.983128,41.743294],[-0.983368,41.743216],[-0.983664,41.743098],[-0.983761,41.743049],[-0.983791,41.742985],[-0.983799,41.742872],[-0.983845,41.74284],[-0.983941,41.742825],[-0.984025,41.742826],[-0.98416,41.742822],[-0.984435,41.742771],[-0.984733,41.742725],[-0.984851,41.742716],[-0.984926,41.742738],[-0.984994,41.742764],[-0.985122,41.742793],[-0.985243,41.742801],[-0.985395,41.742786],[-0.985561,41.742748],[-0.985712,41.742694],[-0.985854,41.742619],[-0.985961,41.742504],[-0.986096,41.742362],[-0.986231,41.742308],[-0.986374,41.742271],[-0.986637,41.742223],[-0.986911,41.742195],[-0.98713,41.74218],[-0.987247,41.742149],[-0.987346,41.742101],[-0.987412,41.742048],[-0.987504,41.741944],[-0.987652,41.741777],[-0.987801,41.741662],[-0.988106,41.741492],[-0.988446,41.741322],[-0.98872,41.741231],[-0.989026,41.741152],[-0.989083,41.741086],[-0.989155,41.740984],[-0.989267,41.740746],[-0.989389,41.740503],[-0.98953,41.74026],[-0.989735,41.740066],[-0.990781,41.738716],[-0.993189,41.736651],[-0.993324,41.736742],[-0.99437,41.737454],[-0.994789,41.737739],[-0.995939,41.738521],[-0.996001,41.738563],[-0.996217,41.738705],[-0.996417,41.739015],[-0.998505,41.74224],[-0.998831,41.742403],[-1.000124,41.74298],[-1.001067,41.743586],[-1.00156,41.744099],[-1.002652,41.745235],[-1.002889,41.74537],[-1.003372,41.745644],[-1.004101,41.746112],[-1.004332,41.746261],[-1.005353,41.746917],[-1.005977,41.747351],[-1.006048,41.747388],[-1.006169,41.747386],[-1.006266,41.747342],[-1.006999,41.747765],[-1.006569,41.748235],[-1.005798,41.749045],[-1.007061,41.750026],[-1.007308,41.750165],[-1.007635,41.750347],[-1.007664,41.750363],[-1.00806,41.750584],[-1.008953,41.750889],[-1.009283,41.751001],[-1.010815,41.751524],[-1.013085,41.752022],[-1.015017,41.752556],[-1.015726,41.752753],[-1.017572,41.75415],[-1.017863,41.75437],[-1.018953,41.755195],[-1.019294,41.755642],[-1.02043,41.757131],[-1.020756,41.757559],[-1.023778,41.75866],[-1.026194,41.760278],[-1.029136,41.761243],[-1.03148,41.76167],[-1.035194,41.763558],[-1.038346,41.765697],[-1.038619,41.765819],[-1.039181,41.765954],[-1.042713,41.767073],[-1.045112,41.769091],[-1.046434,41.769942],[-1.048237,41.771175],[-1.050219,41.772483],[-1.051797,41.773415],[-1.053105,41.774302],[-1.054629,41.775427],[-1.054955,41.776788],[-1.055513,41.777468],[-1.056153,41.778249],[-1.056494,41.778665],[-1.056707,41.778925],[-1.056992,41.779258],[-1.057177,41.7795],[-1.057282,41.779628],[-1.057476,41.779776],[-1.057636,41.779859],[-1.05792,41.780017],[-1.058351,41.780268],[-1.058972,41.780629],[-1.059434,41.780871],[-1.060186,41.781267],[-1.060885,41.781635],[-1.061267,41.782118],[-1.061807,41.782767],[-1.062496,41.783666],[-1.062989,41.784295],[-1.063217,41.7847],[-1.063542,41.785309],[-1.063827,41.785836],[-1.06411,41.786413],[-1.06422,41.786559],[-1.064389,41.786737],[-1.064843,41.787249],[-1.065414,41.787862],[-1.065863,41.788347],[-1.066352,41.788892],[-1.066763,41.789241],[-1.067654,41.789612],[-1.068302,41.789884],[-1.069605,41.790383],[-1.071152,41.790976],[-1.07278,41.791639],[-1.073981,41.792154],[-1.074967,41.792563],[-1.077203,41.793064],[-1.078733,41.793409],[-1.080482,41.794272],[-1.081727,41.794896],[-1.082995,41.795174],[-1.084837,41.79556],[-1.085567,41.795492],[-1.085916,41.796096],[-1.08612,41.796338],[-1.086296,41.796472],[-1.086456,41.79656],[-1.087171,41.796811],[-1.087985,41.797135],[-1.089051,41.797513],[-1.089515,41.797697],[-1.090203,41.797861],[-1.090597,41.797958],[-1.091308,41.798132],[-1.09218,41.798335],[-1.092998,41.798556],[-1.093835,41.79875],[-1.094184,41.798774],[-1.09503,41.798847],[-1.096507,41.798961],[-1.097306,41.798997],[-1.097956,41.798999],[-1.098245,41.799008],[-1.099164,41.79905],[-1.100672,41.799156],[-1.101056,41.79919],[-1.102141,41.799352],[-1.103015,41.799492],[-1.103105,41.799507],[-1.103632,41.799588],[-1.104321,41.799699],[-1.105965,41.799253],[-1.106983,41.798979],[-1.108125,41.798672],[-1.108668,41.798816],[-1.10977,41.799185],[-1.110414,41.799403],[-1.111242,41.799471],[-1.111921,41.799527],[-1.113392,41.799632],[-1.114425,41.799712],[-1.115788,41.799622],[-1.116126,41.799601],[-1.116164,41.799598],[-1.116323,41.799588],[-1.116723,41.799563],[-1.116772,41.79956],[-1.117711,41.799501],[-1.119097,41.799438],[-1.120302,41.799615],[-1.121716,41.799841],[-1.122057,41.799896],[-1.12215,41.800213],[-1.12233,41.801067],[-1.122338,41.801103],[-1.122355,41.801171],[-1.122507,41.801808],[-1.122811,41.803133],[-1.122575,41.803782],[-1.11915,41.811003],[-1.116187,41.814539],[-1.113994,41.818277],[-1.109557,41.823211],[-1.109262,41.823602],[-1.109215,41.823786],[-1.109878,41.830075],[-1.110011,41.831555],[-1.110019,41.831667],[-1.11003,41.831722],[-1.110641,41.837536],[-1.110353,41.841418],[-1.108469,41.842391],[-1.105307,41.84405],[-1.104852,41.847406],[-1.10468,41.848736],[-1.104636,41.849208],[-1.101528,41.850251],[-1.099345,41.850967],[-1.098773,41.851165],[-1.098491,41.85193],[-1.098238,41.852543],[-1.098138,41.852874],[-1.097953,41.853209],[-1.097404,41.853655],[-1.096549,41.854258],[-1.095288,41.855119],[-1.094028,41.85599],[-1.092643,41.856976],[-1.092026,41.857879],[-1.091529,41.858587],[-1.091172,41.859059],[-1.090862,41.859333],[-1.090651,41.859748],[-1.090186,41.860393],[-1.089703,41.861029],[-1.089468,41.861439],[-1.088178,41.86208],[-1.087438,41.862468],[-1.086623,41.862923],[-1.085632,41.86342],[-1.084531,41.863982],[-1.083332,41.864606],[-1.082814,41.86498],[-1.082664,41.865577],[-1.082159,41.867365],[-1.081984,41.867984],[-1.081271,41.868242],[-1.080583,41.868482],[-1.080149,41.868881],[-1.079766,41.869405],[-1.07954,41.869929],[-1.079377,41.870146],[-1.078941,41.870792],[-1.078667,41.871296],[-1.078623,41.871557],[-1.078426,41.872499],[-1.078159,41.873364],[-1.078199,41.874049],[-1.078255,41.875194],[-1.078293,41.875338],[-1.078314,41.876046],[-1.078279,41.876419],[-1.078199,41.877255],[-1.078121,41.878078],[-1.078183,41.878808],[-1.078217,41.879471],[-1.078304,41.87981],[-1.078354,41.879933],[-1.078495,41.880268],[-1.078684,41.880807],[-1.078973,41.881393],[-1.079306,41.882155],[-1.079416,41.882319],[-1.079757,41.88278],[-1.080035,41.883149],[-1.080249,41.883454],[-1.080736,41.883917],[-1.081033,41.884251],[-1.080486,41.884593],[-1.079738,41.88522],[-1.07893,41.88585],[-1.078184,41.886405],[-1.077591,41.886882],[-1.077356,41.887107],[-1.076936,41.887429],[-1.076285,41.887832],[-1.075462,41.88835],[-1.073994,41.88928],[-1.072949,41.889969],[-1.07237,41.890374],[-1.071099,41.891163],[-1.070987,41.89126],[-1.070171,41.891755],[-1.069183,41.892333],[-1.068661,41.892657],[-1.067656,41.893221],[-1.066715,41.893841],[-1.065502,41.894275],[-1.064789,41.894556],[-1.062086,41.895631],[-1.05984,41.896539],[-1.058296,41.896598],[-1.056799,41.896645],[-1.052641,41.896831],[-1.051302,41.896871],[-1.050516,41.897133],[-1.049374,41.897452],[-1.048285,41.897757],[-1.045237,41.898609],[-1.042465,41.899044],[-1.041296,41.899231],[-1.041125,41.899256],[-1.038742,41.899593],[-1.038367,41.899636],[-1.037349,41.899794],[-1.037011,41.899876],[-1.036985,41.899883],[-1.035234,41.900163],[-1.034586,41.90026],[-1.032896,41.900513],[-1.031698,41.900693],[-1.029851,41.900962],[-1.028788,41.901161],[-1.027078,41.903189],[-1.026932,41.903362],[-1.025801,41.905036],[-1.025064,41.906216],[-1.024983,41.906345],[-1.0245,41.907158],[-1.023979,41.908035],[-1.023436,41.909025],[-1.023316,41.909244],[-1.023027,41.909774],[-1.022011,41.911626],[-1.02169,41.912273],[-1.021541,41.912572],[-1.020221,41.913073],[-1.019089,41.913503],[-1.016655,41.914411],[-1.016077,41.914611],[-1.015284,41.914887],[-1.014851,41.915064],[-1.014436,41.91521],[-1.014338,41.915244],[-1.013873,41.915493],[-1.013529,41.915694],[-1.013155,41.91589],[-1.012657,41.916197],[-1.012489,41.91636],[-1.012429,41.916535],[-1.012296,41.916758],[-1.012263,41.916834],[-1.012205,41.916963],[-1.011709,41.917225],[-1.011237,41.917455],[-1.010887,41.917656],[-1.010118,41.917575],[-1.009095,41.917495],[-1.008741,41.917457],[-1.007995,41.917399],[-1.00752,41.917355],[-1.007273,41.917341],[-1.007051,41.91732],[-1.006402,41.917254],[-1.005601,41.917213],[-1.00496,41.917851],[-1.003708,41.919135],[-1.003541,41.919276],[-1.00107,41.919642],[-1.00035,41.919702],[-0.999293,41.919949],[-0.999074,41.920013],[-0.998406,41.920371],[-0.998148,41.920528],[-0.996517,41.921373],[-0.993984,41.922945],[-0.992238,41.923248],[-0.990916,41.923486],[-0.989772,41.923615],[-0.986329,41.923996],[-0.984914,41.924511],[-0.9837,41.924967],[-0.983236,41.92513],[-0.9809,41.92617],[-0.980383,41.926309],[-0.979403,41.926589],[-0.97933,41.926633],[-0.979254,41.926546],[-0.979169,41.926373],[-0.979125,41.926246],[-0.979093,41.926115],[-0.979025,41.925965],[-0.978824,41.925827],[-0.978761,41.925745],[-0.978722,41.925645],[-0.97865,41.925423],[-0.978643,41.925274],[-0.978516,41.925074],[-0.978273,41.924754],[-0.978024,41.924426],[-0.97784,41.92417],[-0.97779,41.924034],[-0.977784,41.923814],[-0.977804,41.92358],[-0.977815,41.923422],[-0.977755,41.923214],[-0.977771,41.923106],[-0.97774,41.922935],[-0.9776,41.922581],[-0.977407,41.922388],[-0.977356,41.922289],[-0.977013,41.922093],[-0.976742,41.921872],[-0.976549,41.921711],[-0.976359,41.921609],[-0.976278,41.921508],[-0.975986,41.921562],[-0.975722,41.921719],[-0.975226,41.921976],[-0.974965,41.922206],[-0.974763,41.922504],[-0.973681,41.922584],[-0.973511,41.922621],[-0.973014,41.922694],[-0.972493,41.922774],[-0.972318,41.922798],[-0.971881,41.922858],[-0.971179,41.922949],[-0.970752,41.92291],[-0.970199,41.922846],[-0.969778,41.922825],[-0.969081,41.922746],[-0.968792,41.92274],[-0.968728,41.922735],[-0.968473,41.922712],[-0.968121,41.922724],[-0.967592,41.922742],[-0.966534,41.922809],[-0.96639,41.923193],[-0.96637,41.923441],[-0.966276,41.923925],[-0.966126,41.924476],[-0.966257,41.924708],[-0.966198,41.925225],[-0.966131,41.925454],[-0.965932,41.925842],[-0.96587,41.926075],[-0.9658,41.926371],[-0.965662,41.92672],[-0.965455,41.927184],[-0.965104,41.92739],[-0.964258,41.927825],[-0.963344,41.928331],[-0.963017,41.928541],[-0.962389,41.928958],[-0.962156,41.929084],[-0.96167,41.929373],[-0.961541,41.92947],[-0.961105,41.929521],[-0.96044,41.929554],[-0.960193,41.929554],[-0.959523,41.929375]]]}},{"type":"Feature","properties":{"name":"La Cartuja Baja","kind":"vecinal","id":15},"geometry":{"type":"Polygon","coordinates":[[[-0.846725,41.625589],[-0.845768,41.625121],[-0.845306,41.62495],[-0.845058,41.624828],[-0.844657,41.624595],[-0.844197,41.624353],[-0.84389,41.624203],[-0.843358,41.623976],[-0.842955,41.623807],[-0.842779,41.623695],[-0.842639,41.623567],[-0.842522,41.623474],[-0.842107,41.623314],[-0.841527,41.623095],[-0.840129,41.622889],[-0.839485,41.622057],[-0.837791,41.620666],[-0.835802,41.619466],[-0.832495,41.617882],[-0.829579,41.616431],[-0.826996,41.615085],[-0.823922,41.614423],[-0.819632,41.614207],[-0.816707,41.614475],[-0.810377,41.616057],[-0.806165,41.617093],[-0.804246,41.617048],[-0.800632,41.616375],[-0.799828,41.616045],[-0.799295,41.615827],[-0.799461,41.615533],[-0.79981,41.614792],[-0.800005,41.614364],[-0.800539,41.613491],[-0.801174,41.612441],[-0.801251,41.612307],[-0.801365,41.612111],[-0.802293,41.61167],[-0.80328,41.611229],[-0.802493,41.610719],[-0.802223,41.610551],[-0.802199,41.610542],[-0.801705,41.610244],[-0.801305,41.610003],[-0.799355,41.608776],[-0.798285,41.608125],[-0.797164,41.606852],[-0.795917,41.605432],[-0.795234,41.604698],[-0.795237,41.604608],[-0.795028,41.604037],[-0.794886,41.603629],[-0.794754,41.603284],[-0.794654,41.603048],[-0.794626,41.602462],[-0.794608,41.602282],[-0.794606,41.601984],[-0.794596,41.60193],[-0.794566,41.601389],[-0.795423,41.601244],[-0.795821,41.601188],[-0.796116,41.600978],[-0.796644,41.600637],[-0.797147,41.600304],[-0.797467,41.600085],[-0.799094,41.597729],[-0.79912,41.597685],[-0.799254,41.597273],[-0.798461,41.595889],[-0.797568,41.59534],[-0.796565,41.595204],[-0.796145,41.594854],[-0.794453,41.593434],[-0.794154,41.593771],[-0.793804,41.594187],[-0.793642,41.594373],[-0.793234,41.594726],[-0.791625,41.593686],[-0.790158,41.592739],[-0.78986,41.592671],[-0.788955,41.592473],[-0.785255,41.593338],[-0.784372,41.593546],[-0.781446,41.59421],[-0.781467,41.594625],[-0.781506,41.595238],[-0.781513,41.596085],[-0.781478,41.596075],[-0.780097,41.595761],[-0.779144,41.595544],[-0.778588,41.595677],[-0.775999,41.596294],[-0.774971,41.596544],[-0.771885,41.597295],[-0.771716,41.597336],[-0.771111,41.597487],[-0.769901,41.597788],[-0.768279,41.598197],[-0.767782,41.598323],[-0.765543,41.598883],[-0.766449,41.598369],[-0.767574,41.597742],[-0.767807,41.597612],[-0.768137,41.597429],[-0.770791,41.595968],[-0.771867,41.595385],[-0.771953,41.595333],[-0.773005,41.59475],[-0.773506,41.594471],[-0.773763,41.594323],[-0.774129,41.594141],[-0.774203,41.594079],[-0.775683,41.59327],[-0.776037,41.593079],[-0.776111,41.593036],[-0.776245,41.592966],[-0.776306,41.592931],[-0.778923,41.591514],[-0.780267,41.590783],[-0.780756,41.590523],[-0.78083,41.590479],[-0.781856,41.589922],[-0.783715,41.588544],[-0.784072,41.588281],[-0.784433,41.588261],[-0.78537,41.588216],[-0.785528,41.588156],[-0.785795,41.588071],[-0.78588,41.588019],[-0.785906,41.587983],[-0.785991,41.587931],[-0.786222,41.587854],[-0.786524,41.587806],[-0.787476,41.58768],[-0.788029,41.587637],[-0.788401,41.587626],[-0.789026,41.587584],[-0.790476,41.587648],[-0.79099,41.587703],[-0.791807,41.587655],[-0.792767,41.587638],[-0.793655,41.587655],[-0.794726,41.587901],[-0.795574,41.587998],[-0.795956,41.588077],[-0.797103,41.588559],[-0.797802,41.588806],[-0.79825,41.589049],[-0.798934,41.589404],[-0.801001,41.5893],[-0.801049,41.589292],[-0.801181,41.589276],[-0.801218,41.589268],[-0.801139,41.588744],[-0.801092,41.588734],[-0.801093,41.588707],[-0.801093,41.588689],[-0.801082,41.588662],[-0.801028,41.588148],[-0.800925,41.586921],[-0.800837,41.586],[-0.800808,41.585784],[-0.800574,41.585626],[-0.800362,41.585487],[-0.799317,41.584827],[-0.79813,41.584111],[-0.797061,41.583442],[-0.796756,41.583238],[-0.796169,41.582858],[-0.794761,41.582281],[-0.793778,41.58192],[-0.793305,41.581713],[-0.791812,41.581189],[-0.789514,41.580343],[-0.7884,41.579943],[-0.786877,41.579581],[-0.785544,41.579258],[-0.783436,41.578461],[-0.781163,41.577606],[-0.780725,41.577436],[-0.778854,41.576724],[-0.777457,41.576192],[-0.777149,41.576069],[-0.776816,41.575982],[-0.776698,41.575953],[-0.776411,41.575911],[-0.775923,41.575794],[-0.775352,41.575665],[-0.774553,41.575524],[-0.773623,41.575371],[-0.772716,41.575236],[-0.771834,41.575075],[-0.770654,41.574854],[-0.769711,41.574718],[-0.768721,41.574564],[-0.768603,41.574526],[-0.766099,41.573729],[-0.76457,41.573222],[-0.764309,41.573136],[-0.763886,41.572867],[-0.763499,41.572616],[-0.763147,41.572402],[-0.761541,41.571668],[-0.76056,41.571235],[-0.757713,41.569981],[-0.7574,41.569678],[-0.756727,41.569026],[-0.756575,41.568905],[-0.755628,41.568202],[-0.753536,41.566639],[-0.753275,41.566535],[-0.752589,41.56627],[-0.752045,41.566061],[-0.752034,41.566016],[-0.751892,41.565977],[-0.751406,41.565796],[-0.750826,41.565596],[-0.750138,41.565357],[-0.749925,41.565281],[-0.749666,41.56515],[-0.749255,41.564889],[-0.748691,41.564545],[-0.748574,41.564471],[-0.748058,41.564136],[-0.747495,41.563783],[-0.74679,41.563355],[-0.74672,41.563309],[-0.746285,41.563048],[-0.745993,41.562817],[-0.74555,41.562475],[-0.745164,41.562179],[-0.744766,41.561892],[-0.744602,41.561799],[-0.744209,41.561701],[-0.743449,41.561497],[-0.74308,41.561418],[-0.742329,41.561304],[-0.741516,41.561225],[-0.740764,41.561129],[-0.740549,41.561098],[-0.740286,41.561066],[-0.740191,41.561046],[-0.740132,41.561036],[-0.739881,41.561004],[-0.73969,41.560973],[-0.739429,41.560896],[-0.738956,41.560706],[-0.738319,41.560397],[-0.737895,41.560181],[-0.737765,41.560133],[-0.737707,41.560078],[-0.735101,41.558811],[-0.734195,41.558667],[-0.733407,41.558552],[-0.732701,41.558511],[-0.731663,41.558374],[-0.730827,41.558258],[-0.730338,41.558204],[-0.729305,41.557913],[-0.729056,41.557827],[-0.728973,41.557807],[-0.727822,41.557442],[-0.727121,41.556591],[-0.726418,41.555766],[-0.725632,41.555607],[-0.722101,41.555447],[-0.721898,41.555434],[-0.721814,41.555432],[-0.721599,41.555401],[-0.721288,41.555377],[-0.72099,41.555326],[-0.720776,41.555267],[-0.720552,41.555155],[-0.72013,41.554903],[-0.71953,41.554567],[-0.719118,41.554343],[-0.71899,41.55425],[-0.718908,41.554167],[-0.718875,41.554095],[-0.718159,41.551279],[-0.717939,41.55105],[-0.715823,41.550197],[-0.7134,41.548519],[-0.712655,41.548234],[-0.712404,41.54822],[-0.711139,41.548726],[-0.71048,41.548722],[-0.708962,41.548593],[-0.708619,41.54846],[-0.706228,41.546917],[-0.705369,41.546458],[-0.705298,41.54643],[-0.703769,41.545598],[-0.702807,41.545344],[-0.702208,41.545332],[-0.701569,41.545428],[-0.701306,41.545386],[-0.700318,41.544871],[-0.698671,41.544649],[-0.698338,41.544579],[-0.698079,41.544457],[-0.69781,41.544254],[-0.697592,41.54397],[-0.697513,41.543842],[-0.697451,41.543562],[-0.697316,41.542641],[-0.697157,41.541367],[-0.697031,41.541203],[-0.696758,41.541143],[-0.696553,41.541166],[-0.696517,41.541165],[-0.69636,41.541189],[-0.696168,41.541195],[-0.694131,41.540838],[-0.69362,41.54072],[-0.693265,41.540596],[-0.693009,41.540357],[-0.692806,41.54001],[-0.692725,41.539585],[-0.692707,41.539432],[-0.692676,41.539278],[-0.692665,41.539251],[-0.692547,41.538528],[-0.692517,41.538365],[-0.692428,41.538165],[-0.692229,41.538026],[-0.692017,41.537932],[-0.691817,41.53782],[-0.6906,41.537003],[-0.689265,41.536093],[-0.688246,41.535433],[-0.68704,41.534643],[-0.686546,41.534363],[-0.685755,41.534041],[-0.684525,41.533566],[-0.683651,41.533188],[-0.682921,41.532822],[-0.682709,41.532719],[-0.68243,41.532479],[-0.682111,41.531689],[-0.68075,41.530851],[-0.680837,41.530772],[-0.682425,41.529615],[-0.683249,41.52901],[-0.684062,41.528396],[-0.684765,41.527852],[-0.685607,41.526761],[-0.686889,41.524733],[-0.68828,41.523708],[-0.690788,41.522263],[-0.69374,41.521151],[-0.696178,41.519651],[-0.69938,41.517239],[-0.697736,41.514936],[-0.695234,41.514192],[-0.694569,41.513999],[-0.693457,41.513598],[-0.692688,41.513331],[-0.692144,41.51314],[-0.690523,41.512558],[-0.6889,41.512012],[-0.686664,41.511552],[-0.686094,41.511424],[-0.684495,41.511238],[-0.682419,41.510989],[-0.682574,41.510659],[-0.682794,41.510204],[-0.68343,41.509515],[-0.684723,41.508532],[-0.684927,41.508185],[-0.685044,41.507917],[-0.68527,41.507291],[-0.685408,41.50679],[-0.685772,41.506338],[-0.68586,41.506213],[-0.686149,41.505823],[-0.686023,41.505343],[-0.68595,41.505017],[-0.685789,41.504492],[-0.686075,41.504209],[-0.687242,41.503728],[-0.686978,41.503066],[-0.687622,41.502835],[-0.687768,41.502775],[-0.688302,41.50257],[-0.688181,41.501937],[-0.687914,41.500689],[-0.687933,41.500149],[-0.687942,41.499897],[-0.68796,41.499726],[-0.688036,41.498944],[-0.688044,41.498719],[-0.68802,41.498376],[-0.688005,41.496773],[-0.687937,41.496663],[-0.686674,41.494107],[-0.685669,41.491736],[-0.685901,41.491615],[-0.687124,41.49091],[-0.688237,41.490266],[-0.688012,41.489162],[-0.687961,41.488927],[-0.687986,41.488883],[-0.688527,41.487831],[-0.689267,41.487566],[-0.690404,41.486905],[-0.69113,41.486721],[-0.692387,41.486395],[-0.69328,41.486872],[-0.69334,41.486883],[-0.6934,41.486875],[-0.693846,41.486803],[-0.694147,41.486755],[-0.694243,41.486757],[-0.69435,41.486768],[-0.695582,41.487144],[-0.696516,41.487172],[-0.697105,41.487093],[-0.698163,41.486988],[-0.700105,41.488648],[-0.701232,41.489626],[-0.702616,41.490455],[-0.703178,41.490827],[-0.703801,41.491163],[-0.704034,41.49133],[-0.704306,41.491434],[-0.704507,41.491511],[-0.704661,41.491559],[-0.704875,41.491608],[-0.704958,41.491628],[-0.705136,41.491694],[-0.705872,41.491862],[-0.706264,41.491969],[-0.707086,41.492093],[-0.707574,41.492175],[-0.707717,41.492205],[-0.707856,41.492334],[-0.707941,41.492651],[-0.708063,41.493248],[-0.708223,41.493818],[-0.709101,41.494061],[-0.709243,41.494118],[-0.711975,41.495433],[-0.713378,41.496083],[-0.713647,41.496268],[-0.714036,41.496456],[-0.71426,41.496551],[-0.714462,41.4966],[-0.716329,41.497348],[-0.717811,41.498125],[-0.718459,41.498435],[-0.718778,41.498568],[-0.719976,41.49924],[-0.720165,41.499316],[-0.72026,41.499327],[-0.721307,41.499537],[-0.721378,41.499574],[-0.72234,41.499818],[-0.722411,41.49982],[-0.724963,41.500519],[-0.725035,41.50052],[-0.726303,41.500572],[-0.726564,41.500641],[-0.726671,41.50067],[-0.727181,41.500815],[-0.727312,41.500835],[-0.727886,41.500847],[-0.728425,41.500857],[-0.729352,41.501074],[-0.729425,41.501048],[-0.729667,41.500963],[-0.730261,41.500786],[-0.731021,41.50063],[-0.731961,41.500459],[-0.732769,41.500313],[-0.733094,41.500274],[-0.733781,41.500162],[-0.734867,41.49994],[-0.735205,41.499866],[-0.735675,41.499767],[-0.735736,41.49975],[-0.735713,41.499704],[-0.735762,41.499696],[-0.737004,41.499108],[-0.73709,41.499038],[-0.73826,41.498485],[-0.738417,41.498434],[-0.738478,41.498408],[-0.739563,41.497862],[-0.739979,41.497618],[-0.74103,41.497035],[-0.741484,41.496711],[-0.742114,41.496165],[-0.742151,41.496147],[-0.742544,41.495858],[-0.742692,41.495744],[-0.746207,41.493165],[-0.746281,41.493112],[-0.747178,41.492463],[-0.749277,41.490991],[-0.749338,41.490975],[-0.750163,41.490667],[-0.752311,41.489871],[-0.7535,41.489435],[-0.753852,41.489289],[-0.754094,41.489221],[-0.75481,41.488947],[-0.754992,41.488897],[-0.756357,41.488194],[-0.756851,41.487771],[-0.757061,41.487604],[-0.757851,41.486926],[-0.758529,41.486363],[-0.758962,41.485957],[-0.759022,41.485949],[-0.759665,41.485376],[-0.760565,41.48461],[-0.760627,41.484566],[-0.761417,41.483888],[-0.761627,41.483703],[-0.762219,41.483201],[-0.76254,41.482928],[-0.762688,41.482796],[-0.762737,41.48277],[-0.762885,41.482629],[-0.764079,41.481697],[-0.764375,41.481469],[-0.764497,41.481381],[-0.764547,41.481328],[-0.764852,41.481172],[-0.764986,41.481094],[-0.76616,41.480405],[-0.767796,41.4795],[-0.768174,41.479291],[-0.769201,41.47869],[-0.77013,41.47814],[-0.771744,41.477181],[-0.771768,41.477163],[-0.771951,41.477068],[-0.772097,41.47699],[-0.772659,41.476667],[-0.772732,41.476633],[-0.773428,41.476268],[-0.774675,41.475517],[-0.775668,41.475185],[-0.776092,41.475041],[-0.77631,41.474964],[-0.777958,41.474419],[-0.779045,41.473431],[-0.779392,41.473105],[-0.780256,41.472347],[-0.780452,41.472207],[-0.780637,41.472057],[-0.780662,41.472022],[-0.781081,41.471678],[-0.784384,41.470337],[-0.784845,41.470157],[-0.78493,41.470114],[-0.785877,41.469736],[-0.787006,41.469298],[-0.78703,41.469289],[-0.787346,41.46916],[-0.787715,41.468879],[-0.788525,41.468291],[-0.788709,41.468151],[-0.788869,41.468028],[-0.789018,41.467887],[-0.789104,41.467816],[-0.789191,41.46771],[-0.790688,41.466298],[-0.790861,41.466139],[-0.791572,41.465657],[-0.791657,41.465632],[-0.79187,41.465699],[-0.791954,41.465709],[-0.792084,41.465748],[-0.792167,41.465759],[-0.792301,41.465707],[-0.792633,41.465443],[-0.792707,41.465382],[-0.792794,41.465284],[-0.793018,41.465045],[-0.793495,41.464388],[-0.793582,41.4643],[-0.793754,41.464177],[-0.79394,41.463991],[-0.794511,41.463381],[-0.794694,41.463294],[-0.79508,41.46286],[-0.795206,41.462647],[-0.795635,41.462006],[-0.795709,41.461945],[-0.795844,41.461857],[-0.795879,41.461885],[-0.795996,41.46195],[-0.796461,41.461653],[-0.798114,41.460577],[-0.79866,41.460371],[-0.799352,41.460087],[-0.800239,41.459717],[-0.801719,41.459124],[-0.803011,41.458464],[-0.803182,41.458368],[-0.803888,41.458003],[-0.806434,41.45671],[-0.806939,41.456638],[-0.807156,41.456598],[-0.80789,41.456485],[-0.809527,41.456246],[-0.809575,41.456229],[-0.810815,41.456037],[-0.811031,41.456014],[-0.811837,41.455912],[-0.811886,41.455868],[-0.812168,41.455684],[-0.812206,41.455244],[-0.812208,41.455181],[-0.812221,41.454803],[-0.813617,41.454604],[-0.814935,41.454197],[-0.815482,41.454297],[-0.815887,41.454377],[-0.817658,41.453672],[-0.820108,41.453466],[-0.821276,41.454335],[-0.821333,41.454417],[-0.821391,41.454473],[-0.821461,41.45451],[-0.821543,41.454574],[-0.821696,41.454649],[-0.821813,41.454733],[-0.821881,41.454833],[-0.821914,41.454942],[-0.821933,41.455077],[-0.822001,41.455187],[-0.822082,41.455269],[-0.822244,41.455443],[-0.822313,41.455535],[-0.822346,41.455625],[-0.822294,41.455733],[-0.82228,41.455813],[-0.822278,41.455876],[-0.822335,41.45595],[-0.822498,41.456088],[-0.822592,41.456144],[-0.822639,41.45618],[-0.82272,41.456263],[-0.822813,41.456337],[-0.822965,41.456457],[-0.823069,41.456567],[-0.823137,41.456658],[-0.823181,41.456794],[-0.823188,41.456929],[-0.823208,41.457038],[-0.823208,41.457065],[-0.823216,41.457182],[-0.823255,41.457435],[-0.823321,41.457607],[-0.823364,41.45777],[-0.823429,41.457961],[-0.82352,41.458116],[-0.823518,41.45817],[-0.823325,41.458211],[-0.823238,41.45829],[-0.822868,41.458626],[-0.822842,41.458697],[-0.822876,41.458743],[-0.822959,41.458771],[-0.823055,41.458773],[-0.823126,41.458793],[-0.823172,41.458839],[-0.823135,41.458874],[-0.823038,41.458926],[-0.822928,41.458978],[-0.822783,41.459029],[-0.822709,41.459082],[-0.822682,41.459171],[-0.822679,41.459252],[-0.822665,41.459324],[-0.82261,41.459539],[-0.822537,41.459583],[-0.822465,41.459582],[-0.822404,41.459617],[-0.822366,41.45967],[-0.82234,41.459741],[-0.822243,41.459776],[-0.822169,41.459846],[-0.82213,41.459927],[-0.822045,41.45997],[-0.821924,41.459986],[-0.821805,41.459974],[-0.821696,41.460017],[-0.821586,41.460069],[-0.821488,41.460158],[-0.821402,41.460228],[-0.821363,41.460299],[-0.821384,41.460408],[-0.821428,41.460499],[-0.821497,41.460608],[-0.821587,41.460763],[-0.821631,41.46089],[-0.821675,41.461008],[-0.821721,41.461063],[-0.821814,41.461136],[-0.821908,41.461192],[-0.82199,41.461248],[-0.822048,41.461303],[-0.822022,41.461366],[-0.8219,41.461426],[-0.821727,41.461585],[-0.821726,41.46163],[-0.821771,41.461703],[-0.821877,41.46175],[-0.821912,41.461778],[-0.821994,41.461851],[-0.822063,41.461934],[-0.822143,41.462043],[-0.822236,41.462135],[-0.822364,41.462237],[-0.822458,41.462293],[-0.82254,41.462348],[-0.822561,41.46243],[-0.82256,41.462466],[-0.822557,41.462547],[-0.822577,41.462673],[-0.822658,41.462756],[-0.822739,41.462829],[-0.822785,41.462893],[-0.822757,41.463019],[-0.822705,41.463144],[-0.822625,41.463368],[-0.822574,41.463475],[-0.822559,41.463564],[-0.822605,41.463619],[-0.822711,41.463675],[-0.822793,41.463722],[-0.822827,41.463786],[-0.822838,41.463813],[-0.822871,41.463895],[-0.822928,41.463977],[-0.822998,41.46405],[-0.82309,41.464151],[-0.82316,41.464215],[-0.823266,41.464262],[-0.823397,41.464274],[-0.823479,41.464338],[-0.823476,41.464419],[-0.823378,41.46449],[-0.82334,41.464561],[-0.823313,41.464641],[-0.8233,41.464668],[-0.823274,41.46474],[-0.823259,41.46483],[-0.823243,41.464955],[-0.823228,41.465045],[-0.823236,41.465153],[-0.823245,41.465253],[-0.823265,41.465352],[-0.823347,41.465408],[-0.823345,41.465471],[-0.823306,41.46556],[-0.823328,41.465641],[-0.823361,41.465723],[-0.823406,41.465814],[-0.823438,41.465914],[-0.823507,41.466005],[-0.823576,41.466106],[-0.823644,41.466197],[-0.823702,41.46627],[-0.823723,41.466343],[-0.823581,41.466313],[-0.823462,41.466293],[-0.82333,41.46629],[-0.823198,41.466306],[-0.823065,41.466339],[-0.822944,41.466373],[-0.822846,41.466434],[-0.822748,41.466495],[-0.822663,41.466548],[-0.822576,41.466636],[-0.822501,41.466716],[-0.822439,41.466787],[-0.822412,41.466876],[-0.822433,41.466958],[-0.822502,41.467058],[-0.822571,41.467149],[-0.822638,41.467277],[-0.822683,41.467359],[-0.82267,41.467394],[-0.82261,41.467393],[-0.822515,41.467382],[-0.822419,41.46739],[-0.82237,41.467416],[-0.822356,41.467469],[-0.822319,41.467514],[-0.822282,41.46754],[-0.822234,41.467548],[-0.822163,41.46752],[-0.822093,41.467464],[-0.822022,41.467436],[-0.821949,41.467489],[-0.821886,41.467578],[-0.821847,41.467667],[-0.821725,41.467737],[-0.821555,41.467788],[-0.82148,41.467885],[-0.821394,41.467965],[-0.821438,41.468065],[-0.821494,41.468183],[-0.821503,41.468282],[-0.821417,41.468352],[-0.82126,41.468394],[-0.821126,41.468455],[-0.821111,41.468554],[-0.821131,41.468662],[-0.821175,41.46878],[-0.821303,41.468882],[-0.821326,41.468909],[-0.821371,41.468991],[-0.821368,41.469099],[-0.821389,41.469189],[-0.821519,41.469246],[-0.821673,41.469285],[-0.821828,41.469315],[-0.821945,41.46938],[-0.82205,41.469463],[-0.822118,41.469582],[-0.82215,41.46969],[-0.822181,41.469835],[-0.822165,41.469952],[-0.82221,41.470061],[-0.822267,41.470143],[-0.822299,41.470269],[-0.822354,41.470397],[-0.82241,41.470515],[-0.82249,41.470642],[-0.822604,41.470807],[-0.822684,41.470916],[-0.822741,41.471016],[-0.822846,41.471081],[-0.822879,41.471181],[-0.822863,41.471289],[-0.822858,41.471433],[-0.822865,41.471595],[-0.822885,41.471713],[-0.822977,41.471813],[-0.823081,41.471923],[-0.823187,41.471998],[-0.823316,41.472063],[-0.823457,41.472138],[-0.823551,41.472212],[-0.823654,41.472349],[-0.823796,41.472405],[-0.82395,41.472435],[-0.824034,41.472437],[-0.824213,41.472458],[-0.824416,41.47248],[-0.824571,41.472501],[-0.824653,41.472566],[-0.824625,41.472664],[-0.824598,41.472763],[-0.824644,41.472836],[-0.824762,41.472883],[-0.824893,41.472912],[-0.824902,41.472985],[-0.824851,41.473092],[-0.82487,41.473218],[-0.824902,41.473336],[-0.824983,41.473437],[-0.825112,41.473511],[-0.825228,41.473612],[-0.825309,41.473704],[-0.825401,41.473814],[-0.8254,41.473841],[-0.825383,41.473994],[-0.825343,41.474119],[-0.825339,41.474236],[-0.825477,41.47441],[-0.825473,41.474536],[-0.825434,41.474634],[-0.825347,41.474713],[-0.82532,41.474803],[-0.825341,41.474893],[-0.825301,41.475019],[-0.82525,41.475099],[-0.825189,41.475143],[-0.825069,41.47514],[-0.824938,41.475147],[-0.824782,41.475153],[-0.824649,41.475169],[-0.824504,41.475211],[-0.82437,41.475271],[-0.82426,41.475341],[-0.824186,41.475412],[-0.824066,41.475437],[-0.823969,41.475462],[-0.823907,41.475533],[-0.823844,41.475613],[-0.823793,41.475711],[-0.823753,41.475818],[-0.823687,41.476015],[-0.823625,41.476068],[-0.823563,41.476148],[-0.823512,41.476228],[-0.823484,41.476344],[-0.823493,41.476444],[-0.823491,41.476516],[-0.823441,41.47656],[-0.823379,41.47664],[-0.823328,41.476729],[-0.823253,41.476817],[-0.823202,41.476915],[-0.823175,41.477005],[-0.823184,41.477095],[-0.823181,41.477176],[-0.823155,41.477239],[-0.823106,41.477283],[-0.823068,41.477327],[-0.823019,41.477353],[-0.82296,41.477343],[-0.822923,41.477361],[-0.822898,41.477396],[-0.822907,41.477477],[-0.822965,41.477559],[-0.823022,41.477624],[-0.823044,41.477678],[-0.822995,41.477731],[-0.822933,41.477775],[-0.822895,41.477837],[-0.822869,41.4779],[-0.82288,41.477945],[-0.822926,41.477991],[-0.823008,41.478038],[-0.823055,41.478066],[-0.823091,41.478066],[-0.823103,41.478084],[-0.823137,41.478139],[-0.82316,41.478167],[-0.823243,41.478195],[-0.823314,41.478224],[-0.823385,41.478243],[-0.823443,41.478289],[-0.823478,41.478317],[-0.8235,41.478371],[-0.823475,41.478425],[-0.823425,41.47846],[-0.823423,41.478523],[-0.823445,41.478577],[-0.823432,41.478631],[-0.823417,41.478712],[-0.823379,41.478783],[-0.823377,41.478846],[-0.823374,41.478918],[-0.823384,41.47899],[-0.823429,41.479072],[-0.823486,41.479145],[-0.823544,41.479219],[-0.823661,41.479293],[-0.823719,41.479357],[-0.8238,41.479422],[-0.823847,41.479477],[-0.823868,41.479558],[-0.82389,41.479612],[-0.823972,41.479659],[-0.824068,41.47967],[-0.824126,41.479707],[-0.824196,41.479762],[-0.824278,41.479836],[-0.824372,41.479883],[-0.824454,41.47992],[-0.824538,41.47994],[-0.824633,41.47996],[-0.824717,41.479961],[-0.824825,41.479954],[-0.82492,41.479956],[-0.824992,41.479967],[-0.825026,41.480012],[-0.825036,41.480066],[-0.825059,41.480112],[-0.825057,41.480175],[-0.825029,41.480274],[-0.825039,41.480355],[-0.825001,41.480399],[-0.824929,41.480407],[-0.824893,41.480415],[-0.824833,41.480423],[-0.824761,41.480422],[-0.824581,41.480436],[-0.82452,41.480471],[-0.824494,41.480525],[-0.824468,41.480596],[-0.824453,41.480686],[-0.824449,41.480785],[-0.824445,41.48092],[-0.824443,41.480983],[-0.824416,41.481063],[-0.824402,41.481135],[-0.824436,41.481181],[-0.824527,41.481318],[-0.824561,41.481381],[-0.824595,41.481454],[-0.824653,41.4815],[-0.824747,41.481565],[-0.824817,41.48162],[-0.824887,41.481676],[-0.824946,41.481704],[-0.825017,41.481732],[-0.8251,41.481752],[-0.825195,41.481772],[-0.825313,41.48181],[-0.825372,41.481847],[-0.825418,41.481902],[-0.825465,41.481939],[-0.825522,41.48203],[-0.825557,41.482058],[-0.825627,41.482113],[-0.825673,41.482168],[-0.825857,41.482379],[-0.825916,41.482425],[-0.825986,41.482471],[-0.826044,41.482526],[-0.826114,41.482591],[-0.826148,41.482654],[-0.826205,41.482719],[-0.826321,41.482829],[-0.826381,41.482848],[-0.826452,41.482867],[-0.826427,41.482885],[-0.826403,41.482902],[-0.82639,41.482938],[-0.826364,41.482983],[-0.826315,41.483018],[-0.826241,41.48307],[-0.826204,41.483124],[-0.826177,41.483195],[-0.826162,41.483285],[-0.82616,41.483357],[-0.826132,41.483465],[-0.826082,41.483527],[-0.825958,41.483669],[-0.825559,41.483769],[-0.825462,41.483812],[-0.825341,41.483837],[-0.825233,41.483844],[-0.825113,41.48386],[-0.825028,41.483894],[-0.824966,41.483947],[-0.824892,41.484018],[-0.824706,41.484203],[-0.82462,41.484274],[-0.824534,41.484344],[-0.824337,41.484512],[-0.824239,41.484573],[-0.824141,41.484625],[-0.824056,41.484659],[-0.823984,41.484676],[-0.8239,41.484683],[-0.823816,41.484691],[-0.823755,41.484708],[-0.823707,41.484716],[-0.823622,41.48475],[-0.823561,41.484785],[-0.823536,41.48483],[-0.823522,41.484874],[-0.823482,41.485],[-0.823443,41.485089],[-0.823406,41.485133],[-0.823368,41.485169],[-0.82332,41.485195],[-0.823235,41.48522],[-0.823162,41.485255],[-0.823113,41.485299],[-0.823051,41.485352],[-0.823013,41.485405],[-0.823,41.48545],[-0.822986,41.485495],[-0.823019,41.485594],[-0.823041,41.485658],[-0.823074,41.48574],[-0.823141,41.485894],[-0.823162,41.485975],[-0.823171,41.486048],[-0.823193,41.48612],[-0.823236,41.486256],[-0.823281,41.486338],[-0.823316,41.486384],[-0.823362,41.486421],[-0.823398,41.486439],[-0.823265,41.486455],[-0.823193,41.486471],[-0.823132,41.486497],[-0.823084,41.486514],[-0.823023,41.486549],[-0.822949,41.486593],[-0.822864,41.486636],[-0.822645,41.486749],[-0.822558,41.486838],[-0.822448,41.486908],[-0.822362,41.486978],[-0.822275,41.487057],[-0.822213,41.487137],[-0.822198,41.487209],[-0.822207,41.487299],[-0.822244,41.487642],[-0.822266,41.487679],[-0.822312,41.487743],[-0.822416,41.487862],[-0.822495,41.487989],[-0.822493,41.488061],[-0.822432,41.488096],[-0.822347,41.488122],[-0.822226,41.488164],[-0.822152,41.488217],[-0.822103,41.48827],[-0.822065,41.488332],[-0.822001,41.488457],[-0.821951,41.48851],[-0.821877,41.488572],[-0.821827,41.488625],[-0.821765,41.488705],[-0.821752,41.488732],[-0.821725,41.488812],[-0.821699,41.488884],[-0.821626,41.488909],[-0.82159,41.488918],[-0.821494,41.488934],[-0.821421,41.488951],[-0.821325,41.488967],[-0.82124,41.489001],[-0.821155,41.489027],[-0.821083,41.489034],[-0.820987,41.489032],[-0.820724,41.489027],[-0.820578,41.489088],[-0.82042,41.489148],[-0.8203,41.489164],[-0.820204,41.489171],[-0.820024,41.489167],[-0.819917,41.489165],[-0.819654,41.489151],[-0.819557,41.489158],[-0.819485,41.489184],[-0.8194,41.489218],[-0.819205,41.489305],[-0.819169,41.489313],[-0.818977,41.489328],[-0.818869,41.489325],[-0.81863,41.489303],[-0.818188,41.489286],[-0.817889,41.489271],[-0.817685,41.489276],[-0.817553,41.489282],[-0.817397,41.48928],[-0.817278,41.489268],[-0.817158,41.489266],[-0.817038,41.489282],[-0.816941,41.489316],[-0.816843,41.489377],[-0.816745,41.489438],[-0.816648,41.48949],[-0.816318,41.489664],[-0.816198,41.489671],[-0.816126,41.489688],[-0.816006,41.489703],[-0.815885,41.489719],[-0.815717,41.489725],[-0.815598,41.489714],[-0.815467,41.489693],[-0.81536,41.489673],[-0.815134,41.489624],[-0.815026,41.489613],[-0.8148,41.489572],[-0.814705,41.489544],[-0.814611,41.489506],[-0.814409,41.489439],[-0.814361,41.489447],[-0.814336,41.489474],[-0.814323,41.489509],[-0.814345,41.489573],[-0.814368,41.489609],[-0.814539,41.489856],[-0.814561,41.489919],[-0.81457,41.489991],[-0.814612,41.490172],[-0.814635,41.4902],[-0.814693,41.490255],[-0.814775,41.490319],[-0.814857,41.490375],[-0.814926,41.490448],[-0.81502,41.490513],[-0.815078,41.490577],[-0.815229,41.490724],[-0.815379,41.49088],[-0.815424,41.490962],[-0.815457,41.491062],[-0.815502,41.491144],[-0.81556,41.491208],[-0.815629,41.491272],[-0.815687,41.491355],[-0.815708,41.491427],[-0.815693,41.491517],[-0.815654,41.491606],[-0.815627,41.491705],[-0.815613,41.491749],[-0.81561,41.491857],[-0.815619,41.491948],[-0.81564,41.49202],[-0.815649,41.492119],[-0.815646,41.492209],[-0.815631,41.49229],[-0.815604,41.492389],[-0.815589,41.49247],[-0.815563,41.492541],[-0.81556,41.492613],[-0.815582,41.492677],[-0.815627,41.492776],[-0.815683,41.492877],[-0.815693,41.49294],[-0.815725,41.493058],[-0.815722,41.493139],[-0.815716,41.493328],[-0.815711,41.493463],[-0.815705,41.493643],[-0.815687,41.493849],[-0.81566,41.493921],[-0.815633,41.494011],[-0.815582,41.4941],[-0.815531,41.494189],[-0.815492,41.494278],[-0.815442,41.494349],[-0.81538,41.494402],[-0.815306,41.494464],[-0.815282,41.494481],[-0.815315,41.494554],[-0.815425,41.494853],[-0.815479,41.495025],[-0.81549,41.495062],[-0.815403,41.495168],[-0.815327,41.495266],[-0.815289,41.495346],[-0.815286,41.495418],[-0.815285,41.495472],[-0.815247,41.495534],[-0.815232,41.495624],[-0.815228,41.495714],[-0.815251,41.495769],[-0.815249,41.495832],[-0.815198,41.495894],[-0.815076,41.495981],[-0.814928,41.496087],[-0.814818,41.496166],[-0.814768,41.496237],[-0.814741,41.496326],[-0.814725,41.496434],[-0.814698,41.496533],[-0.814658,41.496658],[-0.814631,41.496747],[-0.814603,41.496846],[-0.814601,41.496918],[-0.814574,41.496999],[-0.814537,41.497034],[-0.8145,41.497069],[-0.814667,41.497081],[-0.814846,41.497103],[-0.814942,41.497114],[-0.815038,41.497106],[-0.81517,41.497091],[-0.815266,41.497084],[-0.815386,41.497095],[-0.81548,41.497133],[-0.815598,41.497189],[-0.815668,41.497236],[-0.815726,41.497309],[-0.815784,41.497373],[-0.815949,41.497457],[-0.816125,41.497559],[-0.816288,41.497689],[-0.816416,41.497799],[-0.816592,41.497911],[-0.81678,41.498013],[-0.816981,41.498116],[-0.817157,41.498228],[-0.817251,41.498283],[-0.817381,41.498322],[-0.817547,41.49837],[-0.817702,41.4984],[-0.817856,41.498448],[-0.818022,41.498487],[-0.818164,41.498553],[-0.818258,41.498618],[-0.81835,41.498728],[-0.818419,41.49881],[-0.81856,41.498894],[-0.818701,41.498986],[-0.818783,41.499024],[-0.818842,41.499043],[-0.818938,41.499036],[-0.819022,41.499056],[-0.81914,41.499112],[-0.81921,41.499158],[-0.819281,41.499187],[-0.819329,41.499178],[-0.819366,41.499161],[-0.819391,41.499117],[-0.819442,41.499028],[-0.819505,41.498921],[-0.819581,41.498805],[-0.819668,41.498717],[-0.819778,41.498638],[-0.819899,41.498622],[-0.820042,41.498625],[-0.820174,41.498618],[-0.820296,41.498575],[-0.820427,41.498578],[-0.820642,41.498609],[-0.820761,41.498629],[-0.820939,41.498669],[-0.821082,41.498707],[-0.821188,41.498754],[-0.821319,41.498793],[-0.821426,41.498822],[-0.821556,41.498869],[-0.821674,41.498917],[-0.821839,41.498983],[-0.822017,41.49904],[-0.822088,41.49906],[-0.822124,41.499069],[-0.82223,41.499125],[-0.82236,41.499191],[-0.822478,41.499229],[-0.822702,41.499333],[-0.822855,41.499407],[-0.823126,41.499548],[-0.82328,41.499605],[-0.823458,41.499671],[-0.823588,41.499728],[-0.823848,41.499832],[-0.823978,41.49987],[-0.824133,41.4999],[-0.824275,41.499948],[-0.824381,41.499995],[-0.824475,41.50006],[-0.824581,41.500116],[-0.824711,41.500172],[-0.824853,41.50022],[-0.825315,41.500382],[-0.825551,41.500467],[-0.825681,41.500533],[-0.825799,41.500598],[-0.825916,41.500672],[-0.826021,41.500746],[-0.826325,41.500968],[-0.826432,41.501015],[-0.826491,41.501034],[-0.826527,41.501044],[-0.826646,41.501046],[-0.82679,41.501049],[-0.827471,41.501107],[-0.827577,41.501145],[-0.82766,41.501174],[-0.827731,41.501211],[-0.827896,41.501295],[-0.828002,41.501351],[-0.828143,41.501426],[-0.828249,41.501482],[-0.828391,41.501548],[-0.828697,41.501689],[-0.828815,41.501754],[-0.82905,41.501884],[-0.829156,41.501958],[-0.829285,41.502033],[-0.829496,41.502163],[-0.829566,41.502218],[-0.829742,41.502339],[-0.829777,41.502358],[-0.829837,41.50235],[-0.829922,41.502333],[-0.830019,41.502308],[-0.830176,41.502266],[-0.83026,41.502268],[-0.830319,41.502278],[-0.830342,41.502296],[-0.8304,41.502378],[-0.830409,41.50245],[-0.830442,41.502532],[-0.830476,41.502614],[-0.830497,41.502695],[-0.83053,41.502777],[-0.830564,41.502832],[-0.830611,41.502878],[-0.830657,41.502915],[-0.830762,41.503016],[-0.830808,41.503079],[-0.830852,41.50317],[-0.83091,41.503253],[-0.830933,41.503271],[-0.83105,41.503345],[-0.831121,41.503383],[-0.831226,41.503457],[-0.831566,41.503679],[-0.831602,41.503689],[-0.831661,41.503717],[-0.831767,41.503755],[-0.831862,41.503784],[-0.831946,41.503794],[-0.832029,41.503814],[-0.832124,41.503834],[-0.832195,41.503853],[-0.832267,41.503873],[-0.832362,41.503901],[-0.83248,41.50394],[-0.832693,41.504016],[-0.832788,41.504045],[-0.832919,41.504083],[-0.833298,41.504207],[-0.833381,41.504236],[-0.833535,41.504293],[-0.833594,41.504321],[-0.833665,41.504349],[-0.833723,41.504404],[-0.833769,41.504459],[-0.833838,41.504542],[-0.83393,41.504652],[-0.833977,41.504688],[-0.834023,41.504725],[-0.834047,41.504744],[-0.834245,41.504901],[-0.834409,41.505012],[-0.834561,41.505132],[-0.83469,41.505224],[-0.834759,41.505289],[-0.834816,41.505398],[-0.834849,41.505488],[-0.834882,41.505552],[-0.834976,41.505617],[-0.835069,41.505709],[-0.835161,41.505819],[-0.835241,41.505946],[-0.835298,41.506037],[-0.835295,41.506109],[-0.83521,41.506153],[-0.835063,41.50624],[-0.834987,41.506356],[-0.834986,41.506401],[-0.834984,41.506473],[-0.834968,41.506571],[-0.834966,41.506652],[-0.834877,41.506804],[-0.834815,41.506866],[-0.834752,41.506937],[-0.834677,41.507043],[-0.834662,41.507142],[-0.834728,41.507314],[-0.834808,41.507433],[-0.834901,41.507516],[-0.834995,41.507581],[-0.835217,41.507747],[-0.83538,41.507885],[-0.835624,41.508115],[-0.835738,41.50827],[-0.835817,41.508425],[-0.835954,41.508635],[-0.836044,41.508798],[-0.836099,41.508944],[-0.836188,41.509152],[-0.836291,41.509307],[-0.836369,41.509471],[-0.836412,41.509616],[-0.836432,41.509742],[-0.83644,41.509878],[-0.836493,41.510077],[-0.836527,41.510122],[-0.836598,41.51016],[-0.836741,41.510198],[-0.836907,41.510247],[-0.83699,41.510275],[-0.837096,41.510331],[-0.837259,41.510469],[-0.837479,41.51069],[-0.8377,41.510901],[-0.837863,41.511039],[-0.837968,41.511122],[-0.838157,41.511207],[-0.838406,41.511266],[-0.838478,41.511285],[-0.838561,41.511305],[-0.838703,41.511352],[-0.838904,41.511446],[-0.839045,41.511521],[-0.839163,41.511577],[-0.839281,41.511624],[-0.839424,41.511663],[-0.839744,41.511759],[-0.839992,41.511881],[-0.840322,41.51204],[-0.84058,41.512198],[-0.840862,41.512375],[-0.84112,41.512533],[-0.841308,41.512662],[-0.841483,41.512792],[-0.841588,41.512893],[-0.841692,41.512994],[-0.841877,41.513186],[-0.841936,41.513232],[-0.842041,41.513306],[-0.84217,41.51339],[-0.842276,41.513464],[-0.842443,41.513485],[-0.842551,41.513478],[-0.842684,41.513445],[-0.842781,41.51341],[-0.842987,41.513342],[-0.843396,41.513278],[-0.843051,41.51356],[-0.842906,41.51362],[-0.841672,41.514668],[-0.840378,41.516481],[-0.83941,41.517832],[-0.838806,41.518695],[-0.836953,41.520731],[-0.836426,41.521442],[-0.835366,41.523755],[-0.835198,41.524481],[-0.834922,41.526655],[-0.834442,41.527736],[-0.833874,41.52859],[-0.833669,41.529361],[-0.83358,41.529863],[-0.833578,41.529926],[-0.833447,41.530248],[-0.833182,41.530648],[-0.832375,41.531498],[-0.832215,41.53163],[-0.831983,41.531752],[-0.830671,41.532267],[-0.829152,41.532878],[-0.828922,41.532946],[-0.828659,41.532941],[-0.827635,41.532741],[-0.826372,41.53251],[-0.825991,41.532431],[-0.825537,41.532368],[-0.823979,41.532375],[-0.823738,41.532406],[-0.823387,41.532526],[-0.821734,41.533197],[-0.821136,41.533501],[-0.819965,41.534118],[-0.819791,41.534313],[-0.819723,41.534528],[-0.819654,41.535886],[-0.819669,41.536148],[-0.819873,41.536494],[-0.820821,41.537881],[-0.821124,41.538508],[-0.821402,41.539144],[-0.821418,41.540108],[-0.821327,41.540331],[-0.820693,41.541355],[-0.818557,41.543548],[-0.816733,41.545396],[-0.815833,41.546469],[-0.815534,41.546805],[-0.814956,41.547245],[-0.814805,41.54744],[-0.814109,41.549255],[-0.814025,41.549614],[-0.814043,41.550127],[-0.814127,41.550507],[-0.814572,41.551515],[-0.814751,41.551915],[-0.814871,41.552242],[-0.815292,41.554699],[-0.815633,41.556696],[-0.81648,41.558244],[-0.819365,41.561234],[-0.8207,41.562908],[-0.822352,41.564398],[-0.821249,41.568674],[-0.821134,41.569248],[-0.821009,41.570119],[-0.820973,41.570461],[-0.820921,41.570937],[-0.820915,41.571126],[-0.820939,41.571487],[-0.821108,41.572165],[-0.821308,41.572629],[-0.821501,41.572956],[-0.821684,41.573212],[-0.821997,41.573551],[-0.822358,41.573882],[-0.822673,41.574123],[-0.822979,41.574317],[-0.823977,41.574931],[-0.824612,41.57533],[-0.824776,41.575441],[-0.824987,41.57558],[-0.825104,41.575673],[-0.825256,41.575802],[-0.825419,41.57594],[-0.825651,41.576169],[-0.825893,41.576462],[-0.826076,41.576718],[-0.826224,41.576964],[-0.826324,41.577191],[-0.826446,41.57749],[-0.826521,41.57778],[-0.826572,41.578042],[-0.826595,41.578412],[-0.826601,41.578592],[-0.826583,41.57879],[-0.826571,41.579132],[-0.82655,41.579411],[-0.826542,41.579645],[-0.826525,41.579789],[-0.826516,41.58005],[-0.826507,41.580338],[-0.826498,41.58059],[-0.826491,41.580797],[-0.826519,41.581049],[-0.826538,41.581203],[-0.826569,41.581338],[-0.826611,41.581528],[-0.826654,41.581664],[-0.826721,41.581828],[-0.826788,41.581973],[-0.826855,41.582118],[-0.826935,41.582246],[-0.827795,41.583766],[-0.829814,41.587254],[-0.83013,41.587836],[-0.831353,41.590012],[-0.832215,41.591487],[-0.832261,41.591542],[-0.832342,41.591634],[-0.832458,41.591762],[-0.832621,41.591918],[-0.832761,41.592038],[-0.832889,41.592131],[-0.833042,41.592224],[-0.833172,41.592298],[-0.833349,41.592391],[-0.833396,41.592419],[-0.833466,41.592457],[-0.833561,41.592495],[-0.833656,41.592532],[-0.83375,41.59257],[-0.833857,41.592608],[-0.833964,41.592646],[-0.834071,41.592675],[-0.834142,41.592704],[-0.834213,41.592723],[-0.83432,41.592761],[-0.834463,41.5928],[-0.834617,41.592839],[-0.834772,41.592887],[-0.834843,41.592915],[-0.834902,41.592934],[-0.834961,41.592953],[-0.835009,41.592972],[-0.835044,41.592991],[-0.835127,41.593028],[-0.835209,41.593075],[-0.83528,41.593112],[-0.835362,41.593159],[-0.835433,41.593205],[-0.835503,41.593261],[-0.835597,41.593326],[-0.83569,41.593399],[-0.835783,41.593491],[-0.835876,41.593583],[-0.835934,41.593656],[-0.835991,41.593729],[-0.836037,41.593793],[-0.836105,41.593912],[-0.836161,41.59403],[-0.836229,41.594166],[-0.836261,41.594266],[-0.836293,41.594401],[-0.836302,41.594483],[-0.836312,41.594555],[-0.836309,41.594627],[-0.836319,41.59469],[-0.836317,41.594762],[-0.836303,41.594825],[-0.836299,41.594933],[-0.836272,41.595031],[-0.836082,41.595694],[-0.836001,41.595936],[-0.835961,41.596079],[-0.835934,41.596169],[-0.835907,41.596249],[-0.83588,41.59633],[-0.835854,41.596402],[-0.835827,41.596491],[-0.8358,41.596581],[-0.835773,41.596661],[-0.83576,41.596697],[-0.835747,41.596733],[-0.835746,41.596769],[-0.835745,41.596796],[-0.835732,41.596832],[-0.83573,41.596868],[-0.835729,41.596895],[-0.835729,41.596922],[-0.835728,41.59694],[-0.835727,41.596958],[-0.835726,41.596985],[-0.835842,41.597464],[-0.835973,41.597863],[-0.835946,41.597961],[-0.835881,41.598095],[-0.835817,41.598229],[-0.835763,41.59839],[-0.835687,41.598533],[-0.835634,41.598658],[-0.835532,41.598845],[-0.835431,41.599014],[-0.835343,41.59913],[-0.835255,41.599236],[-0.835156,41.599334],[-0.834983,41.599492],[-0.834834,41.599634],[-0.834437,41.600013],[-0.834177,41.600252],[-0.834004,41.600411],[-0.835932,41.601231],[-0.838559,41.602343],[-0.84134,41.603512],[-0.844039,41.604625],[-0.844192,41.604718],[-0.844925,41.605038],[-0.845076,41.605185],[-0.845131,41.60533],[-0.845109,41.605996],[-0.844964,41.606399],[-0.844753,41.606962],[-0.84462,41.607338],[-0.844584,41.607716],[-0.844611,41.607978],[-0.844796,41.608539],[-0.844951,41.60893],[-0.845021,41.609012],[-0.845794,41.609585],[-0.845888,41.609641],[-0.845971,41.60966],[-0.846628,41.609754],[-0.847022,41.609806],[-0.847117,41.609844],[-0.84781,41.610289],[-0.848139,41.610493],[-0.848458,41.610671],[-0.848624,41.610728],[-0.849483,41.610861],[-0.849604,41.610854],[-0.850183,41.610739],[-0.850424,41.610707],[-0.850533,41.6107],[-0.850854,41.610778],[-0.850996,41.610835],[-0.851112,41.610963],[-0.851235,41.611245],[-0.851281,41.611309],[-0.851351,41.611355],[-0.851991,41.611601],[-0.852122,41.611622],[-0.852292,41.61158],[-0.852377,41.611527],[-0.853236,41.610976],[-0.853799,41.610644],[-0.853907,41.610628],[-0.85417,41.610669],[-0.855625,41.610958],[-0.855756,41.610969],[-0.856209,41.611059],[-0.856531,41.611119],[-0.856791,41.611241],[-0.85733,41.611629],[-0.857718,41.61187],[-0.858264,41.612061],[-0.858763,41.612205],[-0.859525,41.612408],[-0.859809,41.61254],[-0.860078,41.612725],[-0.860509,41.61312],[-0.860752,41.613395],[-0.860943,41.613795],[-0.861111,41.614176],[-0.861614,41.615284],[-0.861994,41.616147],[-0.862165,41.616411],[-0.862434,41.616606],[-0.862685,41.616655],[-0.864454,41.616868],[-0.864897,41.616913],[-0.865017,41.616915],[-0.8662,41.617054],[-0.866642,41.617116],[-0.867348,41.617201],[-0.867838,41.617255],[-0.868113,41.617279],[-0.867467,41.617942],[-0.866861,41.61848],[-0.866417,41.618841],[-0.865718,41.619306],[-0.864679,41.619881],[-0.863862,41.620253],[-0.862853,41.620648],[-0.861448,41.621036],[-0.859909,41.621467],[-0.858722,41.621805],[-0.857592,41.622216],[-0.857021,41.622431],[-0.856619,41.622586],[-0.85623,41.622749],[-0.855694,41.622974],[-0.855085,41.623241],[-0.854366,41.623579],[-0.853781,41.623839],[-0.852966,41.624166],[-0.852298,41.624387],[-0.851766,41.62453],[-0.851147,41.624726],[-0.84846,41.625378],[-0.847698,41.625571],[-0.847032,41.625739],[-0.846725,41.625589]]]}},{"type":"Feature","properties":{"name":"Montañana","kind":"vecinal","id":20},"geometry":{"type":"Polygon","coordinates":[[[-0.807143,41.727259],[-0.807153,41.72696],[-0.807155,41.726835],[-0.807162,41.726751],[-0.807177,41.726701],[-0.807191,41.726571],[-0.807195,41.726492],[-0.80722,41.726424],[-0.807247,41.726211],[-0.807252,41.726105],[-0.807292,41.72575],[-0.807345,41.725354],[-0.807233,41.725371],[-0.807128,41.725392],[-0.806784,41.725481],[-0.806522,41.725339],[-0.806314,41.725221],[-0.806064,41.72505],[-0.805731,41.724848],[-0.805307,41.724563],[-0.804866,41.724275],[-0.804391,41.723915],[-0.804102,41.723667],[-0.803795,41.723426],[-0.803555,41.723242],[-0.803278,41.723036],[-0.802925,41.722757],[-0.802759,41.722576],[-0.802415,41.722316],[-0.802457,41.721822],[-0.802485,41.72141],[-0.802515,41.72084],[-0.802515,41.720614],[-0.802453,41.72008],[-0.802404,41.719939],[-0.802359,41.719818],[-0.802323,41.719756],[-0.802263,41.719698],[-0.80223,41.719638],[-0.802176,41.719511],[-0.802155,41.719462],[-0.802143,41.719386],[-0.802107,41.719201],[-0.80207,41.718992],[-0.802064,41.718854],[-0.802041,41.718808],[-0.801938,41.718608],[-0.801753,41.718277],[-0.801598,41.717972],[-0.801707,41.717956],[-0.802134,41.717914],[-0.802305,41.717912],[-0.802403,41.717902],[-0.802403,41.71783],[-0.802291,41.717461],[-0.802367,41.717425],[-0.80239,41.717392],[-0.80237,41.717338],[-0.802336,41.71727],[-0.802336,41.717206],[-0.802349,41.717167],[-0.802416,41.717026],[-0.80216,41.716347],[-0.801725,41.716445],[-0.801631,41.716467],[-0.80118,41.716492],[-0.801127,41.716408],[-0.801095,41.716355],[-0.801065,41.716298],[-0.801039,41.716229],[-0.80101,41.716162],[-0.800957,41.716061],[-0.800842,41.715821],[-0.800799,41.715735],[-0.800772,41.715666],[-0.800732,41.715581],[-0.800682,41.715493],[-0.800539,41.715198],[-0.800478,41.715077],[-0.800449,41.715023],[-0.800429,41.714988],[-0.800368,41.714836],[-0.800331,41.714735],[-0.800302,41.714665],[-0.800215,41.71449],[-0.800172,41.714397],[-0.800119,41.714294],[-0.800082,41.714228],[-0.80005,41.71416],[-0.800013,41.714093],[-0.799945,41.713951],[-0.799898,41.713847],[-0.799871,41.713781],[-0.799834,41.713716],[-0.799784,41.713618],[-0.799756,41.713566],[-0.799735,41.713513],[-0.799721,41.713459],[-0.799704,41.713369],[-0.799952,41.713274],[-0.80028,41.71317],[-0.800525,41.713046],[-0.801048,41.712928],[-0.801741,41.712719],[-0.801857,41.712719],[-0.802037,41.712767],[-0.802208,41.712869],[-0.802355,41.713233],[-0.802341,41.713545],[-0.802295,41.713919],[-0.80237,41.714239],[-0.802375,41.714481],[-0.80244,41.714611],[-0.802852,41.714904],[-0.803452,41.715049],[-0.803603,41.715072],[-0.803803,41.715058],[-0.804305,41.71506],[-0.804737,41.714992],[-0.80517,41.714832],[-0.805735,41.714533],[-0.806418,41.714155],[-0.807139,41.713745],[-0.806237,41.71273],[-0.806217,41.712445],[-0.806158,41.711267],[-0.806138,41.71111],[-0.805931,41.711176],[-0.806114,41.710928],[-0.806371,41.710663],[-0.806674,41.71038],[-0.806935,41.710185],[-0.807451,41.709865],[-0.808097,41.709577],[-0.808445,41.709442],[-0.808854,41.709359],[-0.809551,41.709005],[-0.809721,41.708874],[-0.809898,41.708533],[-0.810131,41.708279],[-0.810355,41.70808],[-0.810772,41.707824],[-0.812143,41.707363],[-0.812342,41.707294],[-0.812441,41.70715],[-0.812556,41.70704],[-0.812874,41.706436],[-0.813064,41.706067],[-0.813438,41.705905],[-0.81403,41.705764],[-0.81406,41.705495],[-0.813885,41.705164],[-0.813846,41.70491],[-0.8138,41.70452],[-0.813788,41.704039],[-0.813797,41.703695],[-0.813879,41.702893],[-0.813963,41.702403],[-0.813982,41.702192],[-0.81397,41.701735],[-0.814259,41.701008],[-0.814441,41.700665],[-0.814599,41.700457],[-0.814698,41.700108],[-0.814838,41.699836],[-0.814956,41.699615],[-0.815066,41.699534],[-0.815207,41.699265],[-0.81511,41.69908],[-0.815039,41.698728],[-0.815014,41.698666],[-0.81459,41.698252],[-0.81448,41.698279],[-0.813658,41.69808],[-0.813433,41.697444],[-0.813355,41.697209],[-0.813651,41.696818],[-0.813721,41.696684],[-0.813649,41.696413],[-0.813622,41.696344],[-0.813581,41.696039],[-0.813528,41.695912],[-0.813501,41.695741],[-0.813476,41.695579],[-0.813452,41.695531],[-0.813376,41.695085],[-0.813345,41.694891],[-0.813304,41.69467],[-0.813255,41.694316],[-0.813225,41.69416],[-0.813225,41.693955],[-0.813184,41.693727],[-0.813207,41.693663],[-0.813221,41.693482],[-0.813163,41.693148],[-0.813129,41.692932],[-0.813103,41.692728],[-0.813021,41.692494],[-0.813025,41.692377],[-0.813042,41.692302],[-0.812873,41.691844],[-0.812689,41.691562],[-0.812043,41.690535],[-0.811768,41.69067],[-0.811538,41.690926],[-0.811357,41.690994],[-0.811093,41.691031],[-0.81075,41.690995],[-0.809552,41.689937],[-0.809855,41.688542],[-0.809965,41.688198],[-0.810098,41.687603],[-0.810237,41.686824],[-0.809507,41.686785],[-0.809131,41.686395],[-0.808914,41.686059],[-0.809313,41.685196],[-0.8097,41.684436],[-0.809867,41.684193],[-0.809836,41.683992],[-0.809878,41.68359],[-0.810147,41.682843],[-0.810001,41.682737],[-0.8097,41.682632],[-0.809388,41.68247],[-0.809334,41.682372],[-0.809339,41.682221],[-0.809462,41.682047],[-0.809658,41.681662],[-0.810006,41.681072],[-0.810057,41.680936],[-0.810099,41.680666],[-0.810074,41.680323],[-0.810039,41.679968],[-0.809898,41.679427],[-0.809576,41.679134],[-0.8094,41.67839],[-0.809894,41.678441],[-0.810533,41.678496],[-0.811283,41.678574],[-0.811439,41.678583],[-0.811777,41.678566],[-0.812684,41.678496],[-0.813438,41.678428],[-0.813921,41.678387],[-0.81427,41.678357],[-0.814467,41.678359],[-0.814737,41.678366],[-0.814995,41.678391],[-0.815123,41.678394],[-0.815309,41.678346],[-0.815348,41.678156],[-0.815506,41.678154],[-0.815702,41.678164],[-0.815971,41.678188],[-0.816258,41.678201],[-0.816482,41.678191],[-0.816681,41.678166],[-0.816917,41.678121],[-0.817249,41.678082],[-0.817545,41.678048],[-0.817717,41.678005],[-0.817918,41.677971],[-0.818161,41.677961],[-0.818243,41.677959],[-0.818346,41.677998],[-0.818472,41.678049],[-0.818617,41.677985],[-0.819114,41.677817],[-0.819513,41.677665],[-0.819983,41.677484],[-0.820411,41.677282],[-0.820758,41.677111],[-0.821133,41.676896],[-0.821721,41.676615],[-0.822112,41.676438],[-0.822478,41.676248],[-0.822808,41.67607],[-0.822985,41.67601],[-0.823241,41.675951],[-0.82356,41.675856],[-0.824576,41.675602],[-0.825308,41.675444],[-0.825706,41.67535],[-0.826197,41.67521],[-0.826698,41.675007],[-0.827945,41.67485],[-0.828084,41.674507],[-0.828265,41.674545],[-0.828438,41.674582],[-0.82879,41.674652],[-0.829134,41.674716],[-0.829366,41.674758],[-0.829932,41.674858],[-0.830006,41.674613],[-0.830072,41.674404],[-0.830129,41.674255],[-0.830225,41.674076],[-0.830299,41.673973],[-0.830352,41.67391],[-0.830413,41.673847],[-0.830482,41.673785],[-0.83052,41.673752],[-0.830561,41.67372],[-0.830616,41.673679],[-0.830673,41.67364],[-0.830768,41.67358],[-0.831059,41.673411],[-0.831246,41.673305],[-0.83135,41.67325],[-0.831615,41.673115],[-0.831656,41.673098],[-0.831882,41.673012],[-0.832095,41.672944],[-0.832196,41.672918],[-0.832558,41.672849],[-0.83351,41.672763],[-0.834316,41.672689],[-0.834962,41.672492],[-0.835467,41.6723],[-0.835694,41.672212],[-0.836028,41.672044],[-0.835936,41.67244],[-0.835675,41.673546],[-0.835552,41.674068],[-0.835237,41.675417],[-0.835163,41.675724],[-0.835643,41.675803],[-0.837448,41.676102],[-0.838899,41.676345],[-0.839922,41.676509],[-0.843698,41.677144],[-0.84358,41.67805],[-0.843542,41.678611],[-0.84365,41.678842],[-0.844071,41.679182],[-0.844515,41.679686],[-0.845193,41.681027],[-0.845409,41.681951],[-0.845495,41.683397],[-0.845286,41.6844],[-0.844535,41.685034],[-0.843953,41.685706],[-0.843401,41.686513],[-0.843436,41.687163],[-0.843492,41.688246],[-0.843467,41.688987],[-0.843338,41.689669],[-0.842595,41.690477],[-0.841813,41.691102],[-0.840686,41.692005],[-0.84019,41.692281],[-0.839344,41.692527],[-0.838836,41.6927],[-0.838325,41.692953],[-0.838009,41.693006],[-0.837742,41.693067],[-0.837368,41.693179],[-0.836987,41.693463],[-0.836618,41.693933],[-0.835992,41.694715],[-0.835568,41.695223],[-0.835335,41.695336],[-0.835137,41.695442],[-0.834864,41.695594],[-0.834644,41.695601],[-0.83441,41.695633],[-0.83426,41.695747],[-0.8341,41.695857],[-0.83396,41.695967],[-0.833785,41.696249],[-0.83349,41.696481],[-0.832896,41.69675],[-0.8322,41.697026],[-0.83185,41.69715],[-0.831545,41.697393],[-0.831293,41.697604],[-0.831161,41.697943],[-0.830762,41.698669],[-0.830603,41.698987],[-0.830117,41.6995],[-0.829575,41.700062],[-0.829031,41.700695],[-0.828684,41.70105],[-0.828419,41.701377],[-0.828139,41.701733],[-0.827928,41.702402],[-0.827786,41.703042],[-0.827814,41.704188],[-0.8281,41.704846],[-0.828151,41.705329],[-0.828921,41.706344],[-0.829256,41.707081],[-0.829495,41.707599],[-0.829802,41.708143],[-0.830122,41.708817],[-0.830383,41.709206],[-0.830446,41.709349],[-0.830522,41.709414],[-0.830647,41.709908],[-0.83066,41.710194],[-0.83071,41.710628],[-0.83071,41.710972],[-0.83065,41.711134],[-0.830602,41.711248],[-0.830528,41.711508],[-0.830382,41.711628],[-0.830125,41.711803],[-0.830026,41.711826],[-0.829978,41.711948],[-0.83013,41.713267],[-0.830058,41.714108],[-0.830113,41.714436],[-0.830044,41.714602],[-0.829736,41.715434],[-0.829707,41.716285],[-0.829666,41.71676],[-0.829702,41.716953],[-0.829852,41.717262],[-0.830277,41.718041],[-0.830602,41.718899],[-0.830805,41.719875],[-0.830753,41.720461],[-0.830643,41.720853],[-0.830514,41.72118],[-0.830402,41.721314],[-0.830239,41.721371],[-0.82965,41.721682],[-0.827487,41.722846],[-0.826191,41.723738],[-0.825682,41.724194],[-0.825431,41.724623],[-0.82516,41.725036],[-0.824841,41.725593],[-0.824267,41.726064],[-0.823518,41.726628],[-0.823444,41.726695],[-0.822899,41.726595],[-0.822541,41.726545],[-0.822347,41.726513],[-0.822102,41.726476],[-0.821737,41.72641],[-0.821538,41.726371],[-0.821363,41.726341],[-0.821044,41.726308],[-0.820757,41.726235],[-0.820586,41.726201],[-0.820386,41.726176],[-0.820173,41.726142],[-0.819985,41.726103],[-0.819776,41.726077],[-0.819615,41.726062],[-0.819537,41.726036],[-0.819502,41.72603],[-0.81942,41.726004],[-0.81931,41.726001],[-0.818949,41.725945],[-0.818762,41.725911],[-0.81859,41.725892],[-0.818424,41.725867],[-0.818251,41.725829],[-0.818104,41.725809],[-0.817975,41.725803],[-0.817826,41.725786],[-0.817652,41.725743],[-0.817515,41.725715],[-0.817361,41.725695],[-0.817222,41.725674],[-0.817053,41.725631],[-0.817013,41.725628],[-0.81709,41.725458],[-0.81712,41.725401],[-0.817142,41.725369],[-0.817223,41.725244],[-0.817262,41.725184],[-0.817278,41.725159],[-0.81731,41.725102],[-0.81734,41.72504],[-0.81736,41.724988],[-0.817368,41.724957],[-0.817377,41.724924],[-0.81738,41.724886],[-0.817383,41.724828],[-0.817374,41.724652],[-0.817372,41.724508],[-0.817388,41.724403],[-0.81741,41.724341],[-0.817424,41.724311],[-0.817453,41.724265],[-0.817473,41.724239],[-0.817514,41.724197],[-0.817552,41.724133],[-0.817606,41.724064],[-0.816401,41.723902],[-0.814824,41.726065],[-0.814372,41.726094],[-0.814151,41.726105],[-0.813936,41.726121],[-0.81372,41.726126],[-0.813565,41.726127],[-0.813529,41.726123],[-0.813402,41.72613],[-0.813361,41.726138],[-0.81321,41.726144],[-0.812974,41.726144],[-0.812855,41.726145],[-0.812708,41.726144],[-0.812619,41.726146],[-0.812541,41.72615],[-0.81241,41.726152],[-0.812171,41.726152],[-0.812062,41.726155],[-0.811892,41.726165],[-0.811794,41.726169],[-0.81167,41.726169],[-0.811564,41.726174],[-0.811419,41.726176],[-0.811179,41.726171],[-0.811045,41.726171],[-0.810814,41.726172],[-0.810642,41.726171],[-0.810483,41.726171],[-0.810293,41.726176],[-0.810285,41.726249],[-0.810277,41.726286],[-0.810274,41.726334],[-0.810273,41.726419],[-0.810276,41.726472],[-0.810287,41.726579],[-0.810298,41.726728],[-0.810311,41.726848],[-0.810321,41.72698],[-0.810321,41.727037],[-0.810326,41.727095],[-0.810337,41.727146],[-0.810363,41.727209],[-0.810023,41.727219],[-0.809974,41.727195],[-0.809898,41.727183],[-0.809853,41.72718],[-0.809765,41.727186],[-0.809656,41.727214],[-0.809522,41.727222],[-0.809139,41.727216],[-0.809063,41.727214],[-0.808969,41.7272],[-0.808858,41.727176],[-0.80869,41.727157],[-0.808437,41.72715],[-0.80832,41.727151],[-0.8082,41.727159],[-0.808089,41.727187],[-0.807748,41.727204],[-0.807617,41.727206],[-0.807447,41.72723],[-0.807352,41.727248],[-0.807255,41.727261],[-0.807143,41.727259]]]}},{"type":"Feature","properties":{"name":"Monzalbarba","kind":"vecinal","id":21},"geometry":{"type":"Polygon","coordinates":[[[-0.965104,41.722185],[-0.963801,41.721626],[-0.963317,41.721287],[-0.962762,41.720566],[-0.962577,41.720326],[-0.96181,41.718498],[-0.961846,41.717344],[-0.962562,41.713852],[-0.962799,41.711589],[-0.962656,41.710885],[-0.961689,41.710167],[-0.960879,41.709699],[-0.960219,41.709688],[-0.958141,41.709321],[-0.955575,41.708698],[-0.94838,41.706673],[-0.944074,41.705482],[-0.941378,41.704023],[-0.940124,41.703184],[-0.938605,41.702257],[-0.937332,41.700899],[-0.936816,41.700077],[-0.936532,41.69926],[-0.936399,41.69859],[-0.936452,41.698156],[-0.936694,41.697841],[-0.937129,41.697558],[-0.937951,41.697283],[-0.939464,41.697187],[-0.940863,41.697023],[-0.942268,41.6967],[-0.943305,41.696342],[-0.944095,41.695848],[-0.944651,41.695423],[-0.944762,41.69496],[-0.944846,41.694178],[-0.944858,41.693192],[-0.944659,41.692129],[-0.944334,41.691412],[-0.944098,41.691179],[-0.943079,41.690108],[-0.942731,41.689893],[-0.942158,41.689617],[-0.940861,41.688947],[-0.939884,41.688179],[-0.938863,41.687561],[-0.937554,41.687007],[-0.93679,41.686913],[-0.936021,41.686949],[-0.934608,41.687224],[-0.933375,41.687552],[-0.932609,41.687908],[-0.932023,41.688328],[-0.931644,41.688781],[-0.930848,41.689615],[-0.929576,41.690813],[-0.928161,41.691824],[-0.926552,41.69272],[-0.924198,41.69375],[-0.922748,41.694316],[-0.921758,41.694409],[-0.920135,41.694195],[-0.918027,41.69375],[-0.916609,41.693317],[-0.915446,41.692629],[-0.914283,41.691942],[-0.912345,41.690797],[-0.910407,41.689688],[-0.908747,41.689103],[-0.90526,41.688295],[-0.904257,41.687787],[-0.903022,41.68719],[-0.901975,41.686415],[-0.901956,41.686389],[-0.901051,41.68514],[-0.900413,41.683505],[-0.900269,41.682342],[-0.90048,41.680534],[-0.907654,41.68136],[-0.909556,41.681585],[-0.910727,41.681701],[-0.911949,41.681773],[-0.913181,41.681784],[-0.913998,41.681755],[-0.914902,41.681693],[-0.915691,41.681602],[-0.917469,41.681335],[-0.91857,41.681127],[-0.919621,41.680894],[-0.920778,41.680538],[-0.922353,41.679746],[-0.923537,41.679007],[-0.92459,41.678313],[-0.92584,41.677404],[-0.926813,41.676577],[-0.928397,41.675058],[-0.92893,41.67549],[-0.929402,41.675912],[-0.930206,41.676581],[-0.930962,41.677126],[-0.93172,41.677567],[-0.932915,41.67809],[-0.933968,41.678469],[-0.936997,41.679328],[-0.937941,41.679677],[-0.939313,41.680256],[-0.941213,41.681138],[-0.943498,41.682035],[-0.945399,41.682819],[-0.946717,41.683329],[-0.949441,41.68435],[-0.952098,41.685302],[-0.954716,41.686348],[-0.957037,41.687348],[-0.958646,41.688106],[-0.959158,41.688362],[-0.959643,41.688595],[-0.959702,41.688624],[-0.96031,41.688929],[-0.961055,41.689314],[-0.961601,41.689603],[-0.962228,41.689937],[-0.962829,41.690265],[-0.963398,41.690576],[-0.963971,41.690893],[-0.964576,41.691239],[-0.965143,41.691563],[-0.965727,41.691898],[-0.966185,41.69217],[-0.96632,41.69225],[-0.96689,41.692586],[-0.967466,41.692936],[-0.967958,41.69323],[-0.968277,41.693425],[-0.968955,41.693846],[-0.969415,41.694139],[-0.96993,41.694466],[-0.970397,41.69476],[-0.970842,41.695049],[-0.971302,41.695352],[-0.971737,41.695638],[-0.972176,41.695934],[-0.972629,41.69624],[-0.973024,41.696515],[-0.973384,41.696764],[-0.973749,41.697025],[-0.974108,41.69729],[-0.974389,41.697499],[-0.974663,41.697291],[-0.975033,41.696998],[-0.975298,41.696728],[-0.975482,41.696534],[-0.975589,41.696399],[-0.975691,41.696238],[-0.975835,41.696009],[-0.975936,41.695904],[-0.976088,41.695778],[-0.976375,41.695573],[-0.976584,41.695429],[-0.978252,41.694237],[-0.978415,41.694106],[-0.978516,41.693931],[-0.978533,41.693802],[-0.97848,41.693663],[-0.978291,41.693407],[-0.978095,41.693143],[-0.978022,41.693041],[-0.977777,41.692722],[-0.97773,41.692602],[-0.977709,41.692473],[-0.977737,41.692371],[-0.977889,41.692013],[-0.978013,41.691714],[-0.978053,41.691573],[-0.977583,41.69127],[-0.977258,41.691024],[-0.977019,41.690816],[-0.976793,41.690605],[-0.976962,41.690506],[-0.977232,41.690301],[-0.978004,41.689547],[-0.9786,41.688984],[-0.978986,41.689168],[-0.97996,41.68964],[-0.98018,41.689744],[-0.980328,41.689814],[-0.980698,41.689999],[-0.980971,41.690133],[-0.981347,41.690313],[-0.981687,41.690487],[-0.981957,41.690623],[-0.982232,41.690772],[-0.982549,41.69095],[-0.982755,41.691073],[-0.983238,41.691365],[-0.983364,41.69144],[-0.9836,41.691589],[-0.984036,41.691856],[-0.984249,41.691982],[-0.984598,41.692197],[-0.985101,41.692504],[-0.985558,41.692781],[-0.986216,41.693185],[-0.986711,41.693481],[-0.986809,41.693569],[-0.987484,41.694086],[-0.987367,41.694188],[-0.98699,41.694501],[-0.986649,41.694837],[-0.985881,41.695409],[-0.985763,41.695502],[-0.985692,41.695658],[-0.985209,41.696514],[-0.984599,41.697584],[-0.984413,41.697959],[-0.984357,41.698026],[-0.983913,41.698378],[-0.983537,41.698665],[-0.983494,41.698718],[-0.983425,41.698811],[-0.983203,41.698992],[-0.983031,41.699115],[-0.982991,41.699145],[-0.982513,41.699511],[-0.981541,41.700264],[-0.981153,41.700559],[-0.980396,41.701131],[-0.980305,41.701152],[-0.980113,41.701324],[-0.979878,41.70155],[-0.979589,41.701752],[-0.979174,41.701952],[-0.979101,41.701973],[-0.979043,41.701996],[-0.978992,41.702016],[-0.979148,41.702226],[-0.979377,41.702563],[-0.979469,41.702695],[-0.97893,41.703033],[-0.978899,41.703046],[-0.978796,41.70308],[-0.978606,41.703216],[-0.978451,41.703353],[-0.978339,41.703486],[-0.978267,41.703651],[-0.978211,41.703736],[-0.978094,41.703811],[-0.977875,41.703892],[-0.977778,41.703931],[-0.977703,41.704029],[-0.977657,41.70415],[-0.977599,41.704257],[-0.977569,41.704283],[-0.977519,41.704327],[-0.977448,41.704362],[-0.977342,41.704414],[-0.977214,41.704489],[-0.976978,41.704714],[-0.976625,41.705046],[-0.976185,41.705484],[-0.975887,41.705771],[-0.975509,41.706138],[-0.975329,41.70632],[-0.975015,41.706562],[-0.974674,41.706889],[-0.97444,41.707083],[-0.974241,41.707296],[-0.974078,41.707509],[-0.973913,41.70779],[-0.97381,41.707991],[-0.973813,41.708112],[-0.973792,41.708179],[-0.974024,41.708343],[-0.973144,41.709109],[-0.973179,41.709137],[-0.973215,41.709164],[-0.973371,41.709163],[-0.97366,41.709154],[-0.973845,41.70918],[-0.973797,41.709373],[-0.973696,41.709709],[-0.973581,41.710121],[-0.973461,41.710493],[-0.973465,41.710556],[-0.9735,41.710583],[-0.973473,41.710691],[-0.973365,41.711072],[-0.97327,41.711381],[-0.973204,41.711596],[-0.97317,41.711726],[-0.973118,41.711856],[-0.97285,41.712333],[-0.97264,41.712716],[-0.97241,41.713136],[-0.972206,41.713515],[-0.972162,41.713581],[-0.972036,41.71375],[-0.971854,41.713995],[-0.971534,41.714431],[-0.971163,41.714946],[-0.970723,41.71556],[-0.97039,41.716013],[-0.970014,41.71652],[-0.969612,41.717058],[-0.969261,41.717529],[-0.968702,41.718289],[-0.968319,41.718796],[-0.967886,41.719369],[-0.967541,41.719822],[-0.967228,41.720227],[-0.966964,41.720587],[-0.966846,41.720724],[-0.966651,41.720982],[-0.968003,41.72197],[-0.967438,41.722329],[-0.967383,41.722411],[-0.96723,41.722636],[-0.965104,41.722185]]]}},{"type":"Feature","properties":{"name":"Movera","kind":"vecinal","id":22},"geometry":{"type":"Polygon","coordinates":[[[-0.841111,41.670822],[-0.840605,41.670711],[-0.839945,41.670273],[-0.839518,41.669963],[-0.838407,41.669222],[-0.838543,41.669063],[-0.838576,41.668898],[-0.838564,41.668438],[-0.838591,41.667833],[-0.838573,41.667569],[-0.838503,41.667397],[-0.8382,41.666951],[-0.838053,41.666804],[-0.837876,41.666691],[-0.837512,41.666649],[-0.836871,41.666529],[-0.836558,41.666412],[-0.83522,41.666366],[-0.833746,41.666285],[-0.833467,41.66624],[-0.833029,41.666106],[-0.832587,41.666075],[-0.830709,41.665687],[-0.829826,41.66569],[-0.829471,41.665465],[-0.828687,41.66533],[-0.82828,41.665191],[-0.827284,41.665019],[-0.82673,41.665019],[-0.826336,41.664881],[-0.824699,41.664571],[-0.823942,41.664278],[-0.823835,41.664231],[-0.823646,41.664145],[-0.823434,41.664073],[-0.82322,41.663995],[-0.822999,41.663927],[-0.822828,41.663875],[-0.822643,41.663812],[-0.822461,41.663758],[-0.822406,41.663746],[-0.821616,41.663549],[-0.820454,41.662949],[-0.819465,41.662362],[-0.818882,41.66204],[-0.818406,41.661833],[-0.814607,41.660572],[-0.812574,41.659917],[-0.811805,41.659752],[-0.81064,41.65957],[-0.809337,41.659424],[-0.806262,41.659112],[-0.805943,41.659049],[-0.805534,41.658918],[-0.804511,41.658501],[-0.802203,41.657546],[-0.801759,41.657265],[-0.800486,41.65623],[-0.79756,41.653825],[-0.796423,41.652957],[-0.794093,41.651377],[-0.792542,41.650319],[-0.791966,41.650017],[-0.787684,41.648452],[-0.787269,41.648248],[-0.785772,41.647257],[-0.785086,41.646959],[-0.781643,41.645555],[-0.779918,41.644859],[-0.777988,41.644041],[-0.776121,41.643499],[-0.773212,41.642674],[-0.77324,41.642648],[-0.773259,41.642631],[-0.773291,41.642564],[-0.773816,41.641983],[-0.774002,41.641776],[-0.774199,41.641474],[-0.774293,41.641358],[-0.774336,41.641319],[-0.774392,41.64127],[-0.774463,41.641208],[-0.774769,41.640791],[-0.775305,41.64005],[-0.775594,41.639659],[-0.775712,41.639558],[-0.775843,41.639398],[-0.77602,41.639136],[-0.776148,41.638909],[-0.776344,41.638633],[-0.776539,41.638385],[-0.776696,41.638172],[-0.776832,41.638057],[-0.776996,41.637822],[-0.777197,41.637583],[-0.77726,41.637494],[-0.777279,41.637458],[-0.777341,41.637396],[-0.7779,41.636677],[-0.778219,41.636267],[-0.778751,41.635582],[-0.778779,41.635546],[-0.778784,41.635573],[-0.779108,41.635589],[-0.779444,41.635604],[-0.779728,41.635551],[-0.779953,41.635452],[-0.780112,41.635189],[-0.780148,41.635032],[-0.780172,41.634959],[-0.780572,41.635021],[-0.780753,41.635053],[-0.781134,41.635119],[-0.781314,41.635149],[-0.781468,41.635171],[-0.78162,41.635192],[-0.781726,41.635207],[-0.781714,41.635182],[-0.7817,41.635154],[-0.781613,41.635002],[-0.781543,41.634789],[-0.781512,41.634635],[-0.781452,41.634445],[-0.781464,41.6344],[-0.78148,41.634338],[-0.781579,41.634083],[-0.78162,41.63393],[-0.781675,41.633724],[-0.781711,41.633545],[-0.781705,41.633369],[-0.781775,41.633105],[-0.781791,41.632975],[-0.781762,41.632767],[-0.781719,41.632613],[-0.781724,41.632464],[-0.781808,41.632304],[-0.781874,41.632121],[-0.781867,41.631972],[-0.78183,41.631836],[-0.781747,41.631632],[-0.781645,41.63145],[-0.781568,41.63134],[-0.781519,41.631272],[-0.78139,41.631193],[-0.781221,41.631059],[-0.781176,41.630954],[-0.781233,41.630874],[-0.781326,41.630773],[-0.781284,41.630601],[-0.781074,41.63025],[-0.781009,41.63005],[-0.781818,41.629913],[-0.782549,41.629787],[-0.782659,41.629718],[-0.782733,41.629656],[-0.782748,41.629566],[-0.782723,41.62944],[-0.782758,41.629283],[-0.782852,41.628992],[-0.782916,41.628691],[-0.78297,41.628368],[-0.782979,41.62831],[-0.783016,41.628076],[-0.783058,41.627717],[-0.783078,41.627613],[-0.783094,41.627528],[-0.783142,41.627363],[-0.783218,41.627247],[-0.783303,41.62706],[-0.783382,41.626831],[-0.783431,41.626634],[-0.783446,41.626562],[-0.783492,41.626599],[-0.784031,41.627011],[-0.784707,41.627573],[-0.784877,41.627716],[-0.784913,41.627694],[-0.785944,41.627052],[-0.78853,41.625437],[-0.788918,41.625195],[-0.789231,41.625002],[-0.789255,41.624995],[-0.789993,41.625878],[-0.790231,41.626148],[-0.790525,41.626483],[-0.790868,41.626877],[-0.791163,41.62721],[-0.791195,41.627195],[-0.791231,41.626708],[-0.79135,41.626224],[-0.791619,41.625725],[-0.791671,41.625429],[-0.791781,41.62521],[-0.79192,41.624825],[-0.79204,41.624112],[-0.792187,41.623493],[-0.792359,41.623208],[-0.792533,41.62304],[-0.792647,41.622858],[-0.792687,41.622746],[-0.793776,41.623015],[-0.793895,41.62304],[-0.79403,41.622777],[-0.794488,41.622204],[-0.794914,41.621519],[-0.794933,41.621489],[-0.795104,41.621221],[-0.795105,41.621018],[-0.79503,41.620742],[-0.794996,41.620507],[-0.794941,41.620196],[-0.794987,41.61989],[-0.79501,41.619738],[-0.795131,41.619357],[-0.795247,41.619319],[-0.795376,41.619222],[-0.795578,41.619105],[-0.795706,41.619053],[-0.795922,41.619044],[-0.796055,41.619024],[-0.796166,41.61894],[-0.796281,41.618911],[-0.796853,41.619012],[-0.797448,41.619181],[-0.797579,41.619206],[-0.797701,41.61897],[-0.797836,41.618707],[-0.798016,41.618345],[-0.798218,41.617885],[-0.798454,41.617485],[-0.798755,41.616928],[-0.798939,41.616643],[-0.799057,41.616343],[-0.799226,41.615955],[-0.799294,41.61583],[-0.799823,41.616045],[-0.800634,41.616376],[-0.804241,41.617049],[-0.806162,41.617095],[-0.810382,41.616054],[-0.816712,41.614479],[-0.81963,41.61421],[-0.823925,41.614424],[-0.827001,41.615086],[-0.829576,41.61643],[-0.832491,41.617884],[-0.835807,41.619471],[-0.837787,41.620664],[-0.839487,41.622061],[-0.840133,41.622892],[-0.840665,41.623575],[-0.841091,41.624162],[-0.841187,41.625665],[-0.840833,41.628459],[-0.840433,41.630549],[-0.836733,41.637983],[-0.83476,41.640532],[-0.833868,41.64195],[-0.833642,41.642594],[-0.833604,41.64331],[-0.833977,41.643888],[-0.834716,41.644428],[-0.836491,41.646577],[-0.838267,41.647831],[-0.83985,41.648455],[-0.842398,41.648876],[-0.845548,41.649137],[-0.847555,41.649529],[-0.848217,41.65102],[-0.84838,41.651913],[-0.848424,41.65312],[-0.84854,41.653614],[-0.848847,41.654176],[-0.849821,41.654823],[-0.849628,41.655554],[-0.849338,41.65624],[-0.848815,41.657481],[-0.848702,41.658191],[-0.848338,41.658467],[-0.847312,41.658847],[-0.846797,41.659014],[-0.846509,41.659301],[-0.846305,41.659717],[-0.846317,41.660098],[-0.846376,41.661025],[-0.846279,41.661453],[-0.845963,41.661933],[-0.844818,41.663288],[-0.844424,41.663751],[-0.843513,41.664869],[-0.84247,41.666522],[-0.84227,41.667128],[-0.842245,41.667215],[-0.842103,41.667793],[-0.841962,41.668413],[-0.841906,41.669191],[-0.841914,41.669837],[-0.842039,41.670529],[-0.842183,41.670925],[-0.841111,41.670822]]]}},{"type":"Feature","properties":{"name":"Peñaflor","kind":"vecinal","id":23},"geometry":{"type":"Polygon","coordinates":[[[-0.796402,41.796925],[-0.796285,41.796833],[-0.796215,41.796777],[-0.796097,41.796703],[-0.795662,41.796407],[-0.79525,41.796128],[-0.795129,41.796135],[-0.794852,41.796139],[-0.794445,41.796077],[-0.794194,41.796036],[-0.794004,41.79596],[-0.793742,41.795883],[-0.793431,41.795814],[-0.79324,41.795775],[-0.793097,41.795736],[-0.792827,41.79555],[-0.792567,41.79541],[-0.79246,41.795354],[-0.792458,41.795075],[-0.792396,41.794768],[-0.792377,41.794623],[-0.79233,41.794253],[-0.792217,41.793683],[-0.792158,41.793295],[-0.792162,41.793178],[-0.792115,41.793132],[-0.792081,41.793077],[-0.792061,41.792951],[-0.792025,41.792626],[-0.792006,41.792464],[-0.791996,41.792418],[-0.791999,41.792319],[-0.791979,41.792202],[-0.791982,41.792103],[-0.792059,41.79196],[-0.792112,41.791835],[-0.792121,41.791574],[-0.792122,41.791529],[-0.79214,41.791358],[-0.792154,41.791323],[-0.792257,41.791117],[-0.792396,41.790913],[-0.792499,41.790735],[-0.792733,41.790568],[-0.793043,41.790313],[-0.793304,41.790048],[-0.793441,41.789915],[-0.793528,41.789836],[-0.79363,41.789667],[-0.793725,41.789371],[-0.793781,41.789147],[-0.793713,41.789011],[-0.793705,41.788885],[-0.793772,41.788706],[-0.793707,41.788489],[-0.793666,41.788281],[-0.793644,41.788208],[-0.793333,41.788166],[-0.792111,41.788016],[-0.791524,41.787942],[-0.791308,41.78792],[-0.789725,41.787754],[-0.789641,41.787753],[-0.788442,41.787631],[-0.788022,41.787587],[-0.787074,41.787496],[-0.786643,41.787452],[-0.786235,41.787408],[-0.785719,41.787353],[-0.785576,41.787332],[-0.78554,41.787314],[-0.785313,41.787273],[-0.785145,41.787261],[-0.784854,41.787679],[-0.784646,41.787774],[-0.784406,41.78776],[-0.783822,41.787596],[-0.782878,41.787406],[-0.781384,41.787107],[-0.780691,41.78695],[-0.779762,41.78668],[-0.779096,41.78645],[-0.778811,41.786328],[-0.778705,41.786281],[-0.778216,41.786136],[-0.77762,41.785999],[-0.776927,41.785832],[-0.775137,41.785401],[-0.774243,41.785168],[-0.773559,41.785109],[-0.773115,41.785074],[-0.773005,41.785117],[-0.772635,41.785046],[-0.772216,41.784966],[-0.771964,41.784943],[-0.77171,41.784983],[-0.771359,41.785049],[-0.771067,41.785142],[-0.770849,41.785192],[-0.770489,41.785158],[-0.770081,41.785105],[-0.769711,41.785026],[-0.769472,41.784976],[-0.769233,41.784926],[-0.768827,41.784855],[-0.768143,41.784779],[-0.767664,41.784734],[-0.767039,41.784703],[-0.766475,41.784665],[-0.766339,41.784753],[-0.76606,41.784829],[-0.765625,41.784892],[-0.765395,41.784933],[-0.765249,41.784957],[-0.764897,41.785049],[-0.764496,41.785176],[-0.764203,41.785279],[-0.763923,41.785381],[-0.763487,41.785445],[-0.763246,41.785476],[-0.762713,41.785583],[-0.762216,41.785663],[-0.761768,41.785745],[-0.761368,41.785836],[-0.761271,41.785861],[-0.761089,41.785902],[-0.76087,41.785961],[-0.760577,41.786091],[-0.760273,41.786193],[-0.759955,41.786331],[-0.759554,41.786449],[-0.759263,41.786515],[-0.758208,41.786747],[-0.758147,41.786764],[-0.75754,41.786914],[-0.757139,41.787014],[-0.756605,41.787148],[-0.755735,41.786915],[-0.754341,41.786851],[-0.753988,41.78698],[-0.75389,41.787014],[-0.753866,41.787031],[-0.753487,41.787186],[-0.753049,41.787339],[-0.752623,41.787475],[-0.752319,41.787559],[-0.751955,41.787642],[-0.751446,41.78774],[-0.750985,41.787839],[-0.750557,41.788047],[-0.750287,41.788204],[-0.750092,41.788272],[-0.748913,41.788591],[-0.748804,41.788625],[-0.747771,41.78892],[-0.747297,41.789046],[-0.747006,41.789112],[-0.746546,41.789184],[-0.746037,41.789273],[-0.745455,41.789397],[-0.745116,41.789453],[-0.74485,41.789493],[-0.74479,41.789492],[-0.743999,41.789404],[-0.743411,41.789348],[-0.74304,41.789304],[-0.742168,41.789467],[-0.741562,41.789582],[-0.741246,41.789656],[-0.741052,41.789698],[-0.740688,41.789781],[-0.740349,41.789864],[-0.739765,41.790024],[-0.739352,41.790142],[-0.738958,41.790053],[-0.738565,41.789946],[-0.738302,41.789896],[-0.737328,41.789858],[-0.736824,41.790173],[-0.736592,41.790267],[-0.736372,41.790344],[-0.736261,41.790441],[-0.736073,41.790635],[-0.735896,41.790893],[-0.735757,41.791088],[-0.735545,41.7913],[-0.735295,41.791557],[-0.735067,41.791885],[-0.734898,41.792242],[-0.734783,41.792411],[-0.73477,41.792447],[-0.734719,41.792536],[-0.734693,41.79258],[-0.734594,41.79265],[-0.734397,41.792791],[-0.734227,41.792832],[-0.734106,41.792857],[-0.733791,41.792896],[-0.733647,41.792902],[-0.73355,41.792918],[-0.733477,41.792935],[-0.733343,41.792977],[-0.733271,41.792994],[-0.733173,41.793019],[-0.732907,41.793076],[-0.732569,41.793079],[-0.732401,41.793084],[-0.732329,41.793083],[-0.732052,41.793087],[-0.731762,41.793099],[-0.731365,41.793109],[-0.731281,41.793107],[-0.730909,41.793064],[-0.730467,41.792965],[-0.73042,41.792946],[-0.730027,41.792821],[-0.729636,41.792661],[-0.729471,41.792558],[-0.729353,41.792475],[-0.729283,41.792437],[-0.729189,41.792373],[-0.729083,41.792298],[-0.728824,41.792131],[-0.728414,41.791826],[-0.728355,41.791789],[-0.727829,41.791346],[-0.727408,41.790995],[-0.727197,41.790838],[-0.726979,41.790537],[-0.726841,41.790363],[-0.726641,41.790215],[-0.726415,41.790147],[-0.726201,41.790089],[-0.726049,41.789942],[-0.725909,41.789822],[-0.725828,41.789739],[-0.725534,41.789553],[-0.725119,41.789374],[-0.725012,41.789336],[-0.72462,41.789193],[-0.72437,41.789107],[-0.72412,41.78903],[-0.723738,41.788941],[-0.723246,41.788904],[-0.72285,41.78887],[-0.722623,41.788829],[-0.722253,41.78875],[-0.722074,41.78871],[-0.721821,41.788696],[-0.721594,41.788674],[-0.721197,41.788648],[-0.721005,41.788635],[-0.720875,41.788587],[-0.720701,41.788404],[-0.720516,41.788175],[-0.720356,41.787946],[-0.720321,41.787901],[-0.720219,41.787737],[-0.719891,41.787478],[-0.719525,41.787273],[-0.719148,41.787067],[-0.718864,41.786917],[-0.718626,41.786831],[-0.7184,41.786782],[-0.718015,41.786774],[-0.717677,41.786785],[-0.717277,41.786886],[-0.716949,41.786978],[-0.716642,41.787152],[-0.716467,41.787329],[-0.716305,41.78747],[-0.716246,41.787459],[-0.715924,41.787372],[-0.715543,41.787238],[-0.715236,41.787079],[-0.714953,41.786911],[-0.714754,41.786754],[-0.714327,41.786602],[-0.714065,41.786515],[-0.713783,41.78633],[-0.71324,41.786031],[-0.712991,41.785909],[-0.712851,41.785798],[-0.712661,41.785713],[-0.712483,41.785655],[-0.71222,41.785614],[-0.712064,41.785584],[-0.711936,41.785482],[-0.711752,41.785245],[-0.711531,41.785015],[-0.711351,41.784669],[-0.711148,41.784287],[-0.710981,41.783896],[-0.710893,41.783669],[-0.710846,41.783632],[-0.71066,41.783467],[-0.710431,41.783129],[-0.710294,41.782919],[-0.710214,41.782791],[-0.710124,41.782627],[-0.710043,41.782536],[-0.709756,41.782152],[-0.709582,41.781959],[-0.709441,41.781875],[-0.709278,41.781728],[-0.709089,41.781607],[-0.709009,41.781506],[-0.708916,41.781414],[-0.708823,41.781322],[-0.708753,41.781258],[-0.70873,41.78124],[-0.708648,41.781175],[-0.708364,41.781025],[-0.708116,41.780903],[-0.707904,41.780773],[-0.707655,41.78066],[-0.707525,41.780612],[-0.707287,41.780535],[-0.707227,41.780516],[-0.706617,41.780423],[-0.706031,41.780321],[-0.70566,41.780278],[-0.705611,41.780286],[-0.705441,41.780318],[-0.705309,41.780325],[-0.705137,41.780411],[-0.704847,41.78045],[-0.704631,41.780428],[-0.704418,41.780343],[-0.704239,41.780303],[-0.70407,41.780327],[-0.703984,41.780361],[-0.703947,41.780387],[-0.703872,41.780476],[-0.703699,41.780599],[-0.703575,41.780695],[-0.703164,41.780741],[-0.702875,41.780744],[-0.70253,41.780656],[-0.70228,41.78057],[-0.702054,41.780485],[-0.701604,41.780286],[-0.701439,41.780211],[-0.700907,41.779939],[-0.700765,41.779855],[-0.700707,41.779809],[-0.700157,41.779708],[-0.700122,41.77968],[-0.700212,41.779511],[-0.700123,41.779302],[-0.699983,41.779182],[-0.699383,41.778819],[-0.69904,41.77865],[-0.697629,41.778072],[-0.697274,41.777903],[-0.696668,41.777693],[-0.695952,41.777507],[-0.695714,41.777439],[-0.695547,41.777409],[-0.695308,41.777359],[-0.69526,41.777349],[-0.694915,41.777243],[-0.694809,41.777196],[-0.694514,41.77701],[-0.694281,41.776807],[-0.694068,41.776704],[-0.693988,41.776603],[-0.693968,41.776477],[-0.693589,41.775965],[-0.693386,41.775609],[-0.693144,41.775289],[-0.69279,41.77476],[-0.692618,41.774549],[-0.692475,41.774492],[-0.692234,41.774163],[-0.692151,41.774153],[-0.692116,41.774098],[-0.691934,41.773806],[-0.691787,41.77356],[-0.691789,41.773488],[-0.691891,41.773346],[-0.691594,41.772556],[-0.691572,41.772511],[-0.691428,41.772166],[-0.691382,41.772093],[-0.691019,41.771491],[-0.690306,41.770225],[-0.690031,41.769868],[-0.689904,41.769703],[-0.689813,41.769558],[-0.689693,41.769204],[-0.689676,41.769023],[-0.689677,41.768996],[-0.689673,41.768438],[-0.689692,41.768249],[-0.689766,41.768179],[-0.689792,41.768125],[-0.689772,41.768035],[-0.689822,41.767964],[-0.690093,41.767807],[-0.690453,41.767481],[-0.690333,41.76747],[-0.690408,41.76739],[-0.690446,41.767355],[-0.690643,41.767206],[-0.690842,41.767038],[-0.691289,41.76666],[-0.691587,41.766378],[-0.691667,41.766163],[-0.691474,41.765844],[-0.691551,41.765702],[-0.691626,41.765631],[-0.691848,41.765474],[-0.692359,41.764998],[-0.692556,41.764857],[-0.692775,41.764781],[-0.692815,41.764674],[-0.692788,41.764421],[-0.692779,41.76434],[-0.692819,41.76425],[-0.692881,41.764179],[-0.692956,41.764109],[-0.693129,41.763968],[-0.693414,41.763749],[-0.69375,41.763431],[-0.693811,41.763406],[-0.69386,41.76338],[-0.694009,41.763257],[-0.694333,41.762939],[-0.69468,41.762658],[-0.695031,41.762268],[-0.69517,41.762082],[-0.695353,41.761996],[-0.695523,41.761972],[-0.695642,41.762001],[-0.695714,41.762003],[-0.695906,41.762016],[-0.696051,41.762001],[-0.696185,41.761949],[-0.696295,41.761897],[-0.696441,41.761846],[-0.696515,41.761794],[-0.696641,41.761643],[-0.696739,41.761591],[-0.696788,41.761556],[-0.696825,41.761539],[-0.696947,41.761496],[-0.69708,41.761481],[-0.697249,41.761457],[-0.697394,41.761442],[-0.69761,41.761447],[-0.697755,41.76144],[-0.697864,41.761425],[-0.698034,41.761374],[-0.698155,41.76134],[-0.698277,41.761289],[-0.698364,41.761236],[-0.698646,41.761071],[-0.698782,41.760975],[-0.698978,41.760871],[-0.69904,41.760827],[-0.699134,41.760874],[-0.699243,41.760867],[-0.699291,41.760877],[-0.699412,41.760843],[-0.699449,41.760808],[-0.699427,41.760753],[-0.69937,41.760671],[-0.699337,41.760581],[-0.699532,41.76053],[-0.699964,41.760197],[-0.700149,41.760092],[-0.700259,41.760032],[-0.700489,41.759991],[-0.700707,41.75996],[-0.700889,41.759909],[-0.701059,41.75985],[-0.701503,41.759561],[-0.701725,41.759404],[-0.702034,41.759158],[-0.702556,41.758709],[-0.702654,41.758639],[-0.702851,41.758525],[-0.702876,41.758508],[-0.702912,41.758491],[-0.703218,41.758353],[-0.703426,41.758249],[-0.703709,41.758065],[-0.703833,41.757969],[-0.703931,41.757917],[-0.704017,41.757873],[-0.704138,41.75784],[-0.704199,41.757814],[-0.704345,41.75779],[-0.704453,41.757774],[-0.704596,41.757813],[-0.704762,41.757879],[-0.704913,41.758044],[-0.705112,41.758183],[-0.705206,41.758266],[-0.705299,41.758331],[-0.705561,41.758418],[-0.705715,41.758475],[-0.705928,41.758578],[-0.70607,41.758644],[-0.70644,41.758732],[-0.706702,41.758792],[-0.706988,41.758869],[-0.707131,41.758908],[-0.707537,41.758988],[-0.707809,41.759138],[-0.708106,41.759243],[-0.70835,41.759149],[-0.708717,41.758976],[-0.708998,41.758855],[-0.70912,41.758786],[-0.709303,41.758708],[-0.709523,41.758632],[-0.709802,41.758565],[-0.710056,41.758516],[-0.710383,41.758442],[-0.710674,41.758394],[-0.710892,41.758335],[-0.711147,41.758268],[-0.711294,41.758208],[-0.711538,41.758114],[-0.711672,41.758071],[-0.711829,41.758029],[-0.712023,41.758006],[-0.712119,41.758017],[-0.712383,41.758031],[-0.712731,41.758047],[-0.713067,41.758054],[-0.713272,41.758049],[-0.714044,41.757992],[-0.714346,41.757953],[-0.714455,41.757929],[-0.71454,41.757903],[-0.714891,41.757847],[-0.715145,41.757807],[-0.715206,41.757799],[-0.715581,41.757717],[-0.715776,41.757667],[-0.716005,41.757653],[-0.715978,41.757382],[-0.715959,41.757247],[-0.71586,41.75629],[-0.715637,41.7558],[-0.715362,41.755434],[-0.714892,41.7551],[-0.714505,41.754822],[-0.714013,41.754461],[-0.71384,41.75426],[-0.713239,41.753554],[-0.71271,41.752553],[-0.712492,41.752261],[-0.712328,41.751798],[-0.712286,41.751626],[-0.712174,41.751372],[-0.712135,41.751137],[-0.712121,41.75083],[-0.712207,41.750445],[-0.712275,41.75023],[-0.712296,41.749978],[-0.712369,41.74961],[-0.712367,41.749331],[-0.712415,41.749008],[-0.712451,41.748666],[-0.712789,41.747952],[-0.712945,41.747298],[-0.712862,41.746927],[-0.712952,41.746073],[-0.7129,41.745505],[-0.712928,41.745055],[-0.71298,41.744264],[-0.713217,41.743017],[-0.712948,41.742786],[-0.712894,41.741947],[-0.712931,41.741921],[-0.712956,41.741904],[-0.71298,41.741886],[-0.713005,41.74186],[-0.713042,41.741842],[-0.713067,41.741816],[-0.713092,41.741798],[-0.713116,41.741781],[-0.713153,41.741754],[-0.713178,41.741737],[-0.713203,41.741719],[-0.71324,41.741702],[-0.713276,41.741685],[-0.713301,41.741667],[-0.713338,41.74165],[-0.713362,41.741633],[-0.713399,41.741615],[-0.713435,41.741607],[-0.713472,41.74159],[-0.713509,41.741572],[-0.713533,41.741564],[-0.71357,41.741547],[-0.713606,41.741529],[-0.713643,41.741521],[-0.713667,41.741512],[-0.713692,41.741495],[-0.713728,41.741487],[-0.713765,41.741469],[-0.713801,41.741461],[-0.713838,41.741444],[-0.713874,41.741436],[-0.713911,41.741418],[-0.713947,41.74141],[-0.713984,41.741402],[-0.71402,41.741393],[-0.714056,41.741385],[-0.714093,41.741377],[-0.714129,41.741369],[-0.714178,41.741361],[-0.714214,41.741352],[-0.71425,41.741344],[-0.714287,41.741336],[-0.714323,41.741327],[-0.714359,41.741319],[-0.714396,41.741311],[-0.714432,41.741303],[-0.714469,41.741285],[-0.714506,41.741268],[-0.71453,41.74125],[-0.714567,41.741233],[-0.714592,41.741216],[-0.714616,41.741198],[-0.714641,41.741181],[-0.714666,41.741163],[-0.714702,41.741146],[-0.714727,41.741128],[-0.714764,41.741111],[-0.7148,41.741103],[-0.714836,41.741094],[-0.714873,41.741086],[-0.714909,41.741069],[-0.714946,41.741061],[-0.714982,41.741052],[-0.715019,41.741044],[-0.715067,41.741036],[-0.715103,41.741037],[-0.715127,41.741028],[-0.715164,41.74102],[-0.7152,41.741021],[-0.715236,41.741012],[-0.715272,41.741013],[-0.715309,41.741005],[-0.715357,41.740997],[-0.715393,41.740997],[-0.715429,41.740989],[-0.715465,41.74099],[-0.715513,41.740991],[-0.71555,41.740983],[-0.715586,41.740983],[-0.715622,41.740984],[-0.71567,41.740985],[-0.715706,41.740986],[-0.715742,41.740986],[-0.715778,41.740987],[-0.715826,41.740997],[-0.71585,41.740998],[-0.715886,41.741007],[-0.715922,41.741008],[-0.715957,41.741018],[-0.715993,41.741018],[-0.716042,41.741019],[-0.716078,41.74102],[-0.716114,41.741021],[-0.71615,41.741022],[-0.716186,41.741013],[-0.71621,41.741005],[-0.716246,41.741005],[-0.716283,41.740988],[-0.71632,41.74098],[-0.716356,41.740972],[-0.716392,41.740963],[-0.716429,41.740946],[-0.716465,41.740938],[-0.71649,41.740929],[-0.716526,41.740912],[-0.716563,41.740904],[-0.716587,41.740886],[-0.716624,41.740878],[-0.71666,41.740861],[-0.716697,41.740852],[-0.716733,41.740835],[-0.71677,41.740827],[-0.716795,41.740809],[-0.716831,41.740792],[-0.716868,41.740775],[-0.716904,41.740766],[-0.716941,41.740749],[-0.716966,41.740732],[-0.717002,41.740714],[-0.717039,41.740706],[-0.717075,41.740689],[-0.7171,41.740671],[-0.717137,41.740654],[-0.717173,41.740646],[-0.71721,41.740628],[-0.717246,41.740611],[-0.717637,41.740448],[-0.717673,41.740439],[-0.717734,41.740423],[-0.717783,41.740415],[-0.717879,41.740398],[-0.717952,41.740391],[-0.718012,41.740374],[-0.718049,41.740366],[-0.718098,41.740349],[-0.71822,41.740297],[-0.718464,41.740185],[-0.718598,41.740125],[-0.71866,41.740099],[-0.719013,41.739953],[-0.719197,41.739875],[-0.719379,41.739807],[-0.719489,41.739773],[-0.719573,41.739757],[-0.719634,41.73974],[-0.719683,41.739732],[-0.719767,41.739734],[-0.719863,41.739726],[-0.719923,41.739737],[-0.720043,41.739748],[-0.720186,41.739769],[-0.720449,41.739819],[-0.720593,41.73984],[-0.720676,41.739851],[-0.720749,41.739852],[-0.720809,41.739853],[-0.720857,41.739845],[-0.720953,41.739838],[-0.721038,41.739822],[-0.721075,41.739805],[-0.72116,41.739779],[-0.721221,41.739753],[-0.721294,41.739728],[-0.721366,41.73972],[-0.721487,41.739705],[-0.721548,41.739697],[-0.721644,41.739699],[-0.721728,41.7397],[-0.721788,41.739711],[-0.721847,41.739721],[-0.721979,41.73975],[-0.722074,41.73977],[-0.722241,41.739819],[-0.722372,41.739848],[-0.722503,41.739887],[-0.722575,41.739897],[-0.72267,41.739917],[-0.722837,41.739948],[-0.722921,41.739958],[-0.723041,41.73997],[-0.723113,41.73998],[-0.723257,41.739983],[-0.723413,41.739986],[-0.723509,41.739988],[-0.723702,41.739974],[-0.723847,41.739968],[-0.723919,41.73996],[-0.724028,41.739953],[-0.724669,41.739849],[-0.725249,41.739752],[-0.725633,41.739796],[-0.725693,41.739797],[-0.725729,41.739798],[-0.725801,41.739799],[-0.725849,41.7398],[-0.725922,41.739784],[-0.726006,41.739776],[-0.726163,41.739752],[-0.726284,41.739728],[-0.726345,41.73972],[-0.726429,41.739713],[-0.727623,41.739619],[-0.728226,41.739577],[-0.729117,41.739523],[-0.729383,41.739501],[-0.729936,41.739485],[-0.730201,41.739472],[-0.730346,41.739466],[-0.730454,41.739459],[-0.73066,41.739436],[-0.730865,41.739413],[-0.73101,41.739389],[-0.731288,41.73934],[-0.731373,41.739324],[-0.731518,41.739291],[-0.731628,41.739266],[-0.731834,41.739216],[-0.731979,41.739174],[-0.732137,41.739141],[-0.73221,41.739124],[-0.732331,41.7391],[-0.732573,41.739051],[-0.732706,41.739035],[-0.732887,41.739012],[-0.73308,41.738989],[-0.733177,41.738981],[-0.733346,41.738967],[-0.733683,41.738946],[-0.734032,41.738935],[-0.734261,41.738922],[-0.734706,41.738913],[-0.735043,41.73891],[-0.735717,41.738905],[-0.736053,41.738903],[-0.73621,41.738906],[-0.736294,41.738899],[-0.736354,41.738891],[-0.736379,41.738883],[-0.736391,41.738874],[-0.736404,41.738847],[-0.736417,41.73882],[-0.736419,41.738757],[-0.736432,41.738721],[-0.736445,41.738695],[-0.736484,41.738623],[-0.736509,41.738588],[-0.736547,41.738544],[-0.736609,41.738482],[-0.736647,41.738446],[-0.736733,41.738385],[-0.736856,41.738289],[-0.736955,41.738227],[-0.737139,41.738114],[-0.737213,41.73807],[-0.73725,41.738053],[-0.737299,41.738027],[-0.73736,41.738001],[-0.737396,41.737993],[-0.737433,41.737976],[-0.73753,41.737951],[-0.737614,41.737943],[-0.737675,41.737935],[-0.737723,41.737936],[-0.737795,41.737938],[-0.737879,41.737939],[-0.737927,41.737949],[-0.737986,41.73796],[-0.738094,41.73798],[-0.738189,41.738009],[-0.738379,41.738075],[-0.738474,41.738113],[-0.738522,41.738123],[-0.7387,41.738172],[-0.738784,41.738191],[-0.738927,41.738221],[-0.739023,41.738232],[-0.739059,41.738233],[-0.739131,41.738234],[-0.739227,41.738236],[-0.739299,41.738238],[-0.73942,41.738222],[-0.739468,41.738223],[-0.739541,41.738206],[-0.739771,41.738166],[-0.739892,41.73815],[-0.73994,41.738151],[-0.739988,41.738152],[-0.740048,41.738153],[-0.740119,41.738173],[-0.740155,41.738182],[-0.74025,41.73822],[-0.740297,41.738248],[-0.740356,41.738285],[-0.740403,41.738322],[-0.740472,41.738387],[-0.740531,41.738442],[-0.740577,41.738488],[-0.740624,41.738516],[-0.740672,41.738535],[-0.740766,41.738573],[-0.740814,41.738592],[-0.740886,41.738602],[-0.740957,41.738621],[-0.740993,41.738622],[-0.741041,41.738623],[-0.741113,41.738634],[-0.741366,41.73863],[-0.741486,41.738632],[-0.741546,41.738642],[-0.741629,41.738653],[-0.741677,41.738663],[-0.741737,41.738673],[-0.741844,41.738702],[-0.741915,41.73873],[-0.741951,41.73874],[-0.74201,41.738777],[-0.742057,41.738805],[-0.742128,41.738843],[-0.742187,41.738862],[-0.742306,41.738891],[-0.742366,41.73891],[-0.742438,41.738921],[-0.742534,41.738932],[-0.742594,41.738924],[-0.742618,41.738924],[-0.742654,41.738916],[-0.742715,41.738908],[-0.742763,41.738891],[-0.742812,41.738874],[-0.742861,41.738857],[-0.74291,41.73884],[-0.742959,41.738814],[-0.743019,41.738797],[-0.743068,41.738771],[-0.743117,41.738754],[-0.743166,41.738728],[-0.743215,41.738711],[-0.743264,41.738685],[-0.743301,41.738659],[-0.74335,41.738633],[-0.743398,41.738615],[-0.743447,41.738589],[-0.743484,41.738563],[-0.743533,41.738537],[-0.74357,41.738511],[-0.743607,41.738484],[-0.743657,41.738449],[-0.743694,41.738423],[-0.743731,41.738388],[-0.743768,41.738362],[-0.743805,41.738326],[-0.743831,41.738291],[-0.743868,41.738255],[-0.743893,41.738229],[-0.743918,41.738202],[-0.743943,41.738158],[-0.743957,41.738122],[-0.74397,41.738086],[-0.743984,41.738042],[-0.743997,41.738015],[-0.74401,41.737979],[-0.744011,41.737943],[-0.744025,41.737898],[-0.744026,41.737853],[-0.74404,41.737818],[-0.744041,41.737773],[-0.744042,41.737737],[-0.744044,41.737692],[-0.744046,41.737647],[-0.744047,41.737611],[-0.744048,41.737566],[-0.74405,41.737521],[-0.744051,41.737485],[-0.744053,41.73744],[-0.744054,41.737395],[-0.744056,41.73735],[-0.744057,41.737314],[-0.744059,41.737269],[-0.744072,41.737224],[-0.744074,41.737188],[-0.744075,41.737143],[-0.744089,41.737107],[-0.74409,41.737062],[-0.744104,41.737017],[-0.744117,41.736981],[-0.744131,41.736937],[-0.744156,41.736901],[-0.744181,41.736857],[-0.744207,41.736821],[-0.744232,41.736786],[-0.744269,41.736759],[-0.744306,41.736724],[-0.744355,41.736698],[-0.74438,41.736671],[-0.744417,41.736654],[-0.744478,41.736637],[-0.744526,41.73662],[-0.744575,41.736612],[-0.744635,41.736595],[-0.744684,41.736578],[-0.744733,41.736561],[-0.744782,41.736535],[-0.744819,41.736509],[-0.744868,41.736483],[-0.744917,41.736457],[-0.744966,41.736431],[-0.745015,41.736405],[-0.745064,41.73637],[-0.745101,41.736343],[-0.745139,41.736308],[-0.745164,41.736273],[-0.745189,41.736237],[-0.745214,41.736201],[-0.745227,41.736175],[-0.745228,41.736157],[-0.745217,41.736129],[-0.745206,41.736102],[-0.745182,41.736084],[-0.745171,41.736066],[-0.745148,41.736047],[-0.745124,41.736029],[-0.745113,41.736001],[-0.74509,41.735983],[-0.745066,41.735964],[-0.745043,41.735946],[-0.74502,41.735927],[-0.744996,41.735909],[-0.744973,41.73589],[-0.744949,41.735881],[-0.744925,41.735872],[-0.744902,41.735853],[-0.744879,41.735835],[-0.744843,41.735825],[-0.744819,41.735815],[-0.744784,41.735797],[-0.74476,41.735787],[-0.744724,41.735778],[-0.744689,41.735768],[-0.744665,41.735758],[-0.744629,41.735749],[-0.744593,41.735739],[-0.74457,41.735729],[-0.744534,41.73572],[-0.744498,41.73571],[-0.744475,41.735692],[-0.744439,41.735682],[-0.744403,41.735672],[-0.74438,41.735654],[-0.744344,41.735644],[-0.744321,41.735626],[-0.744297,41.735607],[-0.744262,41.735588],[-0.744239,41.73557],[-0.744215,41.735551],[-0.744204,41.735533],[-0.74418,41.735515],[-0.744169,41.735487],[-0.744158,41.735469],[-0.744147,41.735442],[-0.744136,41.735415],[-0.744125,41.735387],[-0.744125,41.735369],[-0.744114,41.735342],[-0.744115,41.735324],[-0.744116,41.735306],[-0.744116,41.735279],[-0.744105,41.735252],[-0.744106,41.735225],[-0.744107,41.735198],[-0.744108,41.735171],[-0.744109,41.735144],[-0.74411,41.735117],[-0.744111,41.735099],[-0.744112,41.735072],[-0.744113,41.735045],[-0.744114,41.735018],[-0.744127,41.734991],[-0.744127,41.734964],[-0.744128,41.734937],[-0.744141,41.73491],[-0.744142,41.734892],[-0.744155,41.734866],[-0.744168,41.734839],[-0.744181,41.734812],[-0.744194,41.734785],[-0.744207,41.734768],[-0.744219,41.734741],[-0.744232,41.734714],[-0.744245,41.734696],[-0.744258,41.73467],[-0.744283,41.734652],[-0.744307,41.734635],[-0.74432,41.734608],[-0.744345,41.73459],[-0.744382,41.734573],[-0.744406,41.734555],[-0.744431,41.734538],[-0.744456,41.73452],[-0.74448,41.734503],[-0.744517,41.734486],[-0.744541,41.734477],[-0.744566,41.73446],[-0.744602,41.734451],[-0.744627,41.734434],[-0.744651,41.734425],[-0.744676,41.734417],[-0.7447,41.734399],[-0.744737,41.734391],[-0.744761,41.734382],[-0.744798,41.734365],[-0.744822,41.734356],[-0.744858,41.734348],[-0.744895,41.73434],[-0.744919,41.734322],[-0.744956,41.734314],[-0.74498,41.734306],[-0.745017,41.734297],[-0.745041,41.73428],[-0.745078,41.734271],[-0.745102,41.734254],[-0.745127,41.734236],[-0.745152,41.734219],[-0.745176,41.734201],[-0.745201,41.734184],[-0.745238,41.734166],[-0.745262,41.734149],[-0.745287,41.734131],[-0.745311,41.734123],[-0.745336,41.734105],[-0.745373,41.734088],[-0.745397,41.734071],[-0.745434,41.734062],[-0.745458,41.734045],[-0.745495,41.734036],[-0.745531,41.734028],[-0.745567,41.734029],[-0.745603,41.734021],[-0.745628,41.734012],[-0.745664,41.734013],[-0.7457,41.734013],[-0.745736,41.734014],[-0.745772,41.734015],[-0.745808,41.734016],[-0.745844,41.734016],[-0.74588,41.734026],[-0.745916,41.734027],[-0.74594,41.734036],[-0.745975,41.734046],[-0.746011,41.734065],[-0.746022,41.734083],[-0.746033,41.734101],[-0.746033,41.734119],[-0.74602,41.734146],[-0.746019,41.734164],[-0.746018,41.734191],[-0.746017,41.734218],[-0.746004,41.734245],[-0.746003,41.734272],[-0.746002,41.734299],[-0.746002,41.734317],[-0.745989,41.734334],[-0.745988,41.734361],[-0.745987,41.734388],[-0.745986,41.734415],[-0.745986,41.734433],[-0.745985,41.734451],[-0.752605,41.73151],[-0.752862,41.731029],[-0.752875,41.731002],[-0.752912,41.730976],[-0.752936,41.730958],[-0.752985,41.730941],[-0.753034,41.730933],[-0.753094,41.730925],[-0.753142,41.730926],[-0.753226,41.730928],[-0.753262,41.730928],[-0.753346,41.730948],[-0.753429,41.730968],[-0.753513,41.730987],[-0.75356,41.731015],[-0.753607,41.731034],[-0.753678,41.731081],[-0.7539,41.731247],[-0.753982,41.731303],[-0.754018,41.731322],[-0.754077,41.73135],[-0.754196,41.731397],[-0.754433,41.731483],[-0.754611,41.731549],[-0.754979,41.731701],[-0.755097,41.731748],[-0.755157,41.731767],[-0.755252,41.731796],[-0.755335,41.731825],[-0.755383,41.731835],[-0.755478,41.731854],[-0.755526,41.731855],[-0.755598,41.731857],[-0.755646,41.731858],[-0.755719,41.731832],[-0.755781,41.731797],[-0.75583,41.731771],[-0.755916,41.731701],[-0.755978,41.731648],[-0.756003,41.731631],[-0.756029,41.731586],[-0.756066,41.731533],[-0.756108,41.731389],[-0.756135,41.7313],[-0.756165,41.73112],[-0.756213,41.73077],[-0.756227,41.730716],[-0.756255,41.7306],[-0.756295,41.730483],[-0.756387,41.73026],[-0.756453,41.73009],[-0.756481,41.729992],[-0.756482,41.729965],[-0.756483,41.729938],[-0.75646,41.729901],[-0.756437,41.729856],[-0.756381,41.729756],[-0.756347,41.729701],[-0.756336,41.729656],[-0.756338,41.72962],[-0.75635,41.729593],[-0.756376,41.729557],[-0.7564,41.72954],[-0.756437,41.729523],[-0.756474,41.729505],[-0.756522,41.729497],[-0.756582,41.729498],[-0.75663,41.729508],[-0.756737,41.729528],[-0.757692,41.729736],[-0.758738,41.72973],[-0.75881,41.729731],[-0.758846,41.729732],[-0.75893,41.729742],[-0.759062,41.729754],[-0.759313,41.729795],[-0.759445,41.729815],[-0.759504,41.729826],[-0.759601,41.729828],[-0.759661,41.729829],[-0.759733,41.729821],[-0.759829,41.729814],[-0.75989,41.729797],[-0.759926,41.729789],[-0.759999,41.729763],[-0.760061,41.729737],[-0.760122,41.729703],[-0.760195,41.729659],[-0.760319,41.729562],[-0.760393,41.729519],[-0.76043,41.729492],[-0.760491,41.729467],[-0.760735,41.729354],[-0.760857,41.729303],[-0.76104,41.729225],[-0.761162,41.729174],[-0.761223,41.729157],[-0.76132,41.729132],[-0.761441,41.729098],[-0.761514,41.729081],[-0.761599,41.729065],[-0.761695,41.729058],[-0.761743,41.729059],[-0.761791,41.72906],[-0.761827,41.72906],[-0.761899,41.729071],[-0.761935,41.729081],[-0.762006,41.729109],[-0.762207,41.729194],[-0.762279,41.729222],[-0.762314,41.729232],[-0.762362,41.729242],[-0.762434,41.729252],[-0.762686,41.729266],[-0.763178,41.729294],[-0.763538,41.729319],[-0.763813,41.729342],[-0.764389,41.72939],[-0.764808,41.729425],[-0.76494,41.729436],[-0.765024,41.729438],[-0.765205,41.729432],[-0.765289,41.729434],[-0.765458,41.729419],[-0.765639,41.729405],[-0.765747,41.729389],[-0.765989,41.729358],[-0.766037,41.72935],[-0.766098,41.729324],[-0.766171,41.729298],[-0.766318,41.729229],[-0.766391,41.729194],[-0.766428,41.729177],[-0.766489,41.72916],[-0.766658,41.729127],[-0.766755,41.729111],[-0.766888,41.729087],[-0.766984,41.72908],[-0.767032,41.729081],[-0.767093,41.729082],[-0.767189,41.729084],[-0.767225,41.729084],[-0.767296,41.729095],[-0.767356,41.729114],[-0.767404,41.729124],[-0.767475,41.729143],[-0.767522,41.729171],[-0.767641,41.729228],[-0.767699,41.729265],[-0.767722,41.729292],[-0.767781,41.729338],[-0.767816,41.729375],[-0.767851,41.729394],[-0.767887,41.729404],[-0.767923,41.729413],[-0.767971,41.729414],[-0.768007,41.729406],[-0.768079,41.729398],[-0.768116,41.72939],[-0.768189,41.729373],[-0.768395,41.729305],[-0.768468,41.72928],[-0.768626,41.729238],[-0.768735,41.729204],[-0.768845,41.72917],[-0.768894,41.729144],[-0.769346,41.728937],[-0.777585,41.72571],[-0.784567,41.723684],[-0.790656,41.722108],[-0.790727,41.722145],[-0.790774,41.722164],[-0.790847,41.722156],[-0.790908,41.722131],[-0.790957,41.722095],[-0.790994,41.72206],[-0.791044,41.721998],[-0.791083,41.721918],[-0.791906,41.722105],[-0.792324,41.722203],[-0.792419,41.722214],[-0.792422,41.722151],[-0.792412,41.722069],[-0.792308,41.721959],[-0.79211,41.721766],[-0.792078,41.721658],[-0.792148,41.721371],[-0.792217,41.721093],[-0.792262,41.720851],[-0.792317,41.720654],[-0.792412,41.720313],[-0.792358,41.720141],[-0.792589,41.720064],[-0.793001,41.719964],[-0.793207,41.719914],[-0.793342,41.719854],[-0.793423,41.719936],[-0.793885,41.719774],[-0.794299,41.719629],[-0.79448,41.719605],[-0.794928,41.719506],[-0.795038,41.719472],[-0.795182,41.719466],[-0.795337,41.719496],[-0.795495,41.719472],[-0.795831,41.719487],[-0.79595,41.719174],[-0.796093,41.718844],[-0.796145,41.718746],[-0.796329,41.718614],[-0.796419,41.718445],[-0.7965,41.718194],[-0.796622,41.717791],[-0.796811,41.717182],[-0.796815,41.717065],[-0.796825,41.716759],[-0.796919,41.716482],[-0.796428,41.716419],[-0.796685,41.715946],[-0.79635,41.715904],[-0.796367,41.715742],[-0.796457,41.715591],[-0.796547,41.715412],[-0.796662,41.715216],[-0.796776,41.715056],[-0.796901,41.714897],[-0.796642,41.714748],[-0.796373,41.714535],[-0.796561,41.714305],[-0.796762,41.714056],[-0.796962,41.713808],[-0.79729,41.714075],[-0.797675,41.714407],[-0.797748,41.714399],[-0.797812,41.714275],[-0.798001,41.714017],[-0.798051,41.713964],[-0.798213,41.713796],[-0.797887,41.713483],[-0.797621,41.713172],[-0.797564,41.713081],[-0.797063,41.71263],[-0.798183,41.712219],[-0.798456,41.712306],[-0.799094,41.712633],[-0.799563,41.712624],[-0.799622,41.712652],[-0.799839,41.71299],[-0.800278,41.713169],[-0.79995,41.713271],[-0.799706,41.713365],[-0.799715,41.713456],[-0.799737,41.71351],[-0.799759,41.713564],[-0.799782,41.713619],[-0.799838,41.713719],[-0.799872,41.713783],[-0.799894,41.713846],[-0.79995,41.713955],[-0.800018,41.714092],[-0.800052,41.714155],[-0.800085,41.714228],[-0.800119,41.714292],[-0.800176,41.714401],[-0.800221,41.714492],[-0.800299,41.714665],[-0.800332,41.714737],[-0.800365,41.714837],[-0.800432,41.714991],[-0.800455,41.715019],[-0.800477,41.715073],[-0.800533,41.7152],[-0.800679,41.715491],[-0.800736,41.715583],[-0.80077,41.715664],[-0.800803,41.715737],[-0.800836,41.715819],[-0.80096,41.716064],[-0.801005,41.716164],[-0.801039,41.716228],[-0.80106,41.7163],[-0.801095,41.716355],[-0.801129,41.71641],[-0.801186,41.716492],[-0.801632,41.716464],[-0.801728,41.716448],[-0.802165,41.716348],[-0.802418,41.717029],[-0.802353,41.717163],[-0.80234,41.717207],[-0.802337,41.71727],[-0.802371,41.717334],[-0.802394,41.717389],[-0.802368,41.717424],[-0.802295,41.717459],[-0.802403,41.71783],[-0.8024,41.717902],[-0.802304,41.717909],[-0.802135,41.717915],[-0.801701,41.717952],[-0.801604,41.717977],[-0.80175,41.718277],[-0.801943,41.718605],[-0.802045,41.718805],[-0.802067,41.71885],[-0.802074,41.718995],[-0.802103,41.719202],[-0.802145,41.719383],[-0.802154,41.719464],[-0.802177,41.71951],[-0.802233,41.719637],[-0.802267,41.719701],[-0.802325,41.719756],[-0.802359,41.71982],[-0.802403,41.719938],[-0.802458,41.720083],[-0.802512,41.720615],[-0.802516,41.72084],[-0.802485,41.721407],[-0.802459,41.721821],[-0.802418,41.722315],[-0.802758,41.722574],[-0.80292,41.722757],[-0.803283,41.723035],[-0.803553,41.723238],[-0.803799,41.723423],[-0.804103,41.723672],[-0.804395,41.723911],[-0.804864,41.724272],[-0.805311,41.724559],[-0.805734,41.724847],[-0.806063,41.725051],[-0.80631,41.725218],[-0.806522,41.725339],[-0.806782,41.725479],[-0.807122,41.725396],[-0.807231,41.725371],[-0.807339,41.725355],[-0.80729,41.72575],[-0.807254,41.726101],[-0.80725,41.726209],[-0.807219,41.726424],[-0.807192,41.726496],[-0.80719,41.726568],[-0.807173,41.726702],[-0.80716,41.726747],[-0.807157,41.726837],[-0.807152,41.726963],[-0.807142,41.72726],[-0.80725,41.727262],[-0.807347,41.727246],[-0.807444,41.72723],[-0.807613,41.727206],[-0.807746,41.7272],[-0.808095,41.727188],[-0.808204,41.727154],[-0.808324,41.727148],[-0.808433,41.72715],[-0.808685,41.727155],[-0.808852,41.727176],[-0.808972,41.727196],[-0.809067,41.727216],[-0.80914,41.727217],[-0.809524,41.727225],[-0.809656,41.727218],[-0.809766,41.727184],[-0.80985,41.727177],[-0.809898,41.727187],[-0.80997,41.727197],[-0.810029,41.727216],[-0.810366,41.727205],[-0.810332,41.72715],[-0.810322,41.727096],[-0.810324,41.727033],[-0.810326,41.726979],[-0.810306,41.726852],[-0.810298,41.726726],[-0.810291,41.726582],[-0.810271,41.726473],[-0.810273,41.726419],[-0.810275,41.726338],[-0.810277,41.726284],[-0.810291,41.726249],[-0.810293,41.726177],[-0.810486,41.726171],[-0.810642,41.726174],[-0.81081,41.726168],[-0.811051,41.726173],[-0.811183,41.726176],[-0.811423,41.72618],[-0.811567,41.726174],[-0.811676,41.726167],[-0.811796,41.726169],[-0.811892,41.726162],[-0.812061,41.726156],[-0.812169,41.726149],[-0.81241,41.726154],[-0.812542,41.726147],[-0.812614,41.726149],[-0.812711,41.726142],[-0.812855,41.726144],[-0.812975,41.726147],[-0.813216,41.726142],[-0.81336,41.726136],[-0.813396,41.726128],[-0.813529,41.726121],[-0.813565,41.726131],[-0.813721,41.726125],[-0.813938,41.72612],[-0.814155,41.726106],[-0.814371,41.726092],[-0.814829,41.726065],[-0.816405,41.723906],[-0.817602,41.724064],[-0.817551,41.724135],[-0.817513,41.724198],[-0.817476,41.724242],[-0.817451,41.724268],[-0.817425,41.724313],[-0.817412,41.72434],[-0.817386,41.724402],[-0.81737,41.72451],[-0.817378,41.724654],[-0.817384,41.724826],[-0.817382,41.724889],[-0.81738,41.724925],[-0.817367,41.72496],[-0.817354,41.724987],[-0.81734,41.725041],[-0.817314,41.725103],[-0.817276,41.725157],[-0.817263,41.725184],[-0.817225,41.725246],[-0.817137,41.72537],[-0.817124,41.725397],[-0.817086,41.725459],[-0.817008,41.725629],[-0.817056,41.72563],[-0.817223,41.725669],[-0.817366,41.725699],[-0.81751,41.725711],[-0.817653,41.72574],[-0.817832,41.725789],[-0.817976,41.725801],[-0.818108,41.725812],[-0.818251,41.725833],[-0.818419,41.725863],[-0.818586,41.725893],[-0.818766,41.725915],[-0.818945,41.725945],[-0.819316,41.725997],[-0.819424,41.726008],[-0.819507,41.726028],[-0.819543,41.726037],[-0.819614,41.726066],[-0.819782,41.726078],[-0.819986,41.7261],[-0.820177,41.72614],[-0.820392,41.72618],[-0.820583,41.726201],[-0.820763,41.726232],[-0.821048,41.726309],[-0.82136,41.726342],[-0.821539,41.726373],[-0.821742,41.726412],[-0.822101,41.726473],[-0.822352,41.726514],[-0.822543,41.726545],[-0.822902,41.726597],[-0.82344,41.726697],[-0.822722,41.727314],[-0.82226,41.727818],[-0.822027,41.7283],[-0.821894,41.729378],[-0.821774,41.729394],[-0.821532,41.729435],[-0.821471,41.729451],[-0.820226,41.729662],[-0.819839,41.729727],[-0.819312,41.730014],[-0.819226,41.730066],[-0.818785,41.730319],[-0.818589,41.730432],[-0.818295,41.730589],[-0.818025,41.730755],[-0.817951,41.73079],[-0.817853,41.730851],[-0.817828,41.730868],[-0.817321,41.731291],[-0.816813,41.73175],[-0.816391,41.73212],[-0.816242,41.732252],[-0.815784,41.732658],[-0.815648,41.732763],[-0.814918,41.733371],[-0.814362,41.733819],[-0.814337,41.733846],[-0.814053,41.734066],[-0.8139,41.734315],[-0.813849,41.734395],[-0.813773,41.734511],[-0.813646,41.734724],[-0.813658,41.735058],[-0.813722,41.735663],[-0.813731,41.735744],[-0.813644,41.735841],[-0.813447,41.735982],[-0.81288,41.736394],[-0.811993,41.736999],[-0.810935,41.737717],[-0.810738,41.737857],[-0.810528,41.738006],[-0.810134,41.738269],[-0.809906,41.738976],[-0.809411,41.740435],[-0.810454,41.741598],[-0.810744,41.741919],[-0.810859,41.742056],[-0.811046,41.742231],[-0.810818,41.742578],[-0.809893,41.743965],[-0.809745,41.744053],[-0.809708,41.744079],[-0.809241,41.744367],[-0.808088,41.745057],[-0.807621,41.745336],[-0.806786,41.745842],[-0.805583,41.746567],[-0.805301,41.746724],[-0.805178,41.746793],[-0.804955,41.748059],[-0.804894,41.748418],[-0.804835,41.74875],[-0.804687,41.749567],[-0.804417,41.750426],[-0.804249,41.751108],[-0.804194,41.751314],[-0.805065,41.753636],[-0.80477,41.75418],[-0.803819,41.755963],[-0.803577,41.757066],[-0.803517,41.757425],[-0.803207,41.759112],[-0.803191,41.759202],[-0.802939,41.760602],[-0.80288,41.760925],[-0.802867,41.760961],[-0.802853,41.761024],[-0.802851,41.76106],[-0.802778,41.761437],[-0.802764,41.76149],[-0.802736,41.761616],[-0.802817,41.761699],[-0.802923,41.761791],[-0.802981,41.761855],[-0.803015,41.761892],[-0.803109,41.761974],[-0.803213,41.762084],[-0.80326,41.76213],[-0.803295,41.762158],[-0.80333,41.762195],[-0.803423,41.762287],[-0.803459,41.762296],[-0.803743,41.762788],[-0.804084,41.763362],[-0.804201,41.763454],[-0.804283,41.763528],[-0.804423,41.763639],[-0.804657,41.763841],[-0.804797,41.763961],[-0.804833,41.76398],[-0.804985,41.764109],[-0.805032,41.764137],[-0.806647,41.765446],[-0.806903,41.766064],[-0.806958,41.7662],[-0.806957,41.766227],[-0.806976,41.76638],[-0.806975,41.766425],[-0.806985,41.76648],[-0.807012,41.766732],[-0.807019,41.766895],[-0.807138,41.767996],[-0.807085,41.76813],[-0.807072,41.768174],[-0.807045,41.768255],[-0.806965,41.76847],[-0.806872,41.768738],[-0.806858,41.768792],[-0.806844,41.768837],[-0.806765,41.769051],[-0.806672,41.769302],[-0.806647,41.769346],[-0.806554,41.769606],[-0.806487,41.769784],[-0.806409,41.769972],[-0.806105,41.770759],[-0.805698,41.771057],[-0.805439,41.77125],[-0.805291,41.771356],[-0.805266,41.771373],[-0.805192,41.771426],[-0.805057,41.771522],[-0.804859,41.771672],[-0.804748,41.771759],[-0.804624,41.771847],[-0.804587,41.771883],[-0.804526,41.771917],[-0.804068,41.772296],[-0.803475,41.772735],[-0.803451,41.772752],[-0.802758,41.773289],[-0.801968,41.773877],[-0.801252,41.77443],[-0.80135,41.77473],[-0.801411,41.775046],[-0.801468,41.775488],[-0.801563,41.77622],[-0.80151,41.776723],[-0.801427,41.777397],[-0.801406,41.777649],[-0.801404,41.777721],[-0.801389,41.777792],[-0.801388,41.777846],[-0.801288,41.777953],[-0.801175,41.778068],[-0.801149,41.77813],[-0.801059,41.778299],[-0.80102,41.77838],[-0.800889,41.77871],[-0.800822,41.778889],[-0.800769,41.779041],[-0.800743,41.779095],[-0.800666,41.779256],[-0.800625,41.779372],[-0.800573,41.779506],[-0.800494,41.779703],[-0.80048,41.779765],[-0.800466,41.779801],[-0.800427,41.779908],[-0.800308,41.780212],[-0.800087,41.780704],[-0.799702,41.781381],[-0.799322,41.781598],[-0.799149,41.781721],[-0.798867,41.781878],[-0.798486,41.782123],[-0.798164,41.782396],[-0.797878,41.782643],[-0.797742,41.782757],[-0.797631,41.782845],[-0.796973,41.783445],[-0.796661,41.783745],[-0.796707,41.783818],[-0.797626,41.784736],[-0.798056,41.785195],[-0.798568,41.7857],[-0.798867,41.78576],[-0.799463,41.785915],[-0.800012,41.786034],[-0.800322,41.786121],[-0.80086,41.786239],[-0.802655,41.787219],[-0.802809,41.787303],[-0.802963,41.787387],[-0.803069,41.787443],[-0.803136,41.787958],[-0.803144,41.788075],[-0.803188,41.788526],[-0.803207,41.788689],[-0.803283,41.789267],[-0.803352,41.789727],[-0.803348,41.790547],[-0.803351,41.791177],[-0.803353,41.791465],[-0.803342,41.791771],[-0.803215,41.791976],[-0.80296,41.792404],[-0.802501,41.793142],[-0.802572,41.79318],[-0.80293,41.793277],[-0.803061,41.793315],[-0.802937,41.793754],[-0.802924,41.793808],[-0.802524,41.795295],[-0.802483,41.795439],[-0.802379,41.795662],[-0.802253,41.795812],[-0.802021,41.795925],[-0.801418,41.79595],[-0.800718,41.795999],[-0.800055,41.796032],[-0.799585,41.796068],[-0.799025,41.796246],[-0.798282,41.79652],[-0.797672,41.796733],[-0.797636,41.796742],[-0.797526,41.796785],[-0.797087,41.796947],[-0.796831,41.79705],[-0.796648,41.797128],[-0.796402,41.796925]]]}},{"type":"Feature","properties":{"name":"San Gregorio","kind":"vecinal","id":24},"geometry":{"type":"Polygon","coordinates":[[[-0.86269,41.705928],[-0.862222,41.705442],[-0.861908,41.705312],[-0.861446,41.705809],[-0.860825,41.706112],[-0.859988,41.70603],[-0.856906,41.705715],[-0.856987,41.705182],[-0.856371,41.70496],[-0.855975,41.70461],[-0.855392,41.704169],[-0.854728,41.703861],[-0.854026,41.703543],[-0.854395,41.702767],[-0.855317,41.701849],[-0.855566,41.701224],[-0.854725,41.701266],[-0.853197,41.700601],[-0.854818,41.697046],[-0.856541,41.693226],[-0.856876,41.692478],[-0.857131,41.691932],[-0.85749,41.69115],[-0.85776,41.690545],[-0.857989,41.690044],[-0.858034,41.689958],[-0.858144,41.689717],[-0.858352,41.689263],[-0.858638,41.68862],[-0.859016,41.687852],[-0.859146,41.687568],[-0.859966,41.687911],[-0.860309,41.688038],[-0.860667,41.688161],[-0.860737,41.688266],[-0.860882,41.688241],[-0.860923,41.688222],[-0.861117,41.688434],[-0.861339,41.688562],[-0.861391,41.688474],[-0.861435,41.688398],[-0.861499,41.688288],[-0.861641,41.688038],[-0.861886,41.688235],[-0.862234,41.688567],[-0.862457,41.688588],[-0.862602,41.68868],[-0.862806,41.688733],[-0.863022,41.6888],[-0.86317,41.688894],[-0.863341,41.688937],[-0.863555,41.688972],[-0.863695,41.68927],[-0.864181,41.689191],[-0.864165,41.689684],[-0.864129,41.689953],[-0.86421,41.690124],[-0.864492,41.690521],[-0.865088,41.690828],[-0.86528,41.690905],[-0.865505,41.690941],[-0.865593,41.691025],[-0.865672,41.691214],[-0.865771,41.691483],[-0.86603,41.691511],[-0.866357,41.691568],[-0.866488,41.69139],[-0.866582,41.69127],[-0.866693,41.691192],[-0.866821,41.69114],[-0.867101,41.691106],[-0.867438,41.691018],[-0.867473,41.69097],[-0.867713,41.690869],[-0.867829,41.690833],[-0.868214,41.691016],[-0.868322,41.691165],[-0.868445,41.691337],[-0.868735,41.69146],[-0.868946,41.691618],[-0.869025,41.69187],[-0.869276,41.691974],[-0.869355,41.692083],[-0.869464,41.692653],[-0.86932,41.692688],[-0.869196,41.692765],[-0.869117,41.6929],[-0.869126,41.693082],[-0.869303,41.693333],[-0.86951,41.693527],[-0.869955,41.693777],[-0.870148,41.693799],[-0.869773,41.695546],[-0.869502,41.696733],[-0.869201,41.69788],[-0.869024,41.698761],[-0.868888,41.699374],[-0.868648,41.699946],[-0.868325,41.700484],[-0.867626,41.701553],[-0.866917,41.702613],[-0.866008,41.704002],[-0.865297,41.705094],[-0.864615,41.706146],[-0.86386,41.705949],[-0.863266,41.706205],[-0.86269,41.705928]]]}},{"type":"Feature","properties":{"name":"San Juan Mozarrifar","kind":"vecinal","id":25},"geometry":{"type":"Polygon","coordinates":[[[-0.859469,41.740412],[-0.859212,41.740335],[-0.858277,41.73947],[-0.856929,41.738711],[-0.855033,41.73759],[-0.853582,41.73682],[-0.851754,41.735858],[-0.850763,41.735341],[-0.850686,41.735301],[-0.850643,41.735279],[-0.850472,41.735189],[-0.850114,41.735003],[-0.849847,41.734866],[-0.849219,41.734545],[-0.848631,41.734123],[-0.848348,41.733929],[-0.848139,41.733821],[-0.846218,41.732896],[-0.845883,41.732809],[-0.844354,41.732406],[-0.844233,41.73239],[-0.843989,41.732314],[-0.839984,41.731197],[-0.839487,41.73107],[-0.839451,41.73107],[-0.839302,41.731017],[-0.83923,41.731003],[-0.838661,41.730814],[-0.837528,41.730438],[-0.836638,41.730143],[-0.831343,41.728385],[-0.83008,41.727935],[-0.82993,41.727882],[-0.829081,41.727579],[-0.829008,41.727553],[-0.828758,41.727464],[-0.827664,41.727074],[-0.827564,41.727055],[-0.827427,41.727025],[-0.826825,41.726995],[-0.826368,41.727881],[-0.826313,41.727981],[-0.826188,41.728207],[-0.825777,41.72866],[-0.825592,41.728864],[-0.825558,41.728902],[-0.825488,41.728979],[-0.823376,41.729209],[-0.823133,41.729236],[-0.822875,41.729264],[-0.821893,41.729378],[-0.822025,41.7283],[-0.822263,41.727817],[-0.822723,41.727317],[-0.823444,41.726695],[-0.823518,41.726628],[-0.824267,41.726064],[-0.824841,41.725593],[-0.82516,41.725036],[-0.825431,41.724623],[-0.825682,41.724194],[-0.826191,41.723738],[-0.827487,41.722846],[-0.82965,41.721682],[-0.830239,41.721371],[-0.830402,41.721314],[-0.830514,41.72118],[-0.830643,41.720853],[-0.830753,41.720461],[-0.830805,41.719875],[-0.830602,41.718899],[-0.830277,41.718041],[-0.829852,41.717262],[-0.829702,41.716953],[-0.829666,41.71676],[-0.829707,41.716285],[-0.829736,41.715434],[-0.830044,41.714602],[-0.830113,41.714436],[-0.830058,41.714108],[-0.83013,41.713267],[-0.829978,41.711948],[-0.830026,41.711826],[-0.830125,41.711803],[-0.830382,41.711628],[-0.830528,41.711508],[-0.830602,41.711248],[-0.83065,41.711134],[-0.83071,41.710972],[-0.83071,41.710628],[-0.83066,41.710194],[-0.830647,41.709908],[-0.830522,41.709414],[-0.830446,41.709349],[-0.830383,41.709206],[-0.830122,41.708817],[-0.829802,41.708143],[-0.829495,41.707599],[-0.829256,41.707081],[-0.828921,41.706344],[-0.828151,41.705329],[-0.8281,41.704846],[-0.827814,41.704188],[-0.827786,41.703042],[-0.827928,41.702402],[-0.828139,41.701733],[-0.828419,41.701377],[-0.828684,41.70105],[-0.829031,41.700695],[-0.829575,41.700062],[-0.830117,41.6995],[-0.830603,41.698987],[-0.830762,41.698669],[-0.831161,41.697943],[-0.831293,41.697604],[-0.831545,41.697393],[-0.83185,41.69715],[-0.8322,41.697026],[-0.832896,41.69675],[-0.83349,41.696481],[-0.833785,41.696249],[-0.83396,41.695967],[-0.8341,41.695857],[-0.83426,41.695747],[-0.83441,41.695633],[-0.834644,41.695601],[-0.834864,41.695594],[-0.835137,41.695442],[-0.835335,41.695336],[-0.835568,41.695223],[-0.835992,41.694715],[-0.836618,41.693933],[-0.836987,41.693463],[-0.837368,41.693179],[-0.837742,41.693067],[-0.838009,41.693006],[-0.838325,41.692953],[-0.838836,41.6927],[-0.839344,41.692527],[-0.84019,41.692281],[-0.840686,41.692005],[-0.841813,41.691102],[-0.842595,41.690477],[-0.843338,41.689669],[-0.843467,41.688987],[-0.843492,41.688246],[-0.843436,41.687163],[-0.843401,41.686513],[-0.843953,41.685706],[-0.844535,41.685034],[-0.845286,41.6844],[-0.845495,41.683397],[-0.845409,41.681951],[-0.845193,41.681027],[-0.844515,41.679686],[-0.844071,41.679182],[-0.84365,41.678842],[-0.843542,41.678611],[-0.84358,41.67805],[-0.843698,41.677144],[-0.847679,41.6778],[-0.853739,41.678799],[-0.852979,41.682793],[-0.850736,41.686852],[-0.850374,41.687293],[-0.850215,41.687481],[-0.850141,41.687538],[-0.850026,41.687581],[-0.849764,41.687666],[-0.849595,41.687713],[-0.849388,41.687776],[-0.84917,41.687849],[-0.848901,41.68797],[-0.848038,41.688467],[-0.847431,41.688816],[-0.847243,41.68888],[-0.846987,41.688979],[-0.846572,41.689169],[-0.846318,41.689292],[-0.846376,41.689383],[-0.846467,41.689448],[-0.846838,41.689582],[-0.847098,41.689688],[-0.847137,41.689828],[-0.847287,41.68991],[-0.847323,41.689894],[-0.847381,41.689838],[-0.847618,41.689933],[-0.848249,41.69033],[-0.84827,41.690404],[-0.84819,41.690508],[-0.848601,41.690645],[-0.849372,41.690887],[-0.852123,41.691787],[-0.855236,41.692801],[-0.856541,41.693226],[-0.854818,41.697046],[-0.853197,41.700601],[-0.854725,41.701266],[-0.855566,41.701224],[-0.855317,41.701849],[-0.854395,41.702767],[-0.854026,41.703543],[-0.854728,41.703861],[-0.855392,41.704169],[-0.855975,41.70461],[-0.856371,41.70496],[-0.856987,41.705182],[-0.856906,41.705715],[-0.859988,41.70603],[-0.860825,41.706112],[-0.861446,41.705809],[-0.861908,41.705312],[-0.862222,41.705442],[-0.86269,41.705928],[-0.863266,41.706205],[-0.86386,41.705949],[-0.864615,41.706146],[-0.863921,41.707216],[-0.863294,41.708341],[-0.862503,41.709336],[-0.860556,41.712142],[-0.859181,41.714201],[-0.857761,41.716353],[-0.856862,41.718042],[-0.855967,41.719635],[-0.855069,41.721292],[-0.853499,41.724136],[-0.852659,41.725725],[-0.852065,41.726832],[-0.851776,41.727393],[-0.851594,41.728009],[-0.851817,41.728337],[-0.852644,41.729431],[-0.854396,41.731351],[-0.855113,41.73251],[-0.856485,41.73528],[-0.856922,41.736496],[-0.857284,41.736965],[-0.858087,41.737933],[-0.858808,41.73899],[-0.85957,41.740445],[-0.859469,41.740412]]]}},{"type":"Feature","properties":{"name":"Torrecilla de Valmadrid","kind":"vecinal","id":26},"geometry":{"type":"Polygon","coordinates":[[[-0.859653,41.517657],[-0.858947,41.517421],[-0.857424,41.517131],[-0.856724,41.516928],[-0.855256,41.516405],[-0.853784,41.516005],[-0.852414,41.515834],[-0.850833,41.516239],[-0.849179,41.516353],[-0.847704,41.516056],[-0.846996,41.515816],[-0.84646,41.515392],[-0.845252,41.514522],[-0.844366,41.513864],[-0.843401,41.513274],[-0.842991,41.513343],[-0.842775,41.513415],[-0.84268,41.513442],[-0.84255,41.51348],[-0.842446,41.513487],[-0.842274,41.513461],[-0.842168,41.51339],[-0.842041,41.513303],[-0.841931,41.513234],[-0.841883,41.513183],[-0.841687,41.512994],[-0.841591,41.512888],[-0.841483,41.512794],[-0.841307,41.512662],[-0.841122,41.512528],[-0.840862,41.512375],[-0.840586,41.512202],[-0.840316,41.512039],[-0.83999,41.51188],[-0.839739,41.511759],[-0.839427,41.511663],[-0.839279,41.511626],[-0.839159,41.51158],[-0.83904,41.511524],[-0.83891,41.511443],[-0.838705,41.51135],[-0.838566,41.511304],[-0.838472,41.511282],[-0.838406,41.511266],[-0.838154,41.511203],[-0.837964,41.51112],[-0.837857,41.511039],[-0.837702,41.510901],[-0.837474,41.510688],[-0.837256,41.510473],[-0.837097,41.510331],[-0.836986,41.510272],[-0.83691,41.51025],[-0.836745,41.510197],[-0.836602,41.510157],[-0.836532,41.510124],[-0.836487,41.510077],[-0.836436,41.509882],[-0.836428,41.509746],[-0.836418,41.509613],[-0.836371,41.509472],[-0.83629,41.509304],[-0.836192,41.509156],[-0.836094,41.508947],[-0.836045,41.508801],[-0.835949,41.508638],[-0.835822,41.508422],[-0.835739,41.508273],[-0.835627,41.508111],[-0.835374,41.507884],[-0.83522,41.507743],[-0.834993,41.50758],[-0.834899,41.507516],[-0.834809,41.507433],[-0.834726,41.507313],[-0.834667,41.507139],[-0.834681,41.507043],[-0.834756,41.506934],[-0.834815,41.506868],[-0.834875,41.506802],[-0.834961,41.506649],[-0.83497,41.506571],[-0.834982,41.506471],[-0.834987,41.506398],[-0.834987,41.506356],[-0.835064,41.506238],[-0.835209,41.506151],[-0.835297,41.506109],[-0.835296,41.50604],[-0.83524,41.505947],[-0.835157,41.505815],[-0.835071,41.50571],[-0.834974,41.50562],[-0.834885,41.505556],[-0.834852,41.505484],[-0.834821,41.505399],[-0.834758,41.505291],[-0.834684,41.505223],[-0.834561,41.505134],[-0.834403,41.505011],[-0.834244,41.5049],[-0.834049,41.504745],[-0.834019,41.504724],[-0.833976,41.504691],[-0.83393,41.504648],[-0.833839,41.504541],[-0.833773,41.504456],[-0.833725,41.504402],[-0.83366,41.504348],[-0.833599,41.504317],[-0.83354,41.504292],[-0.833383,41.504232],[-0.833303,41.504204],[-0.832923,41.504084],[-0.832788,41.504042],[-0.83269,41.504014],[-0.832474,41.50394],[-0.832359,41.503898],[-0.832264,41.503869],[-0.832197,41.503851],[-0.832123,41.503835],[-0.832034,41.503812],[-0.831944,41.503798],[-0.831863,41.503783],[-0.83177,41.503759],[-0.831666,41.503721],[-0.8316,41.503692],[-0.831565,41.503675],[-0.831226,41.503458],[-0.831116,41.503387],[-0.83105,41.503346],[-0.830933,41.503267],[-0.830914,41.503252],[-0.830858,41.503168],[-0.830807,41.50308],[-0.830763,41.503014],[-0.830658,41.502915],[-0.830612,41.502876],[-0.830568,41.502836],[-0.830528,41.502777],[-0.830496,41.502696],[-0.830471,41.50261],[-0.830446,41.502533],[-0.830414,41.502448],[-0.830395,41.502382],[-0.830344,41.502299],[-0.830323,41.502278],[-0.830256,41.502266],[-0.830175,41.502269],[-0.830017,41.502305],[-0.82992,41.502336],[-0.829841,41.502352],[-0.829772,41.502355],[-0.829738,41.502343],[-0.829572,41.502221],[-0.8295,41.502166],[-0.829283,41.502031],[-0.829158,41.501955],[-0.829045,41.501882],[-0.828815,41.501753],[-0.828693,41.501687],[-0.828393,41.501544],[-0.828251,41.501478],[-0.828138,41.501429],[-0.828,41.501354],[-0.827896,41.501292],[-0.827734,41.501215],[-0.827657,41.501176],[-0.827572,41.501143],[-0.82747,41.501109],[-0.826785,41.501053],[-0.82665,41.501043],[-0.826531,41.501042],[-0.826495,41.501038],[-0.82643,41.501015],[-0.826323,41.500965],[-0.826019,41.500749],[-0.825921,41.500676],[-0.8258,41.500594],[-0.825678,41.500528],[-0.825549,41.500466],[-0.825318,41.500379],[-0.824852,41.500216],[-0.824709,41.500168],[-0.824585,41.500119],[-0.824477,41.500061],[-0.824378,41.499995],[-0.824275,41.499944],[-0.824133,41.499897],[-0.823979,41.499869],[-0.823846,41.499833],[-0.823587,41.499727],[-0.82346,41.499668],[-0.823284,41.499601],[-0.823129,41.499551],[-0.822851,41.499411],[-0.822697,41.499329],[-0.822475,41.499232],[-0.822355,41.499187],[-0.822226,41.499126],[-0.822126,41.49907],[-0.82209,41.499058],[-0.822015,41.499036],[-0.821844,41.498981],[-0.821671,41.498919],[-0.821551,41.498868],[-0.821429,41.498825],[-0.821318,41.498795],[-0.821189,41.498753],[-0.82108,41.498706],[-0.820936,41.498671],[-0.820757,41.498629],[-0.82064,41.498606],[-0.820425,41.498581],[-0.820295,41.498571],[-0.820175,41.49862],[-0.820044,41.498624],[-0.819903,41.49862],[-0.819777,41.498638],[-0.819669,41.498716],[-0.819582,41.498807],[-0.819501,41.498921],[-0.819443,41.499032],[-0.819395,41.49912],[-0.819364,41.49916],[-0.819332,41.499183],[-0.81928,41.499183],[-0.819207,41.499158],[-0.819137,41.499113],[-0.819025,41.499054],[-0.818942,41.499035],[-0.818847,41.49904],[-0.818781,41.499027],[-0.818706,41.498984],[-0.818564,41.498891],[-0.818425,41.498809],[-0.818348,41.498725],[-0.818257,41.49862],[-0.818163,41.498552],[-0.818017,41.498489],[-0.817851,41.498448],[-0.817696,41.498404],[-0.81755,41.498369],[-0.817382,41.49832],[-0.817248,41.498283],[-0.817159,41.498224],[-0.816986,41.498113],[-0.816781,41.498013],[-0.816588,41.49791],[-0.816421,41.497803],[-0.816291,41.497691],[-0.816129,41.497562],[-0.815948,41.497454],[-0.815784,41.497371],[-0.815725,41.497311],[-0.815666,41.497236],[-0.815596,41.497186],[-0.815485,41.497135],[-0.815387,41.497097],[-0.815269,41.49708],[-0.815169,41.497087],[-0.815041,41.497106],[-0.81494,41.497112],[-0.814847,41.497104],[-0.814671,41.497084],[-0.814505,41.497074],[-0.814542,41.497034],[-0.814571,41.496994],[-0.814595,41.496917],[-0.814608,41.496844],[-0.814631,41.49675],[-0.81466,41.496654],[-0.814696,41.496536],[-0.814725,41.496435],[-0.81474,41.496323],[-0.81477,41.496238],[-0.814822,41.496166],[-0.814931,41.496084],[-0.815081,41.495981],[-0.815197,41.495896],[-0.815244,41.49583],[-0.81525,41.495767],[-0.815235,41.49571],[-0.815232,41.495627],[-0.815249,41.495538],[-0.815279,41.495473],[-0.815281,41.495417],[-0.815293,41.495342],[-0.815331,41.495266],[-0.815397,41.495171],[-0.815488,41.495064],[-0.815484,41.495025],[-0.815431,41.494851],[-0.815314,41.49455],[-0.815286,41.494482],[-0.815303,41.494463],[-0.815382,41.494402],[-0.815445,41.494346],[-0.815487,41.494275],[-0.81553,41.494188],[-0.815587,41.494103],[-0.815634,41.494007],[-0.815659,41.493925],[-0.815689,41.493848],[-0.815705,41.493642],[-0.815712,41.493461],[-0.815722,41.493324],[-0.815724,41.493142],[-0.815721,41.493061],[-0.815697,41.492941],[-0.81568,41.492879],[-0.815625,41.492779],[-0.815581,41.492675],[-0.815563,41.492615],[-0.815563,41.492539],[-0.815586,41.492468],[-0.815603,41.492386],[-0.815631,41.492291],[-0.815645,41.492209],[-0.815647,41.492117],[-0.81564,41.492023],[-0.815622,41.491945],[-0.815615,41.491856],[-0.815616,41.49175],[-0.815622,41.491703],[-0.815654,41.491611],[-0.815692,41.491516],[-0.815707,41.491431],[-0.815691,41.491354],[-0.815628,41.491274],[-0.815562,41.491212],[-0.815505,41.491146],[-0.81546,41.491059],[-0.815426,41.490965],[-0.815374,41.490878],[-0.815233,41.490727],[-0.815084,41.490577],[-0.815015,41.490512],[-0.81493,41.490448],[-0.814857,41.490379],[-0.814779,41.490316],[-0.814693,41.490259],[-0.814634,41.490203],[-0.814609,41.490171],[-0.814566,41.489988],[-0.814555,41.489921],[-0.814539,41.489857],[-0.814373,41.489612],[-0.814341,41.489569],[-0.814326,41.489506],[-0.814332,41.489476],[-0.814366,41.489446],[-0.814414,41.489435],[-0.814615,41.489507],[-0.814704,41.489545],[-0.814799,41.48957],[-0.815023,41.48961],[-0.815133,41.489627],[-0.815359,41.489672],[-0.81547,41.489697],[-0.815603,41.489714],[-0.815718,41.489723],[-0.81589,41.489715],[-0.816003,41.489706],[-0.816123,41.489688],[-0.816193,41.489675],[-0.816317,41.489661],[-0.81665,41.48949],[-0.816745,41.489439],[-0.816841,41.489377],[-0.816944,41.489315],[-0.817034,41.489282],[-0.817154,41.489264],[-0.817273,41.489268],[-0.817402,41.489279],[-0.817549,41.489282],[-0.817687,41.489273],[-0.817894,41.489275],[-0.81819,41.489284],[-0.818631,41.489307],[-0.81887,41.489322],[-0.818979,41.489324],[-0.81917,41.489311],[-0.81921,41.489301],[-0.819396,41.489218],[-0.819483,41.48918],[-0.819563,41.489157],[-0.819657,41.489153],[-0.81992,41.489164],[-0.82003,41.489172],[-0.820198,41.489168],[-0.8203,41.489163],[-0.820419,41.489151],[-0.820576,41.48909],[-0.820725,41.48903],[-0.820987,41.489032],[-0.821078,41.489035],[-0.821158,41.489024],[-0.821235,41.489004],[-0.821327,41.488971],[-0.821415,41.488949],[-0.821492,41.488934],[-0.821592,41.48892],[-0.821631,41.48891],[-0.8217,41.488883],[-0.821729,41.48881],[-0.821757,41.488731],[-0.82177,41.488704],[-0.821828,41.488628],[-0.821873,41.488574],[-0.821945,41.488514],[-0.821999,41.488457],[-0.822068,41.488334],[-0.8221,41.488269],[-0.822154,41.488219],[-0.822225,41.488166],[-0.822348,41.488125],[-0.822434,41.4881],[-0.822488,41.488062],[-0.822501,41.487993],[-0.822414,41.487857],[-0.822313,41.48774],[-0.822267,41.487679],[-0.822242,41.48764],[-0.822203,41.487298],[-0.822198,41.487213],[-0.822209,41.487135],[-0.822278,41.487054],[-0.822359,41.486978],[-0.822446,41.48691],[-0.822556,41.486841],[-0.822646,41.486751],[-0.822864,41.486641],[-0.822951,41.486594],[-0.823022,41.486547],[-0.823086,41.486512],[-0.823127,41.486496],[-0.823193,41.486474],[-0.823266,41.48645],[-0.823398,41.486441],[-0.823359,41.486418],[-0.823317,41.486382],[-0.823285,41.486338],[-0.823242,41.486253],[-0.823187,41.48612],[-0.823168,41.486049],[-0.82316,41.485979],[-0.823136,41.485898],[-0.823074,41.48574],[-0.823036,41.485662],[-0.823013,41.485595],[-0.82299,41.485494],[-0.822998,41.485447],[-0.823014,41.485408],[-0.823052,41.485355],[-0.823109,41.485297],[-0.823158,41.485258],[-0.82324,41.48522],[-0.823316,41.485193],[-0.823367,41.485168],[-0.823404,41.485137],[-0.823438,41.48509],[-0.82348,41.484997],[-0.823523,41.484876],[-0.823536,41.484828],[-0.823566,41.484786],[-0.823627,41.48475],[-0.823702,41.484719],[-0.823757,41.484703],[-0.823818,41.484692],[-0.823899,41.484687],[-0.823979,41.484678],[-0.824057,41.484659],[-0.824137,41.484628],[-0.82424,41.484573],[-0.824342,41.484513],[-0.824539,41.484345],[-0.824617,41.484275],[-0.824712,41.484202],[-0.824896,41.484018],[-0.824965,41.483944],[-0.825026,41.48389],[-0.825112,41.483856],[-0.82523,41.483842],[-0.82534,41.483838],[-0.825457,41.483809],[-0.825562,41.483767],[-0.825954,41.48367],[-0.826082,41.48353],[-0.826134,41.483469],[-0.826156,41.48336],[-0.82616,41.483286],[-0.826176,41.483198],[-0.826203,41.483126],[-0.826237,41.483069],[-0.826316,41.483019],[-0.826363,41.482981],[-0.826384,41.482935],[-0.826403,41.482905],[-0.826425,41.482886],[-0.826448,41.482864],[-0.826383,41.482849],[-0.826317,41.482828],[-0.826202,41.482714],[-0.826148,41.482652],[-0.826108,41.482588],[-0.826049,41.482522],[-0.825988,41.48247],[-0.825914,41.482422],[-0.825862,41.482383],[-0.825678,41.482169],[-0.825628,41.482109],[-0.82556,41.482054],[-0.825521,41.482027],[-0.825464,41.481943],[-0.825424,41.481899],[-0.825372,41.481846],[-0.825316,41.481811],[-0.825195,41.481772],[-0.825102,41.48175],[-0.825014,41.481736],[-0.824949,41.481707],[-0.824888,41.481673],[-0.824814,41.48162],[-0.824749,41.481565],[-0.824655,41.481503],[-0.824597,41.481457],[-0.824567,41.481386],[-0.824528,41.48132],[-0.824434,41.481183],[-0.824403,41.481132],[-0.824411,41.481064],[-0.824438,41.480981],[-0.824448,41.480923],[-0.82445,41.480784],[-0.824448,41.480685],[-0.824467,41.480593],[-0.824491,41.480523],[-0.824515,41.480472],[-0.82458,41.480435],[-0.82476,41.480421],[-0.824838,41.480419],[-0.82489,41.480414],[-0.824926,41.480407],[-0.825006,41.480402],[-0.825039,41.480352],[-0.825034,41.480276],[-0.825063,41.480173],[-0.825064,41.480114],[-0.825032,41.480063],[-0.825023,41.480014],[-0.824995,41.479971],[-0.824915,41.479952],[-0.82483,41.479954],[-0.82472,41.479959],[-0.824634,41.479956],[-0.824536,41.47994],[-0.824456,41.47992],[-0.824367,41.479879],[-0.82428,41.479832],[-0.824202,41.479765],[-0.824131,41.479708],[-0.824067,41.479669],[-0.823973,41.479657],[-0.823894,41.479612],[-0.823863,41.479556],[-0.823847,41.479477],[-0.8238,41.479417],[-0.823721,41.479359],[-0.823657,41.479296],[-0.823542,41.479216],[-0.823487,41.479143],[-0.82343,41.479073],[-0.823381,41.478994],[-0.823379,41.478916],[-0.823376,41.478844],[-0.82338,41.478786],[-0.823412,41.478716],[-0.82343,41.478635],[-0.82344,41.478576],[-0.823428,41.478521],[-0.823431,41.478456],[-0.823474,41.47842],[-0.823498,41.47837],[-0.823484,41.478321],[-0.823444,41.478289],[-0.823382,41.478244],[-0.823313,41.478227],[-0.823239,41.478196],[-0.82316,41.478167],[-0.823133,41.478141],[-0.823108,41.478088],[-0.823088,41.478067],[-0.823053,41.478062],[-0.823005,41.47804],[-0.822927,41.477988],[-0.82288,41.477942],[-0.822874,41.477898],[-0.822896,41.47784],[-0.822939,41.477779],[-0.822995,41.477735],[-0.823045,41.477679],[-0.823028,41.477624],[-0.82297,41.477556],[-0.822909,41.477478],[-0.822893,41.4774],[-0.822924,41.477359],[-0.822964,41.477346],[-0.823014,41.477354],[-0.823063,41.477327],[-0.82311,41.477279],[-0.82316,41.477238],[-0.823178,41.477173],[-0.823181,41.477099],[-0.823172,41.477007],[-0.823202,41.476912],[-0.823249,41.476816],[-0.823322,41.476729],[-0.823379,41.476642],[-0.823438,41.476564],[-0.823486,41.476515],[-0.823492,41.476446],[-0.82349,41.476344],[-0.823508,41.476225],[-0.823565,41.476146],[-0.82363,41.476069],[-0.823687,41.476016],[-0.823755,41.475822],[-0.823795,41.475708],[-0.823848,41.475611],[-0.823901,41.475531],[-0.823963,41.475466],[-0.824062,41.475438],[-0.824184,41.475411],[-0.824262,41.475342],[-0.824375,41.475267],[-0.824501,41.475212],[-0.824652,41.475167],[-0.824787,41.475153],[-0.824933,41.475147],[-0.825072,41.47514],[-0.825189,41.475139],[-0.825246,41.475095],[-0.825304,41.475022],[-0.825341,41.474893],[-0.825324,41.474801],[-0.825343,41.47471],[-0.825438,41.474638],[-0.825478,41.474535],[-0.825479,41.474414],[-0.825345,41.474232],[-0.825348,41.47412],[-0.825381,41.473994],[-0.825402,41.473844],[-0.825402,41.473813],[-0.825313,41.473707],[-0.825227,41.473609],[-0.825113,41.473513],[-0.824983,41.473434],[-0.824902,41.473338],[-0.824865,41.473215],[-0.824854,41.473092],[-0.824904,41.472989],[-0.824889,41.472917],[-0.824762,41.472884],[-0.824638,41.472836],[-0.824604,41.47276],[-0.824627,41.472665],[-0.824651,41.472565],[-0.82457,41.472505],[-0.824411,41.47248],[-0.824215,41.472454],[-0.824029,41.472438],[-0.823955,41.472436],[-0.823794,41.472402],[-0.82365,41.472349],[-0.823553,41.472214],[-0.823452,41.472138],[-0.823316,41.472067],[-0.823186,41.471996],[-0.823076,41.471925],[-0.822982,41.471814],[-0.822886,41.47171],[-0.822862,41.471595],[-0.822863,41.471434],[-0.822859,41.471293],[-0.822875,41.47118],[-0.822844,41.471084],[-0.822746,41.471014],[-0.822684,41.470915],[-0.822603,41.470804],[-0.82249,41.470641],[-0.822407,41.470515],[-0.82235,41.4704],[-0.822297,41.47027],[-0.82227,41.470139],[-0.822205,41.470057],[-0.822161,41.469952],[-0.822179,41.469831],[-0.822155,41.469692],[-0.82212,41.469577],[-0.822051,41.469467],[-0.821944,41.469383],[-0.821822,41.469312],[-0.821677,41.469288],[-0.82152,41.469248],[-0.821385,41.469193],[-0.821364,41.469098],[-0.82137,41.468992],[-0.82133,41.468912],[-0.821305,41.468884],[-0.821179,41.468784],[-0.821136,41.468665],[-0.821117,41.468551],[-0.82113,41.468455],[-0.821258,41.468396],[-0.821421,41.468349],[-0.821505,41.46828],[-0.821498,41.468181],[-0.821439,41.468067],[-0.821398,41.467969],[-0.821483,41.467882],[-0.821551,41.467791],[-0.821725,41.46774],[-0.82185,41.467669],[-0.821891,41.467575],[-0.821946,41.467485],[-0.822023,41.467438],[-0.822095,41.467462],[-0.822165,41.467516],[-0.822229,41.467549],[-0.822287,41.46754],[-0.82232,41.467514],[-0.822352,41.467472],[-0.822368,41.46742],[-0.822415,41.467385],[-0.822514,41.467384],[-0.822615,41.467391],[-0.822669,41.467393],[-0.822682,41.467358],[-0.822643,41.467273],[-0.822567,41.467151],[-0.822507,41.467054],[-0.822438,41.466957],[-0.822408,41.466874],[-0.822437,41.46679],[-0.822504,41.466715],[-0.822581,41.466633],[-0.82266,41.46655],[-0.822751,41.466494],[-0.822848,41.466431],[-0.822942,41.466373],[-0.823063,41.466335],[-0.823197,41.466301],[-0.823327,41.466289],[-0.823459,41.466294],[-0.823575,41.466315],[-0.823719,41.466343],[-0.823701,41.466274],[-0.823642,41.466196],[-0.823575,41.466102],[-0.823512,41.466006],[-0.823438,41.465911],[-0.823401,41.465812],[-0.823357,41.465721],[-0.823324,41.465643],[-0.82331,41.465557],[-0.82335,41.465467],[-0.823348,41.465407],[-0.823268,41.46535],[-0.823242,41.46525],[-0.823235,41.465151],[-0.823232,41.465043],[-0.823244,41.464952],[-0.823263,41.464828],[-0.823277,41.464743],[-0.823296,41.464672],[-0.823319,41.464639],[-0.823338,41.464557],[-0.823383,41.464492],[-0.823474,41.464415],[-0.823478,41.464337],[-0.823398,41.464278],[-0.823271,41.46426],[-0.823164,41.464215],[-0.823093,41.46415],[-0.822996,41.464046],[-0.822927,41.463975],[-0.822868,41.463897],[-0.822836,41.463816],[-0.822832,41.463786],[-0.822798,41.463722],[-0.822709,41.463671],[-0.822608,41.463621],[-0.822556,41.463564],[-0.822569,41.463476],[-0.822622,41.463372],[-0.822706,41.463141],[-0.822751,41.463019],[-0.822789,41.462894],[-0.822738,41.462832],[-0.822654,41.462757],[-0.822578,41.46267],[-0.822555,41.462546],[-0.822557,41.462462],[-0.82256,41.46243],[-0.822535,41.46235],[-0.822461,41.462291],[-0.822364,41.462239],[-0.822232,41.462131],[-0.822146,41.462042],[-0.822058,41.461932],[-0.821992,41.461853],[-0.821917,41.461782],[-0.821875,41.461754],[-0.821775,41.461706],[-0.82173,41.461631],[-0.821726,41.461587],[-0.821905,41.461425],[-0.822022,41.461362],[-0.822048,41.461299],[-0.821992,41.461251],[-0.821905,41.46119],[-0.821815,41.461135],[-0.821722,41.461062],[-0.821679,41.461007],[-0.821636,41.460889],[-0.821587,41.460765],[-0.8215,41.460606],[-0.821426,41.460501],[-0.821387,41.460409],[-0.821364,41.460302],[-0.821406,41.46023],[-0.821489,41.460158],[-0.821592,41.460074],[-0.821699,41.460019],[-0.821809,41.459974],[-0.821919,41.459984],[-0.822048,41.459972],[-0.822125,41.459923],[-0.822173,41.459846],[-0.822246,41.45978],[-0.822336,41.459737],[-0.822371,41.459672],[-0.822405,41.459617],[-0.822464,41.45958],[-0.822542,41.459583],[-0.822612,41.459537],[-0.822663,41.459325],[-0.822674,41.459256],[-0.822683,41.459167],[-0.822704,41.459083],[-0.822788,41.459029],[-0.82293,41.458976],[-0.823036,41.458924],[-0.823135,41.458877],[-0.823176,41.458834],[-0.823128,41.458789],[-0.823053,41.45877],[-0.822957,41.458768],[-0.822876,41.458747],[-0.822843,41.4587],[-0.82287,41.45863],[-0.823238,41.458295],[-0.823328,41.458212],[-0.823519,41.458172],[-0.823515,41.458113],[-0.823431,41.457961],[-0.823366,41.457773],[-0.82332,41.457603],[-0.823258,41.457437],[-0.823217,41.457186],[-0.823209,41.457062],[-0.82321,41.457034],[-0.823191,41.456932],[-0.823176,41.456797],[-0.823138,41.45666],[-0.823069,41.456569],[-0.822961,41.456456],[-0.822816,41.456333],[-0.822715,41.456261],[-0.822641,41.456182],[-0.822589,41.456141],[-0.822495,41.456088],[-0.822329,41.455951],[-0.822281,41.45588],[-0.822279,41.45581],[-0.8223,41.45573],[-0.822347,41.455624],[-0.822317,41.455533],[-0.822246,41.455439],[-0.822083,41.455267],[-0.821996,41.455189],[-0.821933,41.455079],[-0.821919,41.454938],[-0.821885,41.454835],[-0.82181,41.454732],[-0.821691,41.45465],[-0.821544,41.454571],[-0.821461,41.454512],[-0.821385,41.454472],[-0.821334,41.454417],[-0.821281,41.454333],[-0.820104,41.453463],[-0.820279,41.453297],[-0.821612,41.452028],[-0.821913,41.451998],[-0.823231,41.452676],[-0.824961,41.452312],[-0.825075,41.451756],[-0.825097,41.451653],[-0.82515,41.451667],[-0.826383,41.452402],[-0.826834,41.452866],[-0.828277,41.453033],[-0.829844,41.453616],[-0.82996,41.455523],[-0.831208,41.456326],[-0.831189,41.456542],[-0.831102,41.45681],[-0.832141,41.457253],[-0.832623,41.457708],[-0.833384,41.458024],[-0.833535,41.458703],[-0.833583,41.458879],[-0.833256,41.459909],[-0.833096,41.460032],[-0.833004,41.460072],[-0.833013,41.460174],[-0.83304,41.460283],[-0.833143,41.46042],[-0.833352,41.4606],[-0.834075,41.461005],[-0.83639,41.462674],[-0.836593,41.46271],[-0.837205,41.462825],[-0.837924,41.463014],[-0.838421,41.46319],[-0.83901,41.463458],[-0.839445,41.463714],[-0.839742,41.463949],[-0.839835,41.464032],[-0.840955,41.466381],[-0.841013,41.466423],[-0.841094,41.466514],[-0.841157,41.466606],[-0.841188,41.466746],[-0.841225,41.4669],[-0.841258,41.466981],[-0.84131,41.467045],[-0.841841,41.467456],[-0.841946,41.46753],[-0.842141,41.467619],[-0.842349,41.467677],[-0.842431,41.46771],[-0.84253,41.467798],[-0.842618,41.467867],[-0.842688,41.467922],[-0.842685,41.468012],[-0.8427,41.468269],[-0.842763,41.468532],[-0.84287,41.468741],[-0.843021,41.468879],[-0.843221,41.469],[-0.843362,41.469074],[-0.843466,41.469189],[-0.84362,41.469426],[-0.843742,41.469725],[-0.843799,41.46997],[-0.843774,41.470203],[-0.843716,41.47031],[-0.843005,41.470819],[-0.844388,41.472791],[-0.844667,41.473062],[-0.844854,41.473191],[-0.845089,41.473335],[-0.845501,41.473532],[-0.845583,41.473597],[-0.845815,41.473831],[-0.846258,41.474182],[-0.846708,41.474519],[-0.846856,41.474576],[-0.847028,41.47461],[-0.847256,41.474615],[-0.847538,41.474588],[-0.847653,41.474559],[-0.847863,41.474549],[-0.848055,41.474535],[-0.848476,41.474484],[-0.848595,41.474496],[-0.848786,41.474522],[-0.849013,41.47453],[-0.849319,41.474518],[-0.849574,41.474595],[-0.849769,41.474662],[-0.849958,41.474751],[-0.850149,41.474768],[-0.850287,41.474761],[-0.85036,41.474731],[-0.850479,41.474733],[-0.850615,41.474786],[-0.850786,41.474874],[-0.850928,41.47494],[-0.851165,41.475003],[-0.851333,41.474993],[-0.851465,41.474995],[-0.85169,41.475049],[-0.851933,41.475134],[-0.852162,41.475283],[-0.85238,41.475382],[-0.85264,41.475494],[-0.852711,41.475523],[-0.852756,41.475591],[-0.852777,41.475704],[-0.852856,41.475845],[-0.853013,41.475983],[-0.853232,41.476068],[-0.853355,41.476143],[-0.853494,41.47628],[-0.853712,41.476402],[-0.853847,41.476481],[-0.853861,41.476594],[-0.854036,41.476741],[-0.854151,41.476869],[-0.854342,41.477089],[-0.85456,41.477192],[-0.854665,41.477257],[-0.854799,41.477386],[-0.854944,41.477524],[-0.855087,41.477715],[-0.855123,41.477905],[-0.855117,41.47809],[-0.855188,41.478298],[-0.855196,41.478366],[-0.855212,41.478488],[-0.855234,41.478718],[-0.855294,41.478895],[-0.855376,41.478964],[-0.85554,41.479048],[-0.855598,41.479103],[-0.855667,41.479203],[-0.855743,41.479259],[-0.855896,41.479352],[-0.85597,41.479448],[-0.856098,41.479558],[-0.856222,41.479619],[-0.856467,41.479651],[-0.856705,41.479691],[-0.856918,41.479776],[-0.857176,41.47992],[-0.857385,41.480123],[-0.857678,41.480511],[-0.857821,41.480721],[-0.857943,41.480822],[-0.858037,41.480869],[-0.858168,41.480912],[-0.858358,41.480942],[-0.85862,41.48101],[-0.858731,41.481071],[-0.858809,41.481086],[-0.858934,41.481102],[-0.859065,41.481127],[-0.859258,41.481252],[-0.85934,41.48133],[-0.859432,41.481435],[-0.859471,41.481521],[-0.859505,41.48159],[-0.859603,41.481682],[-0.859761,41.481815],[-0.859844,41.482015],[-0.860173,41.482201],[-0.860771,41.482613],[-0.860846,41.482677],[-0.860865,41.482822],[-0.860922,41.482927],[-0.861001,41.483063],[-0.861077,41.483132],[-0.861207,41.483184],[-0.861332,41.483213],[-0.861504,41.483244],[-0.86161,41.483295],[-0.861786,41.483407],[-0.861926,41.483535],[-0.862014,41.483586],[-0.862091,41.48361],[-0.862169,41.483796],[-0.862285,41.48392],[-0.86233,41.483984],[-0.862332,41.484101],[-0.862339,41.484637],[-0.862394,41.484769],[-0.862346,41.485331],[-0.862292,41.48551],[-0.862313,41.485605],[-0.862376,41.485687],[-0.862582,41.485795],[-0.862736,41.485865],[-0.862864,41.485958],[-0.862911,41.486003],[-0.862979,41.486117],[-0.863026,41.48615],[-0.863946,41.486757],[-0.863955,41.486847],[-0.864114,41.486931],[-0.86414,41.486966],[-0.864677,41.487288],[-0.865386,41.487581],[-0.868194,41.489443],[-0.869659,41.49024],[-0.87038,41.490533],[-0.871037,41.490955],[-0.87135,41.491096],[-0.871561,41.491226],[-0.871787,41.491473],[-0.872086,41.491853],[-0.872252,41.492081],[-0.872408,41.492255],[-0.872677,41.492436],[-0.872888,41.492584],[-0.873148,41.49285],[-0.873392,41.493102],[-0.873427,41.493138],[-0.872871,41.493457],[-0.871182,41.494439],[-0.868967,41.495644],[-0.867149,41.497402],[-0.863903,41.498432],[-0.861999,41.499643],[-0.859481,41.500609],[-0.861609,41.50205],[-0.862365,41.504246],[-0.86491,41.505617],[-0.868043,41.508012],[-0.869785,41.50859],[-0.873902,41.509406],[-0.875227,41.510093],[-0.87652,41.510156],[-0.879559,41.510679],[-0.880703,41.510545],[-0.88194,41.510723],[-0.884764,41.511515],[-0.885063,41.511871],[-0.885092,41.512573],[-0.88784,41.512507],[-0.88938,41.512925],[-0.890023,41.513871],[-0.890864,41.515094],[-0.891246,41.514478],[-0.89176,41.514604],[-0.894099,41.514374],[-0.896428,41.514456],[-0.898776,41.513915],[-0.899846,41.512883],[-0.900026,41.512107],[-0.90137,41.507419],[-0.902631,41.506858],[-0.90375,41.505905],[-0.906121,41.50626],[-0.90779,41.505901],[-0.909923,41.505628],[-0.912364,41.5054],[-0.91579,41.505189],[-0.916417,41.505006],[-0.917738,41.504212],[-0.918974,41.504562],[-0.921362,41.505079],[-0.920898,41.505285],[-0.919639,41.505263],[-0.91843,41.505456],[-0.918353,41.507866],[-0.917802,41.508975],[-0.917023,41.510037],[-0.916153,41.512174],[-0.914475,41.512703],[-0.910997,41.514018],[-0.910433,41.515515],[-0.908377,41.515348],[-0.907518,41.515332],[-0.905704,41.516548],[-0.904898,41.516662],[-0.903466,41.516679],[-0.900978,41.516591],[-0.900255,41.516793],[-0.899897,41.51726],[-0.8994,41.517574],[-0.896677,41.51677],[-0.895087,41.517236],[-0.893671,41.517178],[-0.89214,41.516698],[-0.888321,41.517026],[-0.888482,41.516491],[-0.887202,41.515142],[-0.885934,41.514517],[-0.881255,41.514876],[-0.880652,41.515179],[-0.879916,41.515322],[-0.87922,41.515309],[-0.878603,41.51501],[-0.877778,41.514654],[-0.87563,41.514326],[-0.87338,41.513866],[-0.87264,41.51414],[-0.871894,41.514061],[-0.871072,41.514163],[-0.870437,41.513864],[-0.869621,41.51432],[-0.868825,41.514161],[-0.868143,41.51424],[-0.867537,41.514674],[-0.866888,41.514819],[-0.866014,41.514908],[-0.865311,41.515091],[-0.864829,41.515462],[-0.86543,41.515722],[-0.866161,41.515722],[-0.866846,41.516075],[-0.867045,41.516393],[-0.865128,41.516423],[-0.864353,41.516671],[-0.863517,41.516694],[-0.861988,41.516561],[-0.860936,41.51624],[-0.860064,41.517861],[-0.859653,41.517657]]]}},{"type":"Feature","properties":{"name":"Venta del Olivar","kind":"vecinal","id":27},"geometry":{"type":"Polygon","coordinates":[[[-0.974108,41.69729],[-0.973749,41.697025],[-0.973384,41.696764],[-0.973024,41.696515],[-0.972629,41.69624],[-0.972176,41.695934],[-0.971737,41.695638],[-0.971302,41.695352],[-0.970842,41.695049],[-0.970397,41.69476],[-0.96993,41.694466],[-0.969415,41.694139],[-0.968955,41.693846],[-0.968277,41.693425],[-0.967958,41.69323],[-0.967466,41.692936],[-0.96689,41.692586],[-0.96632,41.69225],[-0.966185,41.69217],[-0.965727,41.691898],[-0.965143,41.691563],[-0.964576,41.691239],[-0.963971,41.690893],[-0.963398,41.690576],[-0.962829,41.690265],[-0.962228,41.689937],[-0.961601,41.689603],[-0.961055,41.689314],[-0.96031,41.688929],[-0.959702,41.688624],[-0.959643,41.688595],[-0.959158,41.688362],[-0.958646,41.688106],[-0.957037,41.687348],[-0.954716,41.686348],[-0.952098,41.685302],[-0.949441,41.68435],[-0.946717,41.683329],[-0.945399,41.682819],[-0.943498,41.682035],[-0.941213,41.681138],[-0.939313,41.680256],[-0.937941,41.679677],[-0.936997,41.679328],[-0.933968,41.678469],[-0.932915,41.67809],[-0.93172,41.677567],[-0.930962,41.677126],[-0.930206,41.676581],[-0.929402,41.675912],[-0.92893,41.67549],[-0.928397,41.675058],[-0.929097,41.674386],[-0.930524,41.673141],[-0.933393,41.670337],[-0.937481,41.666365],[-0.93802,41.665826],[-0.938641,41.665246],[-0.938812,41.6651],[-0.939442,41.664564],[-0.940365,41.663851],[-0.941005,41.663421],[-0.941922,41.662863],[-0.942921,41.662325],[-0.943797,41.661919],[-0.944683,41.661537],[-0.946549,41.660817],[-0.946744,41.661294],[-0.946722,41.661413],[-0.946708,41.66155],[-0.946641,41.661749],[-0.946543,41.661887],[-0.946446,41.662005],[-0.946309,41.662171],[-0.946227,41.662295],[-0.946454,41.66239],[-0.94692,41.662544],[-0.947157,41.662598],[-0.947234,41.662603],[-0.947365,41.662618],[-0.947502,41.662638],[-0.947725,41.662681],[-0.948098,41.662792],[-0.948386,41.66289],[-0.949022,41.663046],[-0.949283,41.663113],[-0.949743,41.663185],[-0.950575,41.663371],[-0.951401,41.663538],[-0.952224,41.663742],[-0.953033,41.663976],[-0.953433,41.664119],[-0.953644,41.664141],[-0.953851,41.6641],[-0.954711,41.664032],[-0.95525,41.663998],[-0.955569,41.663971],[-0.955804,41.66398],[-0.956031,41.663998],[-0.956216,41.664041],[-0.956373,41.66413],[-0.956451,41.664224],[-0.956504,41.664372],[-0.956588,41.664623],[-0.956738,41.664661],[-0.956973,41.6647],[-0.957339,41.664743],[-0.957595,41.664757],[-0.95845,41.66483],[-0.958917,41.664955],[-0.959252,41.665053],[-0.959603,41.665155],[-0.959833,41.665244],[-0.960062,41.665331],[-0.960817,41.665585],[-0.96153,41.665932],[-0.96232,41.666205],[-0.962639,41.666365],[-0.962819,41.666443],[-0.963073,41.666531],[-0.963338,41.666571],[-0.963907,41.666654],[-0.96403,41.666679],[-0.964246,41.666755],[-0.964366,41.66678],[-0.964539,41.667019],[-0.964648,41.667129],[-0.964902,41.66729],[-0.965045,41.667338],[-0.965413,41.667386],[-0.965816,41.66741],[-0.966094,41.667438],[-0.966479,41.66749],[-0.966891,41.667529],[-0.9672,41.667546],[-0.967454,41.667585],[-0.967648,41.667669],[-0.967781,41.667745],[-0.967936,41.667816],[-0.968178,41.667902],[-0.968434,41.667969],[-0.968783,41.668037],[-0.969103,41.668116],[-0.969513,41.668205],[-0.969827,41.668325],[-0.969941,41.668339],[-0.969986,41.668344],[-0.97012,41.66842],[-0.970271,41.66852],[-0.970491,41.668666],[-0.97071,41.668799],[-0.970939,41.668935],[-0.97117,41.66908],[-0.971563,41.66935],[-0.971823,41.669538],[-0.972028,41.669683],[-0.972134,41.669766],[-0.972236,41.66984],[-0.972388,41.669923],[-0.972531,41.66998],[-0.972627,41.670011],[-0.972782,41.670101],[-0.972931,41.670183],[-0.973117,41.670273],[-0.973365,41.670369],[-0.973568,41.670434],[-0.973809,41.670508],[-0.974068,41.670598],[-0.974367,41.67071],[-0.974631,41.670798],[-0.974768,41.670857],[-0.975082,41.671014],[-0.975411,41.671187],[-0.975639,41.671321],[-0.975854,41.67146],[-0.976039,41.671593],[-0.976141,41.671697],[-0.976248,41.671807],[-0.97639,41.671914],[-0.976588,41.672017],[-0.976701,41.672058],[-0.976963,41.672158],[-0.977154,41.672232],[-0.977436,41.672367],[-0.977749,41.672536],[-0.977942,41.672635],[-0.978024,41.672701],[-0.978303,41.672682],[-0.97874,41.672637],[-0.979156,41.672591],[-0.979298,41.672552],[-0.979662,41.672442],[-0.979915,41.672327],[-0.980045,41.672314],[-0.980337,41.672344],[-0.98088,41.672362],[-0.981001,41.672361],[-0.981196,41.672343],[-0.981388,41.672312],[-0.9815,41.672326],[-0.981693,41.672391],[-0.98189,41.672473],[-0.982053,41.672552],[-0.982333,41.672671],[-0.982808,41.672875],[-0.982845,41.672891],[-0.982908,41.672917],[-0.983002,41.672928],[-0.983212,41.672923],[-0.983462,41.672947],[-0.983838,41.673014],[-0.983757,41.673272],[-0.983497,41.67442],[-0.983277,41.675263],[-0.982983,41.67622],[-0.982723,41.677054],[-0.982667,41.677214],[-0.982591,41.677342],[-0.982344,41.677676],[-0.98228,41.677759],[-0.982189,41.677866],[-0.982176,41.677964],[-0.981869,41.678104],[-0.981485,41.678247],[-0.981005,41.678403],[-0.980629,41.678516],[-0.980401,41.678543],[-0.980145,41.678579],[-0.980061,41.678604],[-0.97995,41.678659],[-0.979858,41.678724],[-0.979666,41.678896],[-0.979063,41.679459],[-0.978757,41.679764],[-0.978629,41.679911],[-0.978536,41.68005],[-0.978372,41.68047],[-0.978231,41.680769],[-0.978016,41.681204],[-0.977844,41.681556],[-0.977757,41.681758],[-0.977587,41.682027],[-0.977375,41.682378],[-0.977064,41.682984],[-0.976863,41.68329],[-0.976648,41.683694],[-0.976593,41.683867],[-0.976557,41.684025],[-0.976432,41.684499],[-0.976314,41.685036],[-0.976178,41.685527],[-0.975917,41.686034],[-0.975656,41.686552],[-0.975509,41.686798],[-0.975389,41.686943],[-0.975299,41.687053],[-0.975143,41.687278],[-0.976696,41.688037],[-0.978068,41.68873],[-0.9786,41.688984],[-0.978004,41.689547],[-0.977232,41.690301],[-0.976962,41.690506],[-0.976793,41.690605],[-0.977019,41.690816],[-0.977258,41.691024],[-0.977583,41.69127],[-0.978053,41.691573],[-0.978013,41.691714],[-0.977889,41.692013],[-0.977737,41.692371],[-0.977709,41.692473],[-0.97773,41.692602],[-0.977777,41.692722],[-0.978022,41.693041],[-0.978095,41.693143],[-0.978291,41.693407],[-0.97848,41.693663],[-0.978533,41.693802],[-0.978516,41.693931],[-0.978415,41.694106],[-0.978252,41.694237],[-0.976584,41.695429],[-0.976375,41.695573],[-0.976088,41.695778],[-0.975936,41.695904],[-0.975835,41.696009],[-0.975691,41.696238],[-0.975589,41.696399],[-0.975482,41.696534],[-0.975298,41.696728],[-0.975033,41.696998],[-0.974663,41.697291],[-0.974389,41.697499],[-0.974108,41.69729]]]}},{"type":"Feature","properties":{"name":"Villarrapa","kind":"vecinal","id":29},"geometry":{"type":"Polygon","coordinates":[[[-1.10369,41.757186],[-1.103732,41.757104],[-1.10376,41.757048],[-1.103811,41.756954],[-1.104353,41.756936],[-1.10457,41.75693],[-1.104764,41.75687],[-1.104888,41.756746],[-1.10495,41.756684],[-1.105174,41.756639],[-1.105438,41.756629],[-1.106142,41.75642],[-1.10615,41.756376],[-1.106145,41.756339],[-1.106457,41.756354],[-1.10677,41.756341],[-1.10712,41.756288],[-1.107339,41.756233],[-1.107518,41.756277],[-1.107788,41.756303],[-1.108034,41.756299],[-1.108475,41.756225],[-1.108899,41.756124],[-1.109069,41.756086],[-1.108246,41.755226],[-1.107556,41.754552],[-1.107537,41.754588],[-1.107482,41.755047],[-1.10749,41.755186],[-1.107628,41.7554],[-1.107444,41.755514],[-1.107323,41.75553],[-1.107147,41.755392],[-1.106992,41.75534],[-1.106825,41.755274],[-1.10631,41.755005],[-1.106013,41.754887],[-1.10565,41.754742],[-1.105371,41.754615],[-1.105117,41.75449],[-1.104915,41.754396],[-1.10482,41.754363],[-1.104724,41.754352],[-1.104656,41.754387],[-1.104614,41.754409],[-1.104369,41.754356],[-1.104111,41.754342],[-1.103803,41.754166],[-1.103619,41.754069],[-1.103406,41.753957],[-1.103201,41.753782],[-1.10293,41.753575],[-1.102837,41.753484],[-1.102826,41.753222],[-1.102654,41.753152],[-1.102657,41.753062],[-1.102345,41.753039],[-1.102104,41.753044],[-1.101917,41.753068],[-1.101773,41.753061],[-1.101479,41.753029],[-1.101041,41.752999],[-1.100657,41.752957],[-1.100364,41.752916],[-1.100189,41.752935],[-1.100104,41.752957],[-1.100026,41.752964],[-1.099971,41.752995],[-1.0998,41.752917],[-1.099733,41.752887],[-1.099136,41.752531],[-1.098983,41.752443],[-1.098769,41.752349],[-1.097882,41.752051],[-1.097438,41.7519],[-1.097155,41.751804],[-1.096861,41.751702],[-1.096774,41.751672],[-1.096055,41.751376],[-1.094083,41.750555],[-1.093346,41.750253],[-1.09308,41.750144],[-1.092984,41.750105],[-1.09274,41.750008],[-1.092146,41.749771],[-1.09209,41.749748],[-1.090844,41.749232],[-1.090564,41.749116],[-1.089568,41.748706],[-1.089176,41.748537],[-1.088976,41.748367],[-1.088126,41.748263],[-1.087991,41.748536],[-1.087882,41.748957],[-1.087875,41.748988],[-1.087719,41.748977],[-1.08733,41.748741],[-1.086427,41.74814],[-1.086227,41.748002],[-1.085969,41.747786],[-1.085473,41.747476],[-1.0849,41.747128],[-1.084752,41.746856],[-1.084603,41.746597],[-1.084586,41.746569],[-1.084404,41.746431],[-1.084048,41.74625],[-1.083679,41.746144],[-1.083682,41.746041],[-1.083987,41.745884],[-1.083974,41.745726],[-1.083874,41.745634],[-1.084109,41.744625],[-1.084328,41.744336],[-1.083731,41.744195],[-1.083418,41.74412],[-1.083307,41.744094],[-1.083258,41.744088],[-1.082875,41.744046],[-1.082357,41.743999],[-1.082024,41.743969],[-1.081354,41.744018],[-1.081084,41.744038],[-1.080754,41.744006],[-1.08039,41.743896],[-1.080094,41.743747],[-1.079834,41.743599],[-1.079681,41.743479],[-1.079616,41.743442],[-1.079098,41.743064],[-1.07881,41.742857],[-1.078474,41.742639],[-1.07839,41.742586],[-1.077741,41.742213],[-1.077392,41.742004],[-1.076974,41.741722],[-1.0758,41.740909],[-1.075754,41.740878],[-1.07546,41.740684],[-1.075088,41.740439],[-1.074853,41.740273],[-1.074382,41.739914],[-1.074432,41.739874],[-1.075527,41.738825],[-1.075562,41.73865],[-1.075647,41.738368],[-1.077319,41.739026],[-1.080409,41.740244],[-1.082525,41.741081],[-1.083161,41.741331],[-1.084461,41.741893],[-1.086263,41.74276],[-1.087798,41.743502],[-1.091278,41.745186],[-1.092695,41.745867],[-1.093092,41.746054],[-1.09324,41.746124],[-1.094812,41.74687],[-1.096069,41.747477],[-1.096127,41.747518],[-1.096862,41.747904],[-1.097578,41.748294],[-1.101313,41.749703],[-1.101941,41.750001],[-1.102094,41.75013],[-1.103639,41.750948],[-1.104737,41.751651],[-1.106206,41.752621],[-1.106756,41.753148],[-1.107592,41.753945],[-1.108803,41.7551],[-1.109705,41.755943],[-1.110026,41.756259],[-1.109934,41.75629],[-1.109655,41.756406],[-1.109618,41.756424],[-1.109387,41.756524],[-1.109316,41.756675],[-1.109136,41.756862],[-1.108793,41.756847],[-1.108278,41.757019],[-1.10814,41.756998],[-1.107882,41.756994],[-1.107526,41.757006],[-1.107133,41.757081],[-1.106688,41.7571],[-1.106327,41.757081],[-1.10616,41.757033],[-1.106081,41.757063],[-1.105856,41.757163],[-1.105632,41.757205],[-1.103545,41.757418],[-1.10369,41.757186]]]}}]}